COD_ACIDENTE;DIA;MES;ANO;HORA;INTERSECAO;LOG1;LOG2;LOG3;NUMERO;REFERENCIA;NATUREZA;ILUMINACAO;TEMPO;SUPERFICIEPISTA;TIPOCRUZAMENTO;CONTROLETRAFEGO;USOSOLO;MORTOS;FERIDOS;ILESOS;AUTOMOVEL;ONIBUS;BICICLETA;CAMINHAO;MICROONIBUS;CICLOMOTOR;MOTOCICLETA;TRACAOANIMAL;TREM;LATITUDE;LONGITUDE;METODO
354874;29;1;2020;20:33;0;RUA NOSSA SRA DAS GRACAS;;;942;;ColisÃ£o;;;;Meio de Quadra;;;0;1;1;1;0;0;0;0;0;1;0;0;"-3;70937388200";"-38;55642312000";mq_match
354875;29;1;2020;22:00;0;RUA TULIPA;;;777;;Atropelamento;;;;Meio de Quadra;;;0;3;0;0;0;0;0;0;0;1;0;0;"-3;71737358000";"-38;58062100000";mq_qgis
354876;29;1;2020;19:46;0;AV DOMINGOS OLIMPIO;;;1301;;Atropelamento;;;;Meio de Quadra;;;0;1;1;0;0;0;0;0;0;1;0;0;"-3;73527800000";"-38;53521900000";mq_qgis
354568;29;1;2020;5:55;25232;AV PRS COSTA E SILVA;AV M CJ JOSE WALTER;;;;ColisÃ£o Transversal;Amanhecer;Bom;Seca;T;Pare;Comercial;0;2;1;1;0;0;0;0;0;1;0;0;"-3;82209800000";"-38;55497300000";inter_match
354588;29;1;2020;14:20;0;RD CE-060;;;;KM-02;ColisÃ£o;Luz do Dia;;;Meio de Quadra;;;0;0;2;1;0;0;0;0;0;0;0;0;"-3;83406400000";"-38;58211100000";rod_match
354589;29;1;2020;17:10;0;RD CE-060;;;;KM-02;ColisÃ£o;Anoitecer;;;Meio de Quadra;;;0;0;2;1;0;0;0;0;0;0;0;0;"-3;83406400000";"-38;58211100000";rod_match
354590;29;1;2020;18:20;0;RD CE-060;;;;KM-02;ColisÃ£o;Anoitecer;;;Meio de Quadra;;;0;0;2;1;0;0;1;0;0;0;0;0;"-3;83406400000";"-38;58211100000";rod_match
359438;29;1;2020;20:40;0;RUA 860 CJ CEARA;;;;;ColisÃ£o;;;;Meio de Quadra;;;1;0;0;0;0;0;0;0;0;1;0;0;"-3;76933800000";"-38;59914300000";fat_match
354591;30;1;2020;10:00;0;RD CE-040;;;;KM-02;ColisÃ£o;Luz do Dia;;;Meio de Quadra;;;0;0;2;0;0;0;1;0;0;0;0;0;"-3;77361614800";"-38;48179940000";rod_match
354592;30;1;2020;11:00;0;RD CE-040;;;2567;KM-11;ColisÃ£o;Luz do Dia;;;Meio de Quadra;;;0;1;2;1;1;0;0;0;0;0;0;0;"-3;84962623000";"-38;47606989000";rod_match
354597;30;1;2020;7:00;0;RD BR 116;;;5300;KM-05;ColisÃ£o Lateral;Luz do Dia;Nublado;Seca;Meio de Quadra;;;0;0;2;1;1;0;0;0;0;0;0;0;"-3;79650200000";"-38;50678700000";rod_match
354867;30;1;2020;2:31;7982;RUA MAJ WEYNE;RUA CARLOS CAMARA;;;;Queda;;;;Cruz;Pare;Residencial;0;1;0;0;0;0;0;0;0;1;0;0;"-3;74860000000";"-38;54449700000";inter_match
354852;30;1;2020;7:55;0;RUA GERALDO MAGALHAES;;;;;Queda;Luz do Dia;;;Meio de Quadra;;;0;1;0;0;0;0;0;0;0;1;0;0;;;
354735;30;1;2020;11:59;0;AV JOR THOMAZ COELHO;;;2550;;ColisÃ£o Transversal;Luz do Dia;Nublado;Seca;Meio de Quadra;NÃ£o HÃ¡ Controle;Comercial;0;2;1;0;0;0;0;1;0;1;0;0;"-3;82815289500";"-38;51701974600";mq_match
354736;30;1;2020;13:14;183;AV CEL CARVALHO;AV SGT HERMINIO SAMPAIO;;;;ColisÃ£o Transversal;Luz do Dia;Bom;Seca;Cruz;SemÃ¡foro;Comercial;0;1;1;1;0;0;0;0;0;1;0;0;"-3;73381040000";"-38;58428510000";inter_match
354737;30;1;2020;12:00;12407;RUA MELO DE OLIVEIRA;RUA ALUISIO AZEVEDO;;;;ColisÃ£o Transversal;Luz do Dia;Bom;Seca;Cruz;Pare;Residencial;0;1;2;0;0;0;0;0;0;1;0;0;"-3;77109800000";"-38;57748600000";inter_match
354738;30;1;2020;18:31;12863;AV DOMINGOS OLIMPIO;RUA FLORIANO PEIXOTO;;;;Engavetamento;Via Iluminada;Bom;Seca;Cruz;Gesto;Comercial;0;1;2;1;0;0;0;0;0;0;0;0;"-3;73697600000";"-38;53031300000";inter_match
354739;30;1;2020;17:45;0;AV JOSE BASTOS;;;4699;AUTO SHOPPING;ColisÃ£o;Anoitecer;Bom;Seca;Outros;SemÃ¡foro;Comercial;0;1;1;1;0;0;0;0;0;1;0;0;"-3;75718300000";"-38;55907100000";mq_qgis
354743;30;1;2020;9:06;25120;AV DOLOR BARREIRA;AV SANTOS DUMONT;;;;ColisÃ£o Transversal;Luz do Dia;Bom;Seca;Cruz;Pare;Residencial;0;1;1;1;0;0;0;0;0;1;0;0;"-3;74736300000";"-38;46379400000";inter_match
354803;30;1;2020;20:52;0;RUA AUSTRIA;;;377;;NÃ£o Informado;;;;Meio de Quadra;;;0;1;1;0;0;0;0;0;0;0;0;1;"-3;78914678000";"-38;57428060000";mq_qgis
354804;30;1;2020;18:58;0;RUA CARLOS VASCONCELOS;;;137;;Queda;;;;Meio de Quadra;;;0;1;0;0;0;1;0;0;0;0;0;0;"-3;72314900000";"-38;50761200000";mq_qgis
354845;30;1;2020;8:52;0;AV DOMINGOS OLIMPIO;;;2009;;Queda;Luz do Dia;;;Meio de Quadra;;;0;1;0;0;0;0;0;0;0;1;0;0;"-3;73340900000";"-38;54101500000";mq_qgis
354864;30;1;2020;6:50;0;AV PRS COSTA E SILVA;;;680;;NÃ£o Informado;Luz do Dia;;;Meio de Quadra;;;0;1;0;0;0;0;0;0;0;1;0;0;"-3;81231706000";"-38;57323880000";mq_qgis
354865;30;1;2020;6:14;0;RUA DIOGO CORREIA;;;2268;;Atropelamento;Luz do Dia;;;Meio de Quadra;;;0;1;1;1;0;0;0;0;0;0;0;0;"-3;77087510000";"-38;59016740000";mq_gpsv
354850;30;1;2020;7:58;0;RUA PDE VALDEVINO;;;1740;;Queda;Luz do Dia;;;Meio de Quadra;;;0;1;0;0;0;0;0;0;0;1;0;0;"-3;74159647000";"-38;50899800000";mq_qgis
354857;30;1;2020;7:52;1276;RUA CARLOS VASCONCELOS;RUA PDE LUIS FIGUEIRA;;;;ColisÃ£o;Luz do Dia;;;Outros;Outros;Residencial;0;1;1;1;0;0;0;0;0;1;0;0;"-3;73350900000";"-38;51096200000";inter_match
354858;30;1;2020;7:39;17434;RUA EDITE BRAGA;RUA CESAR ROSSAS;;;;ColisÃ£o;Luz do Dia;;;Cruz;Pare;Comercial;0;1;1;1;0;0;0;0;0;1;0;0;"-3;76890600000";"-38;55386900000";inter_match
354859;30;1;2020;7:19;21372;AV JOVITA FEITOSA;RUA JOSE SOMBRA;;;;ColisÃ£o;Luz do Dia;;;T;SemÃ¡foro;Residencial;0;1;1;1;0;0;0;0;0;1;0;0;"-3;73776300000";"-38;54630100000";inter_match
354860;30;1;2020;6:43;0;RUA DEMETRIO MENEZES;;;3622;;Queda;Luz do Dia;;;Meio de Quadra;;;0;1;0;0;0;0;0;0;0;1;0;0;"-3;73512300000";"-38;58416600000";mq_match
354861;30;1;2020;6:21;0;AV AGUANAMBI;;;176;;ColisÃ£o;Luz do Dia;;;Meio de Quadra;;;0;1;1;0;0;1;0;0;0;1;0;0;"-3;73842197300";"-38;52452722000";mq_match
354814;30;1;2020;15:03;10957;RUA ALM RUBIM;RUA VILA LOBOS;;;;Atropelamento;Luz do Dia;;;Cruz;Pare;Residencial;0;1;1;0;1;0;0;0;0;0;0;0;"-3;77213700000";"-38;55708100000";inter_match
354815;30;1;2020;14:16;0;RUA SOUSA PINTO;;;613;;Queda;Luz do Dia;;;Meio de Quadra;;;0;1;0;0;0;1;0;0;0;0;0;0;"-3;76269752000";"-38;51353070000";mq_qgis
354816;30;1;2020;14:14;0;RUA EQUADOR;;;846;;ColisÃ£o;Luz do Dia;;;Meio de Quadra;;;0;1;1;1;0;0;0;0;0;1;0;0;"-3;77484300000";"-38;55265550000";mq_qgis
354817;30;1;2020;13:33;25697;RUA JOAO CORDEIRO;RUA ROCHA LIMA;;;;ColisÃ£o;Luz do Dia;;;Cruz;Pare;Residencial;0;1;1;1;0;0;0;0;0;1;0;0;"-3;73800000000";"-38;51727500000";inter_match
354818;30;1;2020;13:11;0;AV JOSE BASTOS;;;3910;;ColisÃ£o;Luz do Dia;;;Meio de Quadra;;;0;1;1;1;0;0;0;0;0;1;0;0;"-3;75262550000";"-38;55308500000";mq_qgis
354819;30;1;2020;12:32;0;RUA URUCUTUBA;;;1515;;ColisÃ£o;Luz do Dia;;;Meio de Quadra;;;0;1;1;1;0;0;0;0;0;1;0;0;"-3;79762475000";"-38;60852870000";mq_qgis
354820;30;1;2020;12:34;0;RUA STA TEREZINHA DO MEN JES E DA SAG FACE;;;;;ColisÃ£o;Luz do Dia;;;Meio de Quadra;;;0;1;1;1;0;1;0;0;0;0;0;0;;;
354821;30;1;2020;12:11;15832;RUA EDUARDO PORTO;RUA PDE PEDRO DE ALENCAR;;;;Atropelamento;Luz do Dia;;;;;;0;1;1;0;0;0;0;0;0;1;0;0;"-3;83274100000";"-38;49402900000";inter_match
354822;30;1;2020;11:34;0;AV TEN LISBOA;;;1214;;Atropelamento;Luz do Dia;;;Meio de Quadra;;;0;1;1;0;0;0;0;0;0;0;0;1;"-3;72786125000";"-38;57596650000";mq_qgis
354823;30;1;2020;11:34;3010;RUA URUCUTUBA;RUA CEL VIRGILIO NOGUEIRA (BOM JARDIM);;;;Queda;Luz do Dia;;;Cruz;NÃ£o HÃ¡ Controle;Comercial;0;1;0;0;0;1;0;0;0;0;0;0;"-3;79807960000";"-38;61174570000";inter_match
354824;30;1;2020;10:52;0;AV MIN JOSE AMERICO;;;;CAMBEBA;Queda;Luz do Dia;;;Meio de Quadra;;;0;1;0;0;0;0;0;0;0;1;0;0;;;
354825;30;1;2020;10:00;0;AV GAL OSORIO DE PAIVA;;;4477;;ColisÃ£o;Luz do Dia;;;Meio de Quadra;;;0;1;1;1;0;0;0;0;0;1;0;0;"-3;79774600000";"-38;59530000000";mq_match
354826;30;1;2020;8:38;0;AV SIQUEIRA CAMPOS;;;894;;ColisÃ£o;Luz do Dia;;;Meio de Quadra;;;0;1;1;0;0;0;0;0;0;1;0;0;"-3;81750900000";"-38;62299500000";mq_match
354827;30;1;2020;9:03;0;AV PRS COSTA E SILVA;;;;JOSE WALTER;ColisÃ£o;Luz do Dia;;;Meio de Quadra;;;0;1;1;1;0;0;0;0;0;1;0;0;;;
354811;30;1;2020;18:46;0;AV AMERICO BARREIRA;;;;;ColisÃ£o;;;;Meio de Quadra;;;0;1;1;1;0;0;0;0;0;1;0;0;;;
354812;30;1;2020;15:57;0;RUA 3 DE MAIO;;;1373;;Queda;Luz do Dia;;;Meio de Quadra;;;0;1;0;0;0;1;0;0;0;0;0;0;"-3;74795000000";"-38;56577000000";mq_gpsv
354808;30;1;2020;18:57;12614;AV CEL CARVALHO;RUA COS LAFAYETE;;;;ColisÃ£o;;;;;;;0;1;1;0;0;0;0;0;0;1;0;0;"-3;71751200000";"-38;58793800000";inter_match
355602;30;1;2020;12:00;5137;RUA GAL BEZERRIL;RUA CASTRO E SILVA;;;;NÃ£o Informado;Luz do Dia;;;Cruz;Pare;Comercial;0;0;1;0;0;0;0;0;0;0;0;0;"-3;72446100000";"-38;52553600000";inter_match
354799;31;1;2020;10:34;0;AV MIN JOSE AMERICO;;;1000;;ColisÃ£o;Luz do Dia;;;Meio de Quadra;;;0;1;1;1;0;0;0;0;0;1;0;0;"-3;80909860000";"-38;49120850000";mq_match
354800;31;1;2020;10:33;0;RUA DOS TREVOS;;;612;;Queda;Luz do Dia;;;Meio de Quadra;;;0;1;0;0;0;0;0;0;0;1;0;0;"-3;80145000000";"-38;59581000000";mq_gpsv
354801;31;1;2020;3:35;0;AV I CJ JOSE WALTER;;;901;;ColisÃ£o;;;;Meio de Quadra;;;0;1;1;1;0;0;0;0;0;1;0;0;"-3;83216280000";"-38;55284400000";mq_match
354802;31;1;2020;3:14;0;AV SEN CARLOS JEREISSATI (AEROPORTO);;;;;Atropelamento;;;;Meio de Quadra;;;0;1;1;1;0;0;0;0;0;0;0;0;;;
354795;31;1;2020;12:09;0;AV BEZERRA DE MENEZES;;;113;;Queda;Luz do Dia;;;Meio de Quadra;;;0;1;0;0;0;0;0;0;0;1;0;0;"-3;73178130000";"-38;54576040000";mq_match
354769;31;1;2020;18:30;17922;RUA SEN ALVARO ADOLFO;RUA DRACON BARRETO;;;;Queda;Anoitecer;;;;;;0;1;0;0;0;0;0;0;0;1;0;0;"-3;73306000000";"-38;57727000000";inter_gpsv
354792;31;1;2020;16:13;0;AV PRS CASTELO BRANCO;;;999;;ColisÃ£o;Luz do Dia;;;Meio de Quadra;;;0;1;1;1;0;0;0;0;0;1;0;0;"-3;71914100000";"-38;53251000000";mq_match
354793;31;1;2020;15:05;0;AV SEN FERNANDES TAVORA;;;790;;ColisÃ£o;Luz do Dia;;;Meio de Quadra;;;0;1;1;1;0;0;0;0;0;1;0;0;"-3;76344000000";"-38;57967000000";mq_gpsv
354744;31;1;2020;10:44;318;RUA ERICO MOTA;RUA DAMIAO FERNANDES;;;;ColisÃ£o;Luz do Dia;Chuva;Molhada;Cruz;Pare;Residencial;0;2;1;1;0;0;0;0;0;0;0;0;"-3;74448000000";"-38;56113000000";inter_gpsv
354745;31;1;2020;13:44;0;RUA LIVINO DE CARVALHO;RUA PARQUE IPIRANGA;;185;;NÃ£o Informado;Luz do Dia;Chuva;Molhada;Meio de Quadra;Pare;Residencial;0;1;1;0;0;0;0;0;0;1;0;0;"-3;77058170000";"-38;56023000000";inter_match
354746;31;1;2020;16:30;155;RUA PDE PERDIGAO SAMPAIO;RUA ANARIO BRAGA;;;;ColisÃ£o Lateral;Luz do Dia;Nublado;Material Derrapante;Cruz;Pare;Comercial;0;3;1;0;0;0;0;0;0;0;0;1;"-3;73639000000";"-38;59518000000";inter_gpsv
354751;31;1;2020;22:38;18729;RUA 35 CJ HAB ST S JOAO;RUA VERDE 2 CJ ST S.JOAO;;;;Atropelamento;;;;;;;0;1;1;1;0;0;0;0;0;0;0;0;"-3;84668700000";"-38;51902600000";inter_match
354752;31;1;2020;22:21;10998;RUA ALBERTO MAGNO;RUA DOM CARLOTO TAVORA;;;;ColisÃ£o;;;;Cruz;Pare;Residencial;0;1;1;1;0;0;0;0;0;1;0;0;"-3;77083200000";"-38;55349500000";inter_match
354757;31;1;2020;21:31;0;RUA JOSE MENDONCA;;;1278;;ColisÃ£o;;;;Meio de Quadra;;;0;1;1;1;0;0;0;0;0;1;0;0;"-3;75275000000";"-38;60135850000";mq_qgis
354758;31;1;2020;21:30;0;AV AUGUSTO DOS ANJOS;;;;;ColisÃ£o;;;;Meio de Quadra;;;0;3;0;1;0;0;0;0;0;1;0;0;;;
354759;31;1;2020;20:26;25345;RUA PORTO VELHO;RUA VITORIA (AV. PERIMETRAL);;;;ColisÃ£o;;;;Cruz;SemÃ¡foro;Comercial;0;1;1;1;0;0;0;0;0;1;0;0;"-3;76517000000";"-38;58852800000";inter_match
354760;31;1;2020;20:22;0;AV DR THEBERGE;;;1258;;ColisÃ£o;;;;Meio de Quadra;;;0;1;1;1;0;0;0;0;0;1;0;0;"-3;71362000000";"-38;56458000000";mq_gpsv
354761;31;1;2020;20:02;0;AV PAROARAS;;;1191;;ColisÃ£o;;;;Meio de Quadra;;;0;1;1;1;0;0;0;0;0;1;0;0;"-3;81472900000";"-38;53409800000";mq_match
354762;31;1;2020;19:56;0;RUA ANDRADE FURTADO;;;1069;;Atropelamento;;;;Meio de Quadra;;;0;1;1;0;0;0;0;0;0;1;0;0;"-3;74575000000";"-38;47965100000";mq_qgis
354774;31;1;2020;17:44;0;RUA HONORINA MAIA;;;239;;Atropelamento;Anoitecer;;;Meio de Quadra;;;0;1;1;0;1;0;0;0;0;0;0;0;"-3;85075000000";"-38;50147000000";mq_gpsv
354775;31;1;2020;17:34;3580;RUA CLEIA;RUA GERALDO SOARES;;;;ColisÃ£o;Anoitecer;;;T;NÃ£o HÃ¡ Controle;Residencial;0;1;1;1;0;0;0;0;0;1;0;0;"-3;82605530000";"-38;50809000000";inter_match
354765;31;1;2020;18:06;12457;AV AUGUSTO DOS ANJOS;AV SEN FERNANDES TAVORA;;;;ColisÃ£o;Anoitecer;;;;;;0;1;1;0;0;0;0;0;0;0;0;0;"-3;77015300000";"-38;57042700000";inter_match
354766;31;1;2020;18:44;0;RUA DNA MENDINHA;;;1548;;Atropelamento;;;;Meio de Quadra;;;0;1;1;0;0;0;0;0;0;1;0;0;"-3;71720500000";"-38;57298400000";mq_qgis
354740;31;1;2020;4:45;3209;RUA VITAL BRASIL;RUA ANSELMO NOGUEIRA;;0;;ColisÃ£o Transversal;Via Iluminada;Chuva;Molhada;Cruz;SemÃ¡foro;Comercial;0;0;1;0;1;0;0;0;0;0;0;0;"-3;78107200000";"-38;58718100000";inter_match
354741;31;1;2020;7:00;4189;AV PRS CASTELO BRANCO;RUA FRANCISCO CORDEIRO;;0;;ColisÃ£o Transversal;Luz do Dia;Chuva;Molhada;Cruz;SemÃ¡foro;Comercial;0;0;2;1;0;0;0;0;0;1;0;0;"-3;71311300000";"-38;55059300000";inter_match
354742;31;1;2020;6:15;3769;AV DOMINGOS OLIMPIO;RUA SEN POMPEU;;;;ColisÃ£o Transversal;Luz do Dia;Chuva;Molhada;Cruz;SemÃ¡foro;Comercial;0;2;1;0;1;0;0;0;0;1;0;0;"-3;73625400000";"-38;53245500000";inter_match
361472;31;1;2020;18:30;0;RUA VIRGILIO NETO;;;1388;;Atropelamento;Anoitecer;;;Meio de Quadra;;;1;0;1;0;0;0;0;0;0;1;0;0;"-3;83407700000";"-38;56746900000";mq_gpsv
354594;31;1;2020;16:30;0;RD CE-040;;;;KM-02;ColisÃ£o;Luz do Dia;;;Meio de Quadra;;;0;0;2;1;0;0;0;0;0;0;0;0;"-3;77361614800";"-38;48179940000";rod_match
356764;1;2;2020;0:42;0;RUA PRO OTAVIO LOBO;;;;;ColisÃ£o;;;;Meio de Quadra;;;0;1;1;0;0;0;0;0;0;0;0;0;;;
356779;1;2;2020;0:58;748;AV FRANCISCO SA;RUA FRANCISCO CALACA;;;;ColisÃ£o;;;;Y;Pare;Comercial;0;0;2;0;1;0;0;0;0;0;0;0;"-3;71231000000";"-38;57227500000";inter_match
355611;1;2;2020;10:02;0;RUA PESSOA ANTA;;;76;;ColisÃ£o Traseira;Luz do Dia;Bom;Seca;Meio de Quadra;NÃ£o HÃ¡ Controle;Comercial;0;0;1;0;1;0;0;0;0;0;0;0;"-3;72122170000";"-38;52245300000";mq_match
355612;1;2;2020;16:02;15204;RUA JULIO IBIAPINA;AV ABOLICAO;;;;ColisÃ£o Transversal;Luz do Dia;Bom;Seca;Cruz;SemÃ¡foro;Comercial;0;1;1;1;0;0;0;0;0;1;0;0;"-3;72667900000";"-38;49129000000";inter_match
355613;1;2;2020;17:19;20042;AV PRS JUSCELINO KUBITSCHEK (PASSARÃ‰);AV DEP PAULINO ROCHA;;0;;ColisÃ£o Traseira;Luz do Dia;Bom;Seca;RotatÃ³ria;NÃ£o HÃ¡ Controle;Lazer;0;1;1;0;0;0;0;0;0;1;0;0;"-3;80722900000";"-38;52478200000";inter_match
355614;1;2;2020;18:59;15245;AV ANTONIO JUSTA;RUA LEONARDO MOTA;;;;ColisÃ£o Traseira;Via Iluminada;Bom;Seca;Cruz;Pare;Residencial;0;3;0;0;0;0;0;0;0;1;0;0;"-3;72794500000";"-38;49354200000";inter_match
355615;1;2;2020;9:28;5440;AV HERACLITO GRACA;RUA RODRIGUES JUNIOR;;;;ColisÃ£o Transversal;Luz do Dia;Bom;Seca;Cruz;Pare;Comercial;0;1;1;1;0;0;0;0;0;1;0;0;"-3;73437400000";"-38;52183100000";inter_match
355534;1;2;2020;16:30;0;RD CE-040;;;;KM-09;Queda;Luz do Dia;;Seca;Meio de Quadra;;;0;1;0;0;0;0;0;0;0;1;0;0;"-3;83445089700";"-38;48246582000";rod_match
355535;1;2;2020;17:00;0;RD CE-040;;;;KM-07;ColisÃ£o;Anoitecer;;Seca;Meio de Quadra;;;0;0;3;1;0;0;0;0;0;0;0;0;"-3;81715944500";"-38;48303286000";rod_match
355536;1;2;2020;18:29;0;RD CE-040;;;;KM-07;ColisÃ£o;Anoitecer;;Seca;Meio de Quadra;;;0;0;2;1;0;0;0;0;0;0;0;0;"-3;81715944500";"-38;48303286000";rod_match
355643;1;2;2020;16:02;0;AV PRS JUSCELINO KUBITSCHEK (PASSARÃ‰);;;5451;;ColisÃ£o Traseira;Luz do Dia;Bom;Seca;Meio de Quadra;NÃ£o HÃ¡ Controle;Residencial;0;1;1;1;0;0;0;0;0;1;0;0;"-3;82333800000";"-38;53677900000";mq_match
355765;1;2;2020;0:32;0;AV PRO JOSE ARTHUR CARVALHO;;;;;Queda;;;;Meio de Quadra;;;0;1;0;0;0;0;0;0;0;1;0;0;;;
355766;1;2;2020;0:50;0;RUA CEL ALEXANDRINO;;;515;;Atropelamento;;;;Meio de Quadra;;;0;1;0;1;0;0;0;0;0;0;0;0;"-3;76464204000";"-38;55336290000";mq_qgis
355767;1;2;2020;2:15;0;RUA JOAQUIM NABUCO;;;2451;;ColisÃ£o;;;;Meio de Quadra;;;0;1;0;1;0;0;0;0;0;1;0;0;"-3;74684927000";"-38;50500600000";mq_qgis
355768;1;2;2020;4:33;0;AV AUGUSTO DOS ANJOS;;;1702;;ColisÃ£o;;;;Meio de Quadra;;;0;1;0;1;0;0;0;0;0;1;0;0;"-3;78092300000";"-38;57981600000";mq_qgis
355761;1;2;2020;0:08;0;AV ODILON GUIMARAES;;;;;Queda;;;;Meio de Quadra;;;0;1;0;0;0;0;0;0;0;1;0;0;;;
355921;1;2;2020;22:15;0;RD BR 222;;;;KM-01;ColisÃ£o Traseira;;;;Meio de Quadra;;;0;1;1;1;0;0;0;0;0;1;0;0;"-3;73769844400";"-38;57814693000";rod_match
355941;1;2;2020;5:08;0;RUA CON DE CASTRO;;;4677;;Acidente Pessoal;Amanhecer;;;Meio de Quadra;;;0;1;0;0;0;0;0;0;0;1;0;0;"-3;80644835000";"-38;59325260000";mq_qgis
355961;1;2;2020;7:29;0;AV F CJ CEARA;;;406;;Queda;Luz do Dia;;;Meio de Quadra;;;0;1;0;0;0;0;0;0;0;1;0;0;"-3;76405474000";"-38;60622050000";mq_qgis
355939;1;2;2020;4:39;0;RUA CASIMIRO DE ABREU;;;15;;Queda;;;;Meio de Quadra;;;0;1;0;0;0;1;0;0;0;0;0;0;"-3;77981000000";"-38;56098400000";mq_qgis
355966;1;2;2020;7:37;0;RUA MANUEL SATIRO;;;1156;;ColisÃ£o;Luz do Dia;;;Meio de Quadra;;;0;1;0;1;0;0;0;0;0;1;0;0;"-3;80802853000";"-38;57825480000";mq_qgis
355967;1;2;2020;8:31;0;RUA BAR SOBRAL;;;613;;ColisÃ£o;Luz do Dia;;;Meio de Quadra;;;0;1;1;1;0;0;0;0;0;1;0;0;"-3;76685142000";"-38;55447550000";mq_qgis
355973;1;2;2020;8:36;0;AV GAL OSORIO DE PAIVA;;;3470;;Atropelamento;Luz do Dia;;;Meio de Quadra;;;0;1;0;0;0;0;0;0;0;1;0;0;"-3;79146030000";"-38;58920000000";mq_match
355975;1;2;2020;8:43;0;RUA CEL FRANCISCO PEREIRA (MESSEJANA);;;401;;ColisÃ£o;Luz do Dia;;;Meio de Quadra;;;0;2;1;1;0;0;0;0;0;1;0;0;"-3;83245000000";"-38;49303000000";mq_gpsv
355978;1;2;2020;10:01;0;RUA AURELIANO LEAL;;;300;;Queda;Luz do Dia;;;Meio de Quadra;;;0;1;0;0;0;1;0;0;0;0;0;0;"-3;82391000000";"-38;58503000000";mq_gpsv
355979;1;2;2020;10:49;0;AV PRO GOMES DE MATOS;;;1666;;ColisÃ£o;Luz do Dia;;;Meio de Quadra;;;0;1;0;1;0;0;0;0;0;1;0;0;"-3;76614700000";"-38;54989400000";mq_match
355980;1;2;2020;14:42;10995;RUA 15 DE NOVEMBRO;RUA ALM RUBIM;;;;ColisÃ£o;Luz do Dia;;;Cruz;Pare;Comercial;0;0;1;0;0;0;0;0;0;1;0;0;"-3;76890700000";"-38;55593900000";inter_match
355981;1;2;2020;14:53;0;RUA JOSE CARLOS GURGEL NOGUEIRA;;;84;;ColisÃ£o;Luz do Dia;;;Meio de Quadra;;;0;2;0;1;0;0;1;0;0;0;0;0;"-3;73290300000";"-38;47381700000";mq_match
356008;1;2;2020;15:44;0;RUA SEN ALENCAR;;;1574;;Atropelamento;Luz do Dia;;;Meio de Quadra;;;0;1;1;0;0;0;0;0;0;0;0;0;"-3;72126363000";"-38;53929850000";mq_qgis
356009;1;2;2020;16:48;0;AV DR SILAS MUNGUBA;;;;;ColisÃ£o;Luz do Dia;;;Meio de Quadra;;;0;1;1;0;0;0;0;0;0;1;0;0;;;
356010;1;2;2020;17:00;0;AV DIOGUINHO;;;110;;Atropelamento;Anoitecer;;;Meio de Quadra;;;1;0;1;1;0;0;0;0;0;0;0;0;"-3;72672000000";"-38;46149000000";mq_gpsv
356011;1;2;2020;17:03;0;AV WASHINGTON SOARES;;;3150;;ColisÃ£o;Anoitecer;;;Meio de Quadra;;;0;1;0;1;0;0;0;0;0;1;0;0;"-3;85298000000";"-38;47468000000";mq_gpsv
356012;1;2;2020;17:39;18407;AV SGT HERMINIO SAMPAIO;RUA VIRGILIO BRIGIDO;;;;ColisÃ£o;Anoitecer;;;T;SemÃ¡foro Intermitente;Comercial;0;1;0;1;0;0;0;0;0;1;0;0;"-3;72809600000";"-38;57034000000";inter_match
356014;1;2;2020;19:15;0;AV CEL CARVALHO;;;;;Atropelamento;;;;Meio de Quadra;;;0;1;0;0;0;0;0;0;0;1;0;0;;;
356015;1;2;2020;19:56;0;AV ALBERTO CRAVEIRO;;;507;;Queda;;;;Meio de Quadra;;;0;1;0;0;0;0;0;0;0;1;0;0;"-3;78259100000";"-38;51647600000";mq_match
356016;1;2;2020;21:18;0;AV PRO GOMES DE MATOS;;;587;;ColisÃ£o;;;;Meio de Quadra;;;0;1;0;1;0;0;0;0;0;1;0;0;"-3;75889500000";"-38;54367500000";mq_qgis
356017;1;2;2020;21:48;0;AV CEL CARVALHO;;;;;ColisÃ£o;;;;Meio de Quadra;;;0;1;0;1;0;0;0;0;0;1;0;0;;;
356018;1;2;2020;22:00;0;RUA CEL MATOS DOURADO;;;1291;;ColisÃ£o;;;;Meio de Quadra;;;0;1;0;1;0;0;0;0;0;1;0;0;"-3;75112700000";"-38;58366600000";mq_match
356019;1;2;2020;22:45;0;AV WENEFRIDO MELO;;;;;Atropelamento;;;;Meio de Quadra;;;0;1;0;0;0;0;0;0;0;0;0;0;;;
356020;1;2;2020;22:57;0;RUA ALBERTO MAGNO;;;1521;;ColisÃ£o;;;;Meio de Quadra;;;0;1;0;0;0;0;0;0;0;1;0;0;"-3;76712700000";"-38;55191180000";mq_qgis
355999;1;2;2020;14:56;0;RUA TEODOMIRO DE CASTRO;;;629;;ColisÃ£o;Luz do Dia;;;Meio de Quadra;;;0;1;0;0;0;0;0;0;0;0;0;0;"-3;72042000000";"-38;56935000000";mq_gpsv