COD_ACIDENTE;DIA;MES;ANO;HORA;INTERSECAO;LOG1;LOG2;LOG3;NUMERO;REFERENCIA;NATUREZA;ILUMINACAO;TEMPO;SUPERFICIEPISTA;TIPOCRUZAMENTO;CONTROLETRAFEGO;USOSOLO;MORTOS;FERIDOS;ILESOS;AUTOMOVEL;ONIBUS;BICICLETA;CAMINHAO;MICROONIBUS;CICLOMOTOR;MOTOCICLETA;TRACAOANIMAL;TREM;LATITUDE;LONGITUDE;METODO
356217;17;2;2020;21:23;0;ET DO FIO (MESSEJANA);;;;;ColisÃ£o;;;;Meio de Quadra;;;0;2;0;0;0;0;0;0;0;1;0;0;;;
356218;17;2;2020;21:33;0;RUA PORTO VELHO;;;982;;Queda;;;;Meio de Quadra;;;0;1;0;0;0;0;0;0;0;1;0;0;"-3;76477200000";"-38;58926500000";mq_match
356219;17;2;2020;22:11;0;AV MOZART PINHEIRO DE LUCENA;;;1075;;Queda;;;;Meio de Quadra;;;0;2;0;0;0;0;0;0;0;1;0;0;"-3;71221390600";"-38;59394000000";mq_match
356220;17;2;2020;22:35;0;AV DES GONZAGA;;;1726;;Queda;;;;Meio de Quadra;;;0;1;0;0;0;0;0;0;0;1;0;0;"-3;80029380000";"-38;49801050000";mq_match
355936;17;2;2020;17:00;0;RD BR 222;;;;KM-02;Atropelamento;Anoitecer;Bom;Seca;Meio de Quadra;;;0;2;0;0;0;0;0;0;0;1;0;0;"-3;74036240000";"-38;59699610000";rod_match
355937;17;2;2020;17:30;0;RD BR 116;;;;KM-13;ColisÃ£o;Anoitecer;Nublado;Seca;Meio de Quadra;;;0;1;1;1;0;1;0;0;0;0;0;0;"-3;86467000000";"-38;49772700000";rod_match
355697;17;2;2020;6:11;9132;AV 13 DE MAIO;RUA JAIME BENEVOLO;;;;ColisÃ£o Transversal;Luz do Dia;Chuva;Molhada;Cruz;SemÃ¡foro;Comercial;0;1;1;1;0;0;0;0;0;1;0;0;"-3;74812200000";"-38;53074100000";inter_match
355698;17;2;2020;8:30;19859;RUA ARMANDO MONTEIRO;RUA SAO MATEUS D14;;0;;ColisÃ£o Transversal;Luz do Dia;Chuva;Molhada;Cruz;Pare;Residencial;0;0;2;1;0;0;0;0;0;0;0;0;"-3;76285400000";"-38;53828000000";inter_match
355699;17;2;2020;11:40;24221;RUA JOSE CARLOS GURGEL NOGUEIRA;RUA PRO HERACLITO;;;;ColisÃ£o Transversal;Luz do Dia;Nublado;Seca;Cruz;Pare;Residencial;0;1;1;1;0;0;0;0;0;0;0;0;"-3;73297300000";"-38;47386000000";inter_match
355700;17;2;2020;12:20;0;AV DR SILAS MUNGUBA;;;0;;ColisÃ£o Lateral;Luz do Dia;Nublado;Seca;Meio de Quadra;NÃ£o HÃ¡ Controle;Comercial;0;1;1;1;0;0;0;0;0;1;0;0;"-3;79381180000";"-38;53425200000";mq_match
355701;17;2;2020;14:00;12864;AV DOMINGOS OLIMPIO;RUA ASSUNCAO;;0;;ColisÃ£o Traseira;Luz do Dia;Bom;Seca;Cruz;SemÃ¡foro;Comercial;0;0;2;1;0;0;0;0;0;0;0;0;"-3;73719200000";"-38;52954800000";inter_match
355702;17;2;2020;14:48;0;AV DR ALDY MENTOR;;;7804;;Queda;Luz do Dia;Bom;Seca;Meio de Quadra;NÃ£o HÃ¡ Controle;Residencial;0;2;0;0;0;0;0;0;0;1;0;0;"-3;75367050000";"-38;46248000000";mq_match
355703;17;2;2020;18:30;24337;RUA JORGE ACURCIO;RUA ABELARDO MARINHO;;;;ColisÃ£o;Anoitecer;Bom;Seca;Cruz;Pare;Residencial;0;1;1;1;0;0;0;0;0;1;0;0;"-3;76406000000";"-38;53109000000";inter_gpsv
355704;17;2;2020;20:20;0;AV LAURO VIEIRA CHAVES;;;1476;;ColisÃ£o Lateral;Via Iluminada;Bom;Seca;Meio de Quadra;Pare;Residencial;0;0;2;1;0;0;0;0;0;0;0;0;"-3;77197400000";"-38;54033100000";mq_qgis
355581;17;2;2020;7:20;0;AV SEN CARLOS JEREISSATI (AEROPORTO);;;;KM 01;ColisÃ£o;Luz do Dia;Bom;Seca;Meio de Quadra;;;0;0;2;1;0;0;0;0;0;0;0;0;"-3;78375300000";"-38;52685000000";rod_match
355582;17;2;2020;18:20;0;RD CE-040;;;;KM-07;ColisÃ£o;Anoitecer;Bom;Seca;Meio de Quadra;;;0;0;2;1;0;0;0;0;0;0;0;0;"-3;81715944500";"-38;48303286000";rod_match
356753;17;2;2020;17:10;0;AV SEN VIRGILIO TAVORA;;;130;;ColisÃ£o;Anoitecer;;;Meio de Quadra;;;0;1;1;0;0;0;1;0;0;0;0;0;"-3;72989800000";"-38;49095400000";mq_qgis
356751;18;2;2020;5:50;0;AL VERBENAS;;;;;ColisÃ£o;Amanhecer;;;Meio de Quadra;;;0;0;2;1;0;0;0;0;0;0;0;0;;;
356752;18;2;2020;9:05;12864;AV DOMINGOS OLIMPIO;RUA ASSUNCAO;;;;ColisÃ£o;Luz do Dia;;;Cruz;SemÃ¡foro;Comercial;0;0;2;0;0;0;0;0;0;0;0;0;"-3;73719200000";"-38;52954800000";inter_match
355586;18;2;2020;16:30;0;RD CE-040;;;;KM-02;ColisÃ£o;Luz do Dia;Bom;Seca;Meio de Quadra;;;0;0;2;1;1;0;0;0;0;0;0;0;"-3;77361614800";"-38;48179940000";rod_match
355705;18;2;2020;6:47;5123;RUA CASTRO E SILVA;RUA MAJ FACUNDO;;;;ColisÃ£o Transversal;Luz do Dia;Bom;Seca;Cruz;SemÃ¡foro;Comercial;0;2;1;1;0;0;0;0;0;1;0;0;"-3;72408200000";"-38;52670300000";inter_match
355706;18;2;2020;8:10;7637;AV CARNEIRO DE MENDONCA;RUA NETUNO;;;;Engavetamento;Luz do Dia;Bom;Seca;T;SemÃ¡foro;Comercial;0;1;3;1;0;0;0;0;0;0;0;0;"-3;76151800000";"-38;57159200000";inter_match
355707;18;2;2020;10:15;0;AV BEZERRA DE MENEZES;;;2207;;Atropelamento;Luz do Dia;Bom;Seca;;;;0;1;1;0;0;0;0;0;0;1;0;0;"-3;73567100000";"-38;56446700000";mq_match
355708;18;2;2020;8:31;9273;RUA BARTOLOMEU DE GUSMAO;RUA LUCIANO MAGALHAES;;;;ColisÃ£o Lateral;Luz do Dia;Bom;Seca;T;Pare;Residencial;0;1;1;1;0;0;0;0;0;1;0;0;"-3;75848000000";"-38;52718000000";inter_gpsv
355709;18;2;2020;9:35;17547;RUA DR JOSE LINO;RUA CASTRO MONTE;;;;ColisÃ£o Lateral;Luz do Dia;Nublado;Seca;Cruz;NÃ£o HÃ¡ Controle;Residencial;0;1;1;1;0;0;0;0;0;1;0;0;"-3;72963000000";"-38;48620000000";inter_gpsv
355710;18;2;2020;13:51;0;RUA JOAQUIM TORRES;;;2409;;NÃ£o Informado;Luz do Dia;Chuva;Molhada;Meio de Quadra;Pare;Comercial;0;1;0;0;0;0;0;0;0;1;0;0;"-3;74192370000";"-38;51632440000";mq_qgis
355711;18;2;2020;15:54;5433;RUA METON DE ALENCAR;RUA MAJ FACUNDO;;;;ColisÃ£o Transversal;Luz do Dia;Nublado;Seca;Cruz;Pare;Comercial;0;1;1;0;0;0;0;0;0;1;0;0;"-3;73391700000";"-38;52989900000";inter_match
355712;18;2;2020;16:42;0;RUA SAMUEL UCHOA;;;581;;ColisÃ£o Frontal;Luz do Dia;Nublado;Seca;Meio de Quadra;Pare;Residencial;0;1;1;1;0;0;0;0;0;1;0;0;"-3;75453362000";"-38;54557610000";mq_qgis
355713;18;2;2020;18:44;0;RUA GAL SAMPAIO;;;1321;;Atropelamento;Via Iluminada;Bom;Seca;Meio de Quadra;SemÃ¡foro;Comercial;1;0;1;0;1;0;0;0;0;0;0;0;"-3;72993951000";"-38;53168480000";mq_qgis
355714;18;2;2020;20:40;7529;RUA PEDRO DANTAS;RUA CHICO MOTA;;;;ColisÃ£o Transversal;Via Iluminada;Bom;Seca;Cruz;Pare;Residencial;0;1;1;0;0;0;0;0;0;1;0;0;"-3;78591400000";"-38;52190800000";inter_match
355938;18;2;2020;19:30;0;AV MR HULL;;;;;Choque c/ ObstÃ¡culo Fixo;;Bom;Seca;Meio de Quadra;;;0;0;1;0;1;0;0;0;0;0;0;0;;;
356241;18;2;2020;18:00;12788;RUA DELMIRO FARIAS;RUA GRIJALVA COSTA;;;;ColisÃ£o;Anoitecer;;;Cruz;Pare;Misto;0;2;1;1;0;0;0;0;0;1;0;0;"-3;75399000000";"-38;54344000000";inter_gpsv
356239;18;2;2020;17:53;0;RUA MONTE LIBANO;;;200;;Queda;Anoitecer;;;Meio de Quadra;;;0;1;0;0;0;0;0;0;0;1;0;0;"-3;82228750000";"-38;56000300000";mq_qgis
356222;18;2;2020;7:21;0;AV GAL OSORIO DE PAIVA;;;;;ColisÃ£o;Luz do Dia;;;Meio de Quadra;;;0;1;1;1;0;0;0;0;0;1;0;0;;;
356223;18;2;2020;7:36;0;AV GODOFREDO MACIEL;;;434;;ColisÃ£o;Luz do Dia;;;Meio de Quadra;;;0;1;1;1;0;0;0;0;0;1;0;0;"-3;77997497000";"-38;56484500000";mq_qgis
356224;18;2;2020;8:12;0;AV OLIVEIRA PAIVA;;;1350;;ColisÃ£o;Luz do Dia;;;Meio de Quadra;;;0;1;1;0;0;0;0;0;0;1;0;0;"-3;79548047100";"-38;49430361000";mq_match
356225;18;2;2020;8:18;0;RUA ARTUR DE CARVALHO;;;461;;ColisÃ£o;Luz do Dia;;;Meio de Quadra;;;0;1;1;0;0;0;1;0;0;1;0;0;;;
356226;18;2;2020;8:22;0;RUA COSME DE ALMEIDA;;;30;;ColisÃ£o;Luz do Dia;;;Meio de Quadra;;;0;1;1;1;0;0;0;0;0;1;0;0;"-3;85073000000";"-38;49688000000";mq_gpsv
356227;18;2;2020;8:53;0;AV B CJ JOSE WALTER;;;501;;Atropelamento;Luz do Dia;;;Meio de Quadra;;;0;1;1;1;0;0;0;0;0;0;0;0;"-3;82592700000";"-38;55777500000";mq_qgis
356229;18;2;2020;9:46;0;AV GAL OSORIO DE PAIVA;;;;;ColisÃ£o;Luz do Dia;;;Meio de Quadra;;;0;1;1;0;0;0;0;0;0;1;0;0;;;
356230;18;2;2020;10:10;7391;RUA CURITIBA;RUA ARACAJU;;;;ColisÃ£o;Luz do Dia;;;Cruz;Pare;Misto;0;2;0;0;0;0;0;0;0;1;0;0;"-3;75840000000";"-38;58685000000";inter_gpsv
356231;18;2;2020;11:32;0;RD BR 116;;;;;ColisÃ£o;Luz do Dia;;;Meio de Quadra;;;0;1;1;1;0;0;0;0;0;1;0;0;;;
356232;18;2;2020;11:35;0;RUA HOLANDA;;;701;;ColisÃ£o;Luz do Dia;;;Meio de Quadra;;;0;1;1;1;0;0;0;0;0;1;0;0;"-3;75879530000";"-38;56513200000";mq_match
356233;18;2;2020;12:06;0;AV GODOFREDO MACIEL;;;3511;;Queda;Luz do Dia;;;Meio de Quadra;;;0;2;0;0;0;1;0;0;0;0;0;0;"-3;80628300000";"-38;57297800000";mq_match
356234;18;2;2020;12:25;0;RUA BAR ARACATI;;;2409;;Atropelamento;Luz do Dia;;;Meio de Quadra;;;0;1;1;0;0;0;0;0;0;1;0;0;"-3;74267000000";"-38;51517000000";mq_gpsv
356235;18;2;2020;12:56;0;RUA CIDADE PALHANO;;;668;;Atropelamento;Luz do Dia;;;Meio de Quadra;;;0;1;1;0;0;0;0;0;0;1;0;0;"-3;71750000000";"-38;59458000000";mq_gpsv
356236;18;2;2020;13:00;0;RUA NUNES VALENTE;;;2097;;ColisÃ£o;Luz do Dia;;;Meio de Quadra;;;0;1;1;1;0;0;0;0;0;1;0;0;"-3;74271432000";"-38;50581630000";mq_qgis
356237;18;2;2020;16:26;9495;RUA ALTANEIRA;RUA RIO TOCANTINS;;;;ColisÃ£o;Luz do Dia;;;;;;0;1;1;1;0;0;0;0;0;1;0;0;"-3;72729000000";"-38;58157000000";inter_gpsv
356245;18;2;2020;19:07;0;AV JOAO PESSOA;;;6291;;ColisÃ£o;;;;Meio de Quadra;;;0;1;1;1;0;0;0;0;0;1;0;0;"-3;76532536000";"-38;55902100000";mq_qgis
356246;18;2;2020;19:51;0;RUA TAB FABIAO;;;114;;ColisÃ£o;;;;Meio de Quadra;;;0;1;1;0;0;0;0;0;0;0;0;0;"-3;73366714000";"-38;56546300000";mq_qgis
356243;18;2;2020;19:05;0;RUA TEODOMIRO DE CASTRO;;;6490;;ColisÃ£o;;;;Meio de Quadra;;;0;1;1;0;0;0;0;0;0;0;0;0;"-3;71618500000";"-38;57858400000";mq_qgis
356286;18;2;2020;20:05;0;AV FILOMENO GOMES;;;1275;;Queda;;;;Meio de Quadra;;;0;1;0;0;0;0;0;0;0;1;0;0;;;
356287;18;2;2020;20:13;0;AV BEIRA MAR;;;;;Queda;;;;Meio de Quadra;;;0;1;0;0;0;1;0;0;0;0;0;0;;;
356288;18;2;2020;21:20;0;RUA GUILHERME PESSOA;;;683;;ColisÃ£o;;;;Meio de Quadra;;;0;1;1;1;1;0;0;0;0;0;0;0;"-3;82694925000";"-38;48918360000";mq_qgis
356289;18;2;2020;23:14;0;RUA ALMEIDA REGO;;;686;;Atropelamento;;;;Meio de Quadra;;;0;1;1;1;0;0;0;0;0;0;0;0;"-3;81239733000";"-38;49276030000";mq_qgis
356290;19;2;2020;2:16;0;AV PRS COSTA E SILVA;;;;JOSE WALTER;Choque c/ ObstÃ¡culo Fixo;;;;Meio de Quadra;;;0;1;0;1;0;0;0;0;0;0;0;0;;;
356291;19;2;2020;6:36;0;AV ENG HUMBERTO MONTE;;;2023;;Queda;Luz do Dia;;;Meio de Quadra;;;0;1;0;0;0;0;0;0;0;1;0;0;"-3;74342309000";"-38;56514990000";mq_qgis
356292;19;2;2020;7:02;0;RUA MANUEL MOURA;;;191;;ColisÃ£o;Luz do Dia;;;Meio de Quadra;;;0;1;1;0;0;0;0;0;0;1;0;0;"-3;71512000000";"-38;58272000000";mq_gpsv
356293;19;2;2020;7:54;25242;RUA PRISCO BEZERRA;RUA FAUSTO CABRAL;;;;ColisÃ£o;Luz do Dia;;;Cruz;Pare;Residencial;0;1;1;1;0;0;0;0;0;1;0;0;"-3;73507170000";"-38;47146000000";inter_match
356294;19;2;2020;10:36;24912;RUA ROSINHA SAMPAIO;RUA ANTONIO ARRUDA;;;;ColisÃ£o;Luz do Dia;;;Cruz;NÃ£o HÃ¡ Controle;Residencial;0;1;1;1;0;0;0;0;0;1;0;0;"-3;72481600000";"-38;59537500000";inter_match
356295;19;2;2020;11:28;0;AV CEL CARVALHO;;;2250;;ColisÃ£o;Luz do Dia;;;Meio de Quadra;;;0;1;1;0;0;0;0;0;0;0;0;0;"-3;72245400000";"-38;58660700000";mq_match
356296;19;2;2020;11:54;0;AV SEN FERNANDES TAVORA;;;965;;ColisÃ£o;Luz do Dia;;;Meio de Quadra;;;0;1;1;1;0;0;0;0;0;1;0;0;"-3;76243770800";"-38;58170316700";mq_match
356297;19;2;2020;12:01;1566;RUA PDE VALDEVINO;RUA SILVA PAULET;;;;Queda;Luz do Dia;;;Cruz;Pare;Comercial;0;1;0;0;0;0;0;0;0;1;0;0;"-3;74195700000";"-38;50785100000";inter_match
356298;19;2;2020;12:36;0;RUA BERNARDO MANUEL;;;13112;;ColisÃ£o;Luz do Dia;;;Meio de Quadra;;;0;2;1;1;0;0;0;0;0;1;0;0;"-3;83247167000";"-38;56152070000";mq_qgis
356347;19;2;2020;13:21;0;AV GODOFREDO MACIEL;;;2339;;Atropelamento;Luz do Dia;;;Meio de Quadra;;;0;1;1;1;0;0;0;0;0;0;0;0;"-3;79592622000";"-38;56974050000";mq_qgis
356348;19;2;2020;14:10;0;AV PRS JUSCELINO KUBITSCHEK (PASSARÃ‰);;;5888;;NÃ£o Informado;Luz do Dia;;;Meio de Quadra;;;0;1;1;0;0;0;0;0;0;1;0;0;"-3;82472000000";"-38;53855000000";mq_gpsv
356349;19;2;2020;14:17;0;AV PRS CASTELO BRANCO;;;4631;;ColisÃ£o;Luz do Dia;;;Meio de Quadra;;;0;1;1;1;0;0;0;0;0;1;0;0;"-3;70665309100";"-38;57320482000";mq_match
356350;19;2;2020;14:20;0;RUA JUVENCIO PORFIRIO SALES;;;55;;ColisÃ£o;Luz do Dia;;;Meio de Quadra;;;0;1;1;1;0;0;0;0;0;1;0;0;"-3;82625210000";"-38;58837890000";mq_gpsv
356351;19;2;2020;15:14;0;AV PRS CASTELO BRANCO;;;2675;;ColisÃ£o;Luz do Dia;;;Meio de Quadra;;;0;2;0;0;0;0;0;0;0;0;0;0;"-3;71277517400";"-38;55175257000";mq_match
356352;19;2;2020;16:32;0;RD CE-040;;;;;ColisÃ£o;Luz do Dia;;;Meio de Quadra;;;0;1;1;1;0;0;0;0;0;1;0;0;;;
356353;19;2;2020;17:39;0;AV GAL OSORIO DE PAIVA;;;5070;;ColisÃ£o;Anoitecer;;;Meio de Quadra;;;0;2;1;1;0;0;0;0;0;1;0;0;"-3;80282700000";"-38;60021700000";mq_qgis
356354;19;2;2020;19:19;0;AV BEZERRA DE MENEZES;;;1450;;ColisÃ£o;;;;Meio de Quadra;;;0;1;1;1;0;0;0;0;0;1;0;0;"-3;73423200000";"-38;55756800000";mq_match
356355;19;2;2020;19:26;0;AV PRS CASTELO BRANCO;;;;;ColisÃ£o;;;;Meio de Quadra;;;0;1;1;1;0;1;0;0;0;0;0;0;;;
356356;19;2;2020;19:54;0;RUA VITAL BRASIL;;;558;;Atropelamento;;;;Meio de Quadra;;;0;1;1;0;0;0;0;0;0;1;0;0;"-3;78134700000";"-38;58623560000";mq_qgis
356357;19;2;2020;20:41;0;RUA MANUEL DE CASTRO FEITOSA;;;100;;ColisÃ£o;;;;Meio de Quadra;;;0;1;1;0;0;0;0;0;0;0;0;0;"-3;80336000000";"-38;63528000000";mq_gpsv
356358;19;2;2020;21:43;22857;RUA DR JUSTA ARAUJO D45;RUA ANTONIO SIMOES;;;;ColisÃ£o;;;;Cruz;Pare;Comercial;0;1;1;1;0;0;0;0;0;1;0;0;"-3;77919000000";"-38;55125000000";inter_match
356359;19;2;2020;22:07;0;AV COS GOMES DE FREITAS (SAPIRANGA/COITE);;;3340;;Queda;;;;Meio de Quadra;;;0;1;0;0;0;0;0;0;0;1;0;0;"-3;79548700000";"-38;47741800000";mq_match
355940;19;2;2020;9:00;0;RD BR 222;;;;KM-03;Tombamento;Luz do Dia;Nublado;Molhada;Meio de Quadra;;;0;1;0;0;0;0;0;0;0;1;0;0;"-3;74030084800";"-38;59594097000";rod_match
355715;19;2;2020;7:09;26176;AV ODILON GUIMARAES;RUA AFONSO HENRIQUE;;;;ColisÃ£o;Luz do Dia;Nublado;Seca;T;Pare;Comercial;0;2;1;1;0;0;0;0;0;1;0;0;"-3;82672000000";"-38;48033000000";inter_match
355716;19;2;2020;7:45;19776;RUA AZEVEDO BOLAO;RUA MOREIRA DE SOUSA;;;;ColisÃ£o Transversal;Luz do Dia;Nublado;Molhada;Cruz;Pare;Residencial;0;1;1;1;0;0;0;0;0;1;0;0;"-3;73848900000";"-38;56673500000";inter_match
355717;19;2;2020;13:00;0;AV PASTEUR;RUA FRE TEOBALDO;;0;;ColisÃ£o Transversal;Luz do Dia;Bom;Seca;Meio de Quadra;Pare;Comercial;0;1;1;0;0;0;0;0;0;1;0;0;"-3;71777000000";"-38;56107000000";inter_gpsv
355718;19;2;2020;16:55;0;AV L CJ CEARA;RUA MIN ALBUQUERQUE LIMA;;0;;ColisÃ£o Lateral;Luz do Dia;Nublado;Seca;Cruz;Pare;Comercial;0;1;1;0;1;0;0;0;0;0;0;0;"-3;76993100000";"-38;60640000000";inter_match
355719;19;2;2020;18:12;0;AV DEP PAULINO ROCHA;;;2701;;ColisÃ£o Lateral;Anoitecer;Bom;Seca;T;SemÃ¡foro;Comercial;0;1;1;1;0;0;0;0;0;1;0;0;"-3;81007600000";"-38;51965200000";mq_match
355771;19;2;2020;19:30;23458;RUA PAULO FIRMEZA;RUA PRO CARVALHO;;;;ColisÃ£o Lateral;Via Iluminada;Chuva;Molhada;Cruz;Pare;Residencial;0;3;1;1;1;0;0;0;0;0;0;0;"-3;75723200000";"-38;51407800000";inter_match
355775;19;2;2020;10:20;22158;AV JOSE BASTOS;RUA GUSTAVO BRAGA;;;;ColisÃ£o Traseira;Luz do Dia;Nublado;Seca;T;SemÃ¡foro;Comercial;0;0;2;1;0;0;0;0;0;0;0;0;"-3;75153500000";"-38;55198900000";inter_match
356754;19;2;2020;16:25;0;RUA MIN ALBUQUERQUE LIMA;;;617;;ColisÃ£o;Luz do Dia;;;Meio de Quadra;;;0;0;1;0;0;0;0;0;0;0;0;0;"-3;76843790000";"-38;57552360000";mq_gpsv
356755;20;2;2020;14:10;5331;AV SANTOS DUMONT;RUA GONCALVES LEDO;;;;ColisÃ£o;Luz do Dia;;;Cruz;Pare;Comercial;0;0;2;1;0;0;0;0;0;1;0;0;"-3;73053500000";"-38;51584800000";inter_match
356756;20;2;2020;17:27;0;AV PDE ANTONIO TOMAS;;;;;ColisÃ£o;Anoitecer;;;Meio de Quadra;;;0;0;1;0;0;0;0;0;0;0;0;0;;;
355777;20;2;2020;0:10;0;RUA LINHA FERREA;;;;;ColisÃ£o Transversal;Mal Iluminada;Chuva;Molhada;Meio de Quadra;Cancela Danificada;Comercial;1;0;1;1;0;0;0;0;0;0;0;1;;;
355720;20;2;2020;12:45;0;RUA AZEVEDO BOLAO;;;1440;;ColisÃ£o Lateral;Luz do Dia;Nublado;Seca;Meio de Quadra;NÃ£o HÃ¡ Controle;Escola;0;1;0;1;0;0;0;0;0;0;0;0;"-3;73652900000";"-38;55708800000";mq_qgis
355721;20;2;2020;15:24;0;RUA PDE PEDRO DE ALENCAR;;;2021;;ColisÃ£o;Luz do Dia;Bom;Seca;Outros;NÃ£o HÃ¡ Controle;Escola;0;2;1;1;0;0;0;0;0;0;0;0;"-3;84553240000";"-38;49448400000";mq_match
355722;20;2;2020;13:07;0;AV PDE ANTONIO TOMAS;;;0;TUNEL JURACI MAGALHAES;ColisÃ£o Traseira;Luz do Dia;Bom;Seca;Outros;NÃ£o HÃ¡ Controle;Residencial;0;1;1;1;0;0;0;0;0;1;0;0;"-3;73962850000";"-38;50130400000";mq_boat
355942;20;2;2020;19:00;0;RD BR 116;;;;KM-14;Queda;;Chuva;Molhada;Meio de Quadra;;;0;2;0;0;0;0;0;0;0;1;0;0;"-3;87352300000";"-38;49924200000";rod_match
356361;20;2;2020;1:19;0;RUA IGUAPE;;;426;;Atropelamento;;;;Meio de Quadra;;;0;1;1;1;0;0;0;0;0;0;0;0;"-3;77503150000";"-38;57154930000";mq_qgis
356362;20;2;2020;6:42;0;AV DR SILAS MUNGUBA;;;1700;;ColisÃ£o;Luz do Dia;;;Meio de Quadra;;;0;1;1;1;0;0;0;0;0;1;0;0;"-3;78481603100";"-38;55302357000";mq_match
356363;20;2;2020;7:10;0;RUA NOSSA SRA DAS GRACAS;;;162;;Queda;Luz do Dia;;;Meio de Quadra;;;0;1;0;0;0;0;0;0;0;1;0;0;"-3;71132926000";"-38;55002530000";mq_qgis
356364;20;2;2020;9:22;0;AV ALBERTO CRAVEIRO;;;;;ColisÃ£o;Luz do Dia;;;Meio de Quadra;;;0;1;1;1;0;0;0;0;0;1;0;0;;;
356365;20;2;2020;11:44;0;RUA FRANCISCO MATIAS;;;545;;Atropelamento de Animal;Luz do Dia;;;Meio de Quadra;;;0;1;0;0;0;0;0;0;0;1;0;0;;;
356366;20;2;2020;12:01;17397;AV PRO GOMES DE MATOS;RUA ROMEU MARTINS;;;;ColisÃ£o;Luz do Dia;;;Cruz;Pare;Comercial;0;1;1;1;0;0;0;0;0;1;0;0;"-3;76744700000";"-38;55102300000";inter_match
356367;20;2;2020;12:40;5331;RUA GONCALVES LEDO;AV SANTOS DUMONT;;;;ColisÃ£o;Luz do Dia;;;Cruz;Pare;Comercial;0;1;1;1;0;0;0;0;0;1;0;0;"-3;73053500000";"-38;51584800000";inter_match
356368;20;2;2020;12:47;0;AV PRS COSTA E SILVA;;;3569;;ColisÃ£o;Luz do Dia;;;Meio de Quadra;;;0;1;1;1;0;0;0;0;0;1;0;0;"-3;82369000000";"-38;54919000000";mq_gpsv
356369;20;2;2020;14:02;0;AV ALM MAXIMIANO DA FONSECA;;;1068;;Atropelamento de Animal;Luz do Dia;;;Meio de Quadra;;;0;1;0;0;0;0;0;0;0;1;0;0;"-3;77100750000";"-38;48661800000";mq_qgis
356370;20;2;2020;14:16;9041;RUA ASSUNCAO;RUA PDE MIGUELINHO;;;;ColisÃ£o;Luz do Dia;;;Cruz;Pare;Residencial;0;1;1;1;0;0;0;0;0;1;0;0;"-3;74333700000";"-38;53160200000";inter_match
356371;20;2;2020;14:19;12877;RUA BAR RIO BRANCO;RUA JOAQUIM MAGALHAES;;;;ColisÃ£o;Luz do Dia;;;Cruz;Pare;Escola;0;1;1;0;0;0;0;0;0;1;0;0;"-3;73858700000";"-38;53210800000";inter_match
356372;20;2;2020;14:27;0;RUA CON DE CASTRO;;;1893;;ColisÃ£o;Luz do Dia;;;Meio de Quadra;;;0;1;1;1;0;0;0;0;0;1;0;0;"-3;78729272000";"-38;57553930000";mq_qgis
356373;20;2;2020;14:38;0;AV DOS EXPEDICIONARIOS;;;4731;;ColisÃ£o;Luz do Dia;;;Meio de Quadra;;;0;1;1;1;0;0;0;0;0;1;0;0;"-3;76017700000";"-38;53974400000";mq_qgis
356374;20;2;2020;15:10;0;AV OLIVEIRA PAIVA;;;2127;;ColisÃ£o;Luz do Dia;;;Meio de Quadra;;;0;1;1;1;0;0;0;0;0;1;0;0;"-3;79626425000";"-38;48756560000";mq_qgis
356375;20;2;2020;15:26;0;AV PRS JUSCELINO KUBITSCHEK (PASSARÃ‰);;;3721;;ColisÃ£o;Luz do Dia;;;Meio de Quadra;;;0;1;1;0;0;1;1;0;0;0;0;0;"-3;81468000000";"-38;53032000000";mq_gpsv
356379;20;2;2020;17:38;0;RUA CEL MOZART GONDIM;;;1296;;ColisÃ£o;Anoitecer;;;Meio de Quadra;;;0;1;1;1;0;0;0;0;0;1;0;0;"-3;73076469000";"-38;56000230000";mq_qgis
356387;20;2;2020;19:09;0;RUA PERGENTINO MAIA;;;572;;Atropelamento;;;;Meio de Quadra;;;0;1;1;1;0;0;0;0;0;0;0;0;"-3;83126400000";"-38;48987100000";mq_qgis
356388;20;2;2020;20:03;10651;RUA ROMEU ALDIGUERI;RUA JOR CESAR MAGALHAES;;;;Atropelamento de Animal;;;;;;;0;1;0;0;0;0;0;0;0;1;0;0;"-3;70721000000";"-38;56774000000";inter_gpsv
356389;20;2;2020;20:09;2755;RUA BOM JESUS (GRANJA LISBOA);RUA CEL VIRGILIO NOGUEIRA (BOM JARDIM);;;;ColisÃ£o;;;;Cruz;SemÃ¡foro;Comercial;0;1;1;0;0;0;0;0;0;1;0;0;"-3;79152320000";"-38;60972600000";inter_match
356390;20;2;2020;22:23;0;RUA C UI 503;;;92;;Queda;;;;Meio de Quadra;;;0;2;0;0;0;0;0;0;0;1;0;0;"-3;82097000000";"-38;58301000000";mq_gpsv
356391;20;2;2020;22:57;17583;RUA ESTADO DO RIO;RUA PIAUI;;;;Queda;;;;Cruz;Pare;Residencial;0;1;0;0;0;0;0;0;0;1;0;0;"-3;75534400000";"-38;56884700000";inter_match