COD_ACIDENTE;DIA;MES;ANO;HORA;INTERSECAO;LOG1;LOG2;LOG3;NUMERO;REFERENCIA;NATUREZA;ILUMINACAO;TEMPO;SUPERFICIEPISTA;TIPOCRUZAMENTO;CONTROLETRAFEGO;USOSOLO;MORTOS;FERIDOS;ILESOS;AUTOMOVEL;ONIBUS;BICICLETA;CAMINHAO;MICROONIBUS;CICLOMOTOR;MOTOCICLETA;TRACAOANIMAL;TREM;LATITUDE;LONGITUDE;METODO
357159;4;3;2020;4:59;0;AV IMPERADOR;;;812;;Queda;;;;Meio de Quadra;;;0;1;0;0;0;0;0;0;0;1;0;0;"-3;72833701000";"-38;53479240000";mq_qgis
357160;4;3;2020;5:13;0;RUA MARIA QUINTINO;;;1067;;Queda;Amanhecer;;;Meio de Quadra;;;0;1;0;0;0;0;0;0;0;1;0;0;"-3;85806000000";"-38;50117000000";mq_gpsv
357161;4;3;2020;5:13;0;RUA RAUL CABRAL;;;750;;Queda;Amanhecer;;;Meio de Quadra;;;0;1;0;0;0;0;0;0;0;1;0;0;"-3;76829400000";"-38;54564600000";mq_match
357162;4;3;2020;5:21;0;RUA PERU;;;1112;;Queda;Amanhecer;;;Meio de Quadra;;;0;1;0;0;0;0;0;0;0;1;0;0;"-3;77691885000";"-38;55241500000";mq_qgis
357163;4;3;2020;6:52;0;RUA OSCAR FRANCA;;;3579;;Queda;Luz do Dia;;;Meio de Quadra;;;0;1;0;0;0;0;0;0;0;1;0;0;"-3;78450607000";"-38;62338800000";mq_qgis
356837;4;3;2020;8:27;0;RUA JOAO CORDEIRO;;;;;ColisÃ£o;Luz do Dia;;;Meio de Quadra;;;0;0;2;1;0;0;0;0;0;0;0;0;;;
356839;4;3;2020;16:30;18528;AV ENG HUMBERTO MONTE;AV MR HULL;;;;ColisÃ£o;Luz do Dia;;;;;;0;0;2;0;0;0;0;0;0;0;0;0;"-3;73660900000";"-38;56902500000";inter_match
356666;4;3;2020;7:15;0;RD BR 116;;;6000;KM-06;Atropelamento;Luz do Dia;;Seca;Meio de Quadra;;;0;1;2;1;0;0;0;0;0;1;0;0;"-3;80469100000";"-38;50305300000";rod_match
356667;4;3;2020;7:40;0;RD BR 116;;;4000;KM-04;Tombamento;Luz do Dia;Nublado;Seca;Meio de Quadra;;;0;2;1;1;0;0;0;0;0;1;0;0;"-3;80235400000";"-38;50386900000";rod_match
356668;4;3;2020;18:15;0;RD BR 116;;;1000;KM-01;ColisÃ£o Traseira;Anoitecer;Bom;Seca;Meio de Quadra;;;0;0;2;1;0;0;0;0;0;0;0;0;"-3;76255400000";"-38;51870200000";rod_match
357248;4;3;2020;11:20;0;RUA AMADEU FURTADO;;;2809;;Outros;Luz do Dia;;;Meio de Quadra;;;0;1;0;0;0;0;0;0;0;1;0;0;"-3;74101000000";"-38;56296000000";mq_gpsv
357249;4;3;2020;12:04;0;RUA TEN LIRA;;;1096;;ColisÃ£o;Luz do Dia;;;Meio de Quadra;;;0;1;0;1;0;0;0;0;0;1;0;0;"-3;81229450000";"-38;57921500000";mq_gpsv
357250;4;3;2020;12:27;0;RUA BRUNO VALENTE;;;1996;;ColisÃ£o;Luz do Dia;;;Meio de Quadra;;;0;1;0;1;0;0;0;0;0;1;0;0;;;
357251;4;3;2020;14:52;7329;RUA PRO PAULO LOPES;RUA MANAUS;;;;ColisÃ£o;Luz do Dia;;;Cruz;Pare;Residencial;0;1;0;1;0;0;0;0;0;1;0;0;"-3;75357300000";"-38;59116300000";inter_match
357252;4;3;2020;15:08;0;AV DES GONZAGA;;;532;;ColisÃ£o;Luz do Dia;;;Meio de Quadra;;;0;1;0;1;0;0;0;0;0;1;0;0;"-3;79134000000";"-38;50259500000";mq_match
357255;4;3;2020;15:31;0;RUA ALBERTO MONTEZUMA;;;851;;ColisÃ£o;Luz do Dia;;;Meio de Quadra;;;0;1;0;1;0;0;0;0;0;1;0;0;"-3;76944000000";"-38;53458000000";mq_gpsv
357257;4;3;2020;15:59;0;AV G CJ JOSE WALTER;;;761;;ColisÃ£o;Luz do Dia;;;Meio de Quadra;;;0;1;0;0;0;0;1;0;0;1;0;0;"-3;83730000000";"-38;56102000000";mq_gpsv
357450;5;3;2020;11:15;0;AV PERIMETRAL;;;3298;;ColisÃ£o;Luz do Dia;;;Meio de Quadra;;;0;1;0;1;0;0;0;0;0;1;0;0;;;
357451;5;3;2020;13:58;0;RUA PDE VALDEVINO;;;;;ColisÃ£o;Luz do Dia;;;Meio de Quadra;;;0;1;0;0;0;0;1;0;0;1;0;0;;;
357452;5;3;2020;14:20;0;AV SEN VIRGILIO TAVORA;;;2701;;ColisÃ£o;Luz do Dia;;;Meio de Quadra;;;0;1;1;1;0;1;0;0;0;0;0;0;"-3;75049777000";"-38;49752140000";mq_qgis
357453;5;3;2020;14:53;0;AV DOM MANUEL;;;161;;ColisÃ£o;Luz do Dia;;;Meio de Quadra;;;0;1;0;1;0;0;0;0;0;1;0;0;"-3;72564700000";"-38;52024400000";mq_match
357454;5;3;2020;15:25;0;AV PERIMETRAL;;;11;;ColisÃ£o;Luz do Dia;;;Meio de Quadra;;;0;1;0;1;0;0;0;0;0;1;0;0;;;
357455;5;3;2020;15:40;0;AV FRE CIRILO;;;4597;;ColisÃ£o;Luz do Dia;;;Meio de Quadra;;;0;1;0;1;0;0;0;0;0;1;0;0;"-3;82385404000";"-38;49457360000";mq_qgis
357456;5;3;2020;17:47;12520;AV AUGUSTO DOS ANJOS;RUA ALUISIO AZEVEDO;;;;Atropelamento;Anoitecer;;;Duplo T;SemÃ¡foro;Comercial;0;1;0;0;0;0;0;0;0;1;0;0;"-3;77339000000";"-38;57316140000";inter_match
357457;5;3;2020;17:48;0;AV OLIVEIRA PAIVA;;;568;;ColisÃ£o;Anoitecer;;;Meio de Quadra;;;0;1;0;0;0;0;0;0;0;0;0;0;"-3;79712000000";"-38;49974000000";mq_gpsv
357458;5;3;2020;17:54;12818;RUA ANDRE CHAVES;RUA ALBERTO MAGNO;;;;ColisÃ£o;Anoitecer;;;Cruz;Pare;Comercial;0;1;0;1;0;0;0;0;0;1;0;0;"-3;75603500000";"-38;54223000000";inter_match
357459;5;3;2020;18:05;0;AV JOSE LEON;;;554;;ColisÃ£o;Anoitecer;;;Meio de Quadra;;;0;1;0;1;0;0;0;0;0;1;0;0;"-3;78664100000";"-38;50680850000";mq_match
357460;5;3;2020;18:15;0;AV JOSE BASTOS;;;1126;;ColisÃ£o;Anoitecer;;;Meio de Quadra;;;0;1;0;0;0;0;0;0;0;1;0;0;"-3;74221850000";"-38;54258750000";mq_gpsv
357461;5;3;2020;18:19;14713;RUA FRANCISCO GLICERIO;RUA CON DE CASTRO;;;;ColisÃ£o;Anoitecer;;;T;NÃ£o HÃ¡ Controle;Residencial;0;2;0;1;0;0;0;0;0;1;0;0;"-3;79453000000";"-38;58225000000";inter_gpsv
357463;5;3;2020;18:46;0;RUA 860 CJ CEARA;;;;;ColisÃ£o;;;;Meio de Quadra;;;0;1;0;1;0;0;0;0;0;1;0;0;;;
357466;5;3;2020;21:35;13396;RUA BAR ARACATI;RUA JOAO BRIGIDO;;;;ColisÃ£o;;;;Cruz;Pare;Residencial;0;1;0;1;0;0;0;0;0;1;0;0;"-3;74093900000";"-38;51469700000";inter_match
357467;5;3;2020;21:56;0;RUA SAO ROQUE;;;423;;Queda;;;;Meio de Quadra;;;0;1;0;0;0;0;0;0;0;1;0;0;"-3;81143000000";"-38;45691000000";mq_gpsv
357468;5;3;2020;23:01;0;RUA CLAUDIA ARRUDA ALCANTARA;;;2433;;Queda;;;;Meio de Quadra;;;0;1;0;0;0;0;0;0;0;1;0;0;;;
356669;5;3;2020;1:10;0;RD BR 116;;;1000;KM-01;Queda;;Bom;Seca;Meio de Quadra;;;2;0;0;0;0;0;0;0;0;1;0;0;"-3;76255400000";"-38;51870200000";rod_match
356846;5;3;2020;0:00;6797;RUA ANDRADE FURTADO;RUA BATISTA DE OLIVEIRA;;;;ColisÃ£o;;;;Cruz;SemÃ¡foro;Residencial;0;0;2;1;0;0;0;0;0;0;0;0;"-3;74516300000";"-38;48147500000";inter_match
356848;5;3;2020;10:50;9220;AV 13 DE MAIO;RUA NAPOLEAO LAUREANO;;;;ColisÃ£o;Luz do Dia;;;Cruz;SemÃ¡foro;Comercial;0;0;2;1;0;0;0;0;0;1;0;0;"-3;74975800000";"-38;52882500000";inter_match
357305;5;3;2020;3:37;0;RUA JOSE AVELINO;;;262;;Queda;;;;Meio de Quadra;;;0;1;0;0;0;1;0;0;0;0;0;0;"-3;72228800000";"-38;52102900000";mq_qgis
357306;5;3;2020;6:37;0;AV CARNEIRO DE MENDONCA;;;293;;ColisÃ£o;Luz do Dia;;;Meio de Quadra;;;0;1;0;1;0;0;0;0;0;1;0;0;"-3;76617641000";"-38;56232846000";mq_match
357307;5;3;2020;7:09;0;RUA PORTO VELHO;;;450;;ColisÃ£o;Luz do Dia;;;Meio de Quadra;;;0;1;0;1;0;0;0;0;0;1;0;0;"-3;76700150000";"-38;58507700000";mq_qgis
357308;5;3;2020;7:35;0;AV ENG LUIS VIEIRA;;;578;;Queda;Luz do Dia;;;Meio de Quadra;;;0;1;0;0;0;0;0;0;0;1;0;0;"-3;73296000000";"-38;46802000000";mq_gpsv
357309;5;3;2020;7:43;0;AV OLIVEIRA PAIVA;;;890;;ColisÃ£o;Luz do Dia;;;Meio de Quadra;;;0;1;0;1;0;0;0;0;0;1;0;0;"-3;79636860000";"-38;49814000000";mq_match
357310;5;3;2020;7:46;0;AV DEP PAULINO ROCHA;;;;;Queda;Luz do Dia;;;Meio de Quadra;;;0;2;0;0;0;0;0;0;0;1;0;0;;;
357311;5;3;2020;8:41;0;AV DOMINGOS OLIMPIO;;;179;;Atropelamento;Luz do Dia;;;Meio de Quadra;;;0;1;0;0;0;0;0;0;0;1;0;0;"-3;73822900000";"-38;52589400000";mq_match
357312;5;3;2020;8:57;0;AV PRS CASTELO BRANCO;;;;;ColisÃ£o;Luz do Dia;;;Meio de Quadra;;;0;1;0;1;0;0;0;0;0;0;0;0;;;
357313;5;3;2020;9:37;0;RUA MODESTA;;;127;;ColisÃ£o;Luz do Dia;;;Meio de Quadra;;;0;1;0;0;0;0;0;0;0;0;0;0;"-3;84439660000";"-38;52188000000";mq_qgis
357314;5;3;2020;9:40;0;AV BEZERRA DE MENEZES;;;51;;Atropelamento;Luz do Dia;;;Meio de Quadra;;;0;1;0;0;1;0;0;0;0;0;0;0;"-3;73056700000";"-38;54008300000";mq_match
355811;5;3;2020;9:12;0;AV PRS CASTELO BRANCO;;;400;IGREJA STA. EDWIRGES;ColisÃ£o Traseira;Luz do Dia;Nublado;Seca;Meio de Quadra;SemÃ¡foro;Lazer;0;0;3;1;0;0;0;1;0;0;0;0;"-3;72073600000";"-38;52905900000";mq_match
355812;5;3;2020;9:49;0;AV 13 DE MAIO;;;1096;;ColisÃ£o Lateral;Luz do Dia;Bom;Seca;Meio de Quadra;SemÃ¡foro;Comercial;0;1;1;1;0;0;0;0;0;1;0;0;"-3;74975800000";"-38;52882500000";mq_qgis
355813;5;3;2020;16:08;1507;RUA PDE VALDEVINO;RUA BAR ARACATI;;;;ColisÃ£o Transversal;Luz do Dia;Bom;Seca;Cruz;Pare;Comercial;0;1;1;0;0;0;0;0;0;1;0;0;"-3;73989800000";"-38;51437700000";inter_match
355814;5;3;2020;15:30;25720;AV I CJ JOSE WALTER;RUA POE MARIO LINHARES (J.WALTER);;0;;ColisÃ£o Transversal;Luz do Dia;Bom;Seca;Cruz;Pare;Residencial;0;1;1;0;0;0;0;0;0;1;0;0;"-3;82374720000";"-38;55043400000";inter_match
355815;5;3;2020;20:00;25647;RUA JULIO BRAGA;RUA FRANCISCO DE SALES;;;;ColisÃ£o Lateral;Via Iluminada;Bom;Seca;T;Pare;Residencial;0;1;1;1;0;0;0;0;0;1;0;0;"-3;77432200000";"-38;58312400000";inter_match
355816;6;3;2020;7:00;0;RUA PDE CICERO;RUA TIRADENTES;;0;;ColisÃ£o Lateral;Luz do Dia;Bom;Seca;Cruz;Pare;Comercial;0;0;2;0;0;0;0;0;0;1;0;0;"-3;70352000000";"-38;57245000000";inter_gpsv
355817;6;3;2020;6:48;0;RUA PINTO MADEIRA;;;1015;;ColisÃ£o Frontal;Luz do Dia;Bom;Seca;Meio de Quadra;NÃ£o HÃ¡ Controle;Comercial;0;4;0;0;0;1;0;0;0;1;0;0;"-3;73262600000";"-38;51649700000";mq_match
355818;6;3;2020;8:55;0;RUA FCO JOSE A PEREIRA;RUA DAS FLORES;;0;;ColisÃ£o Lateral;Luz do Dia;Bom;Seca;Meio de Quadra;Pare;Comercial;0;1;1;0;0;0;0;0;0;1;0;0;"-3;81190000000";"-38;50543000000";inter_gpsv
355819;6;3;2020;11:13;0;AV OLIVEIRA PAIVA;;;1366;;ColisÃ£o Lateral;Luz do Dia;Bom;Seca;Meio de Quadra;SemÃ¡foro;Comercial;0;0;2;0;0;0;0;0;0;1;0;0;"-3;79549600000";"-38;49414000000";mq_match
355821;6;3;2020;15:00;0;AV ALBERTO CRAVEIRO;;;555;;ColisÃ£o Lateral;Luz do Dia;Bom;Seca;Y;NÃ£o HÃ¡ Controle;Comercial;0;0;2;1;0;0;0;0;0;0;0;0;"-3;78376700000";"-38;51687400000";mq_qgis
355822;6;3;2020;19:46;12866;RUA SOLON PINHEIRO;RUA JOAQUIM MAGALHAES;;;;ColisÃ£o Transversal;Via Iluminada;Bom;Seca;Cruz;Gesto;Residencial;0;1;1;1;0;0;0;0;0;1;0;0;"-3;73949000000";"-38;52935200000";inter_match
355823;6;3;2020;19:47;0;RUA ANTONIO TEIXEIRA LEITE;;;673;;ColisÃ£o Lateral;Via Iluminada;Bom;Seca;Meio de Quadra;NÃ£o HÃ¡ Controle;Residencial;0;0;1;0;0;0;0;0;1;0;0;0;"-3;78892000000";"-38;53863000000";mq_gpsv
355824;6;3;2020;20:19;13375;AV ANTONIO SALES;RUA J DA PENHA;;;;ColisÃ£o Transversal;Via Iluminada;Bom;Seca;Cruz;Gesto;Escola;0;1;1;1;0;0;0;0;0;1;0;0;"-3;73954000000";"-38;52135200000";inter_match
355825;6;3;2020;22:18;15975;AV GODOFREDO MACIEL;RUA CEL MANUEL ALBANO;;;;ColisÃ£o Transversal;Via Iluminada;Bom;Seca;Cruz;Pare;Comercial;0;2;0;1;0;0;0;0;0;1;0;0;"-3;80564400000";"-38;57278000000";inter_match
355774;6;3;2020;2:00;10995;RUA 15 DE NOVEMBRO;RUA ALM RUBIM;;;;ColisÃ£o Transversal;Via Iluminada;Bom;Seca;Cruz;Pare;Comercial;0;1;1;1;0;0;0;0;0;1;0;0;"-3;76890700000";"-38;55593900000";inter_match
355776;6;3;2020;9:00;0;AV GAL OSORIO DE PAIVA;;;;;ColisÃ£o Lateral;Luz do Dia;Nublado;Seca;Meio de Quadra;Outros;Comercial;0;1;1;1;0;0;0;0;0;1;0;0;;;
355974;6;3;2020;7:50;0;RD CE-040;;;;KM-01;Engavetamento;Luz do Dia;;Seca;Meio de Quadra;;;0;0;4;1;0;0;0;0;0;0;0;0;"-3;76465044900";"-38;48258304000";rod_match
356854;6;3;2020;10:00;0;RUA FRANCISCO JOSE A PEREIRA;;;;;ColisÃ£o;Luz do Dia;;;Meio de Quadra;;;0;0;2;0;0;0;1;0;0;1;0;0;;;
356855;6;3;2020;23:18;0;AV GODOFREDO MACIEL;;;3512;;ColisÃ£o;;;;Meio de Quadra;;;0;0;1;0;0;0;0;0;0;1;0;0;"-3;80572200000";"-38;57280400000";mq_match
357469;6;3;2020;0:24;0;RUA BENTO ALBUQUERQUE;;;3300;;Atropelamento;;;;Meio de Quadra;;;0;1;0;1;0;0;0;0;0;0;0;0;"-3;75059100000";"-38;46189190000";mq_qgis
357470;6;3;2020;2:11;0;RUA PERNAMBUCO;;;1613;;Queda;;;;Meio de Quadra;;;0;1;0;0;0;0;0;0;0;1;0;0;"-3;75757930000";"-38;57229490000";mq_qgis
357478;6;3;2020;7:04;3895;RUA PDE CICERO;AV EDUARDO GIRAO;;;;ColisÃ£o;Luz do Dia;;;;;;0;1;0;0;0;0;0;0;0;1;0;0;"-3;74728000000";"-38;54183400000";inter_match
357487;6;3;2020;9:11;0;RUA RUI MONTE;;;365;;ColisÃ£o;Luz do Dia;;;Meio de Quadra;;;0;1;0;1;0;0;0;0;0;1;0;0;"-3;74232600000";"-38;58733000000";mq_qgis
357488;6;3;2020;10:00;19060;RUA JULIO AZEVEDO;RUA RAMOS BOTELHO;;;;Queda;Luz do Dia;;;;;;0;1;0;0;0;1;0;0;0;0;0;0;"-3;73659000000";"-38;47832000000";inter_gpsv
357489;6;3;2020;13:00;0;AV GOV PARSIFAL BARROSO;;;1300;COLÃ‰GIO STA. ISABEL;Choque c/ ObstÃ¡culo Fixo;Luz do Dia;;;Meio de Quadra;;;1;0;0;0;0;0;0;0;0;1;0;0;"-3;73548500000";"-38;56886600000";mq_match
357490;6;3;2020;15:53;0;RUA SAO FIDELIS D71;;;601;;ColisÃ£o;Luz do Dia;;;Meio de Quadra;;;0;1;0;1;0;0;0;0;0;1;0;0;"-3;81969000000";"-38;59171000000";mq_gpsv
357491;6;3;2020;15:57;0;RUA CON DE CASTRO;;;3430;;ColisÃ£o;Luz do Dia;;;Meio de Quadra;;;0;1;0;0;0;0;0;0;0;1;0;0;"-3;79762650000";"-38;58511700000";mq_qgis
357492;6;3;2020;15:58;0;RUA JULIO SILVA;;;440;;ColisÃ£o;Luz do Dia;;;Meio de Quadra;;;0;1;1;1;0;1;0;0;0;0;0;0;"-3;74537000000";"-38;45462000000";mq_match
357493;6;3;2020;17:32;0;AV BORGES DE MELO;;;1961;;ColisÃ£o;Anoitecer;;;Meio de Quadra;;;0;1;0;1;0;0;0;0;0;1;0;0;"-3;75485100000";"-38;53597600000";mq_qgis
357494;6;3;2020;17:42;19721;RUA GUSTAVO SAMPAIO;RUA AMADEU FURTADO;;;;ColisÃ£o;Anoitecer;;;Cruz;Pare;Residencial;0;1;0;1;0;0;0;0;0;1;0;0;"-3;73678600000";"-38;56382800000";inter_match
357495;6;3;2020;17:49;5224;RUA PEREIRA FILGUEIRAS;RUA DOM JOAQUIM;;;;Atropelamento;Anoitecer;;;Cruz;Pare;Residencial;0;1;0;0;0;0;0;0;0;1;0;0;"-3;72699000000";"-38;51709800000";inter_match
357496;6;3;2020;17:57;0;RUA DEMETRIO MENEZES;;;3622;;Atropelamento;Anoitecer;;;Meio de Quadra;;;0;1;0;0;0;0;1;0;0;0;0;0;"-3;73512300000";"-38;58416600000";mq_match
357497;6;3;2020;18:02;0;RUA CAETANO XIMENES ARAGAO;;;110;;ColisÃ£o;Anoitecer;;;Meio de Quadra;;;0;1;0;0;0;0;0;0;0;0;0;0;"-3;78334000000";"-38;48229000000";mq_gpsv
357498;6;3;2020;18:04;0;RUA ANTONIO TEIXEIRA LEITE;;;673;;ColisÃ£o;Anoitecer;;;Meio de Quadra;;;0;1;0;0;0;0;0;0;0;0;0;0;"-3;78892000000";"-38;53863000000";mq_gpsv
357483;6;3;2020;7:58;0;RUA MIGUEL COUTO;;;461;;ColisÃ£o;Luz do Dia;;;Meio de Quadra;;;0;1;0;1;0;0;0;0;0;1;0;0;"-3;83829000000";"-38;48909000000";mq_gpsv
357484;6;3;2020;9:00;0;AV GAL OSORIO DE PAIVA;;;;;Queda;Luz do Dia;;;Meio de Quadra;;;0;1;0;0;0;0;0;0;0;1;0;0;;;
357481;6;3;2020;7:35;0;RUA FRANCISCO JOSE A PEREIRA;;;1085;;ColisÃ£o;Luz do Dia;;;Meio de Quadra;;;0;1;0;0;0;0;1;0;0;1;0;0;"-3;81145000000";"-38;50810000000";mq_gpsv
357501;6;3;2020;18:41;0;AV PERIMETRAL;;;3140;;Queda;;;;Meio de Quadra;;;0;1;0;0;0;0;0;0;0;1;0;0;;;
357503;6;3;2020;19:25;0;AV ANTONIO SALES;;;554;;ColisÃ£o;;;;Meio de Quadra;;;0;1;0;1;0;0;0;0;0;1;0;0;"-3;74098659000";"-38;51676540000";mq_qgis
357506;6;3;2020;19:25;0;AV GAL OSORIO DE PAIVA;;;1672;;Queda;;;;Meio de Quadra;;;0;1;0;0;0;1;0;0;0;0;0;0;"-3;78219600000";"-38;57682800000";mq_qgis
357515;6;3;2020;20:21;0;RUA GUILHERME ROCHA;;;320;;Queda;;;;Meio de Quadra;;;0;1;0;0;0;0;0;0;0;1;0;0;"-3;72684000000";"-38;52838000000";mq_gpsv
357518;6;3;2020;21:07;0;RUA CON DE CASTRO;;;5498;;ColisÃ£o;;;;Meio de Quadra;;;0;1;0;0;0;0;0;0;0;1;0;0;"-3;81141700000";"-38;59712900000";mq_match
357523;6;3;2020;21:24;0;AV PERIMETRAL;;;1722;;ColisÃ£o;;;;Meio de Quadra;;;0;2;0;0;0;0;0;0;0;0;0;0;;;
357529;6;3;2020;21:48;0;RUA COSME JERONIMO;;;1322;;ColisÃ£o;;;;Meio de Quadra;;;0;1;0;0;0;0;0;0;0;1;0;0;"-3;82389000000";"-38;58789000000";mq_gpsv
357530;6;3;2020;23:00;0;RUA TULIPA NEGRA;;;2224;;Queda;;;;Meio de Quadra;;;0;1;0;0;0;0;0;0;0;1;0;0;"-3;81840861000";"-38;59912260000";mq_qgis
357531;6;3;2020;23:18;0;RUA JULIO SILVA;;;440;;Queda;;;;Meio de Quadra;;;0;1;0;0;0;0;0;0;0;1;0;0;"-3;74537000000";"-38;45462000000";mq_match
357532;6;3;2020;23:42;0;AV AUGUSTO DOS ANJOS;;;1531;;Atropelamento;;;;Meio de Quadra;;;0;1;0;1;0;0;0;0;0;0;0;0;"-3;77995000000";"-38;57893000000";mq_gpsv
357534;6;3;2020;23:53;7220;AV PASTEUR;RUA DOM QUINTINO;;;;Atropelamento;;;;Cruz;Pare;Residencial;0;1;0;0;0;0;0;0;0;1;0;0;"-3;71022200000";"-38;55857000000";inter_match
357527;6;3;2020;21:26;0;AV DR SILAS MUNGUBA;;;3674;;Queda;;;;Meio de Quadra;;;0;1;0;0;0;1;0;0;0;0;0;0;"-3;79052280000";"-38;54000500000";mq_match
357635;7;3;2020;16:14;0;AV PERIMETRAL;;;121;;ColisÃ£o;Luz do Dia;;;Meio de Quadra;;;0;1;0;0;0;0;0;0;0;0;0;0;;;
357636;7;3;2020;17:12;0;RUA TEN NICOLAU;;;529;;ColisÃ£o;Anoitecer;;;Meio de Quadra;;;0;1;0;1;0;0;0;0;0;1;0;0;"-3;78913630000";"-38;50493960000";mq_qgis
357637;7;3;2020;17:26;0;RUA JAIME BENEVOLO;;;985;;ColisÃ£o;Anoitecer;;;Meio de Quadra;;;0;1;0;1;0;0;0;0;0;1;0;0;"-3;74095500000";"-38;52829800000";mq_qgis
357638;7;3;2020;17:35;0;AV FRANCISCO SA;;;3064;;ColisÃ£o;Anoitecer;;;Meio de Quadra;;;0;1;0;0;0;0;0;0;0;0;0;0;"-3;71863489000";"-38;55366460000";mq_qgis
357639;7;3;2020;18:52;0;RUA DO MERCADO;;;112;;Atropelamento;;;;Meio de Quadra;;;0;1;0;0;0;0;0;0;0;1;0;0;"-3;78153986000";"-38;50903720000";mq_qgis
357640;7;3;2020;19:07;0;RUA SEN POMPEU;;;2379;;ColisÃ£o;;;;Meio de Quadra;;;0;1;0;0;0;0;0;0;0;1;0;0;"-3;73931200000";"-38;53338200000";mq_qgis
357641;7;3;2020;19:42;0;RUA SAO FRANCISCO D34;;;341;;ColisÃ£o;;;;Meio de Quadra;;;1;1;0;0;0;0;0;0;0;1;0;0;"-3;79912300000";"-38;60043700000";mq_gpsv
357642;7;3;2020;20:10;0;RUA NAT FEIJO;;;466;;ColisÃ£o;;;;Meio de Quadra;;;0;1;0;0;0;0;0;0;0;0;0;0;"-3;72229100000";"-38;55313700000";mq_match
357643;7;3;2020;20:19;0;AV L CJ JOSE WALTER;;;1310;;Queda;;;;Meio de Quadra;;;0;1;0;0;0;1;0;0;0;0;0;0;"-3;83616875000";"-38;55905170000";mq_qgis
357644;7;3;2020;21:35;6825;RUA DR RIBAMAR LOBO;RUA BENTO ALBUQUERQUE;;;;ColisÃ£o;;;;Cruz;Pare;Residencial;0;1;0;1;0;0;0;0;0;1;0;0;"-3;74842200000";"-38;46861300000";inter_match
357645;7;3;2020;21:36;0;RUA JOSE MENDONCA;;;1070;;ColisÃ£o;;;;Meio de Quadra;;;0;1;1;1;0;1;0;0;0;0;0;0;"-3;75465000000";"-38;60168000000";mq_gpsv
357646;7;3;2020;22:12;0;AV GAL OSORIO DE PAIVA;;;5281;;ColisÃ£o;;;;Meio de Quadra;;;0;1;0;0;0;0;0;0;0;1;0;0;"-3;80373662500";"-38;60112288000";mq_match
357647;7;3;2020;22:20;0;AV PRS COSTA E SILVA;;;761;;ColisÃ£o;;;;Meio de Quadra;;;0;1;0;1;0;0;0;0;0;1;0;0;"-3;81246712500";"-38;57277463000";mq_match
357648;7;3;2020;23:09;0;RUA PDE PEDRO DE ALENCAR;;;523;;ColisÃ£o;;;;Meio de Quadra;;;0;2;0;1;0;0;0;0;0;1;0;0;"-3;83265800000";"-38;49402500000";mq_match
357649;7;3;2020;23:58;0;RUA RIO ARAGUAIA;;;419;;Atropelamento;;;;Meio de Quadra;;;0;1;0;0;0;0;0;0;0;1;0;0;"-3;72057530000";"-38;58166460000";mq_qgis
357609;7;3;2020;5:57;0;AV ANTONIO SALES;;;645;;ColisÃ£o;Amanhecer;;;Meio de Quadra;;;0;1;1;1;0;0;0;0;0;1;0;0;"-3;74128100000";"-38;51578000000";mq_match
357610;7;3;2020;6:12;0;AV CEL CARVALHO;;;;;Queda;Luz do Dia;;;Meio de Quadra;;;0;1;0;0;0;0;0;0;0;1;0;0;;;
357611;7;3;2020;6:26;0;RUA DR PAULO SANFORD;;;98;;Atropelamento;Luz do Dia;;;Meio de Quadra;;;0;1;0;1;0;0;0;0;0;0;0;0;"-3;78777175000";"-38;47455320000";mq_qgis
357612;7;3;2020;6:48;0;AV DES MOREIRA;;;1621;;Queda;Luz do Dia;;;Meio de Quadra;;;0;1;0;0;0;0;0;0;0;1;0;0;"-3;74051000000";"-38;49964000000";mq_gpsv
357613;7;3;2020;8:03;24689;RUA RAIMUNDO GOMES;RUA GEORGE CAVALCANTE;;;;ColisÃ£o;Luz do Dia;;;Cruz;NÃ£o HÃ¡ Controle;Residencial;0;1;0;1;0;0;0;0;0;1;0;0;"-3;71433700000";"-38;59012400000";inter_match
357615;7;3;2020;10:39;0;AV ALM HENRIQUE SABOIA;;;;;ColisÃ£o;Luz do Dia;;;Meio de Quadra;;;0;1;0;0;0;0;0;0;0;0;0;0;;;
357616;7;3;2020;10:39;0;AV ENG HUMBERTO MONTE;;;1333;;Queda;Luz do Dia;;;Meio de Quadra;;;0;1;0;0;0;0;0;0;0;1;0;0;"-3;74791000000";"-38;56145600000";mq_match
357617;7;3;2020;11:28;0;AV FRANCISCO SA;;;5359;;ColisÃ£o;Luz do Dia;;;Meio de Quadra;;;0;2;0;0;0;0;1;0;0;1;0;0;"-3;71232800000";"-38;57221900000";mq_match
357618;7;3;2020;12:12;578;AV FRANCISCO SA;RUA ENG JOAO NOGUEIRA;;;;ColisÃ£o;Luz do Dia;;;Cruz;Pare;Misto;0;2;0;1;0;0;0;0;0;1;0;0;"-3;71514700000";"-38;56405000000";inter_match
357619;7;3;2020;13:06;0;RUA DAS PEDRINHAS;;;175;;ColisÃ£o;Luz do Dia;;;Meio de Quadra;;;0;1;0;0;0;0;0;0;0;1;0;0;"-3;76556196000";"-38;60083230000";mq_qgis
357620;7;3;2020;13:14;7329;RUA MANAUS;RUA PRO PAULO LOPES;;;;ColisÃ£o;Luz do Dia;;;Cruz;Pare;Residencial;0;1;0;0;0;0;1;0;0;1;0;0;"-3;75357300000";"-38;59116300000";inter_match