COD_ACIDENTE;DIA;MES;ANO;HORA;INTERSECAO;LOG1;LOG2;LOG3;NUMERO;REFERENCIA;NATUREZA;ILUMINACAO;TEMPO;SUPERFICIEPISTA;TIPOCRUZAMENTO;CONTROLETRAFEGO;USOSOLO;MORTOS;FERIDOS;ILESOS;AUTOMOVEL;ONIBUS;BICICLETA;CAMINHAO;MICROONIBUS;CICLOMOTOR;MOTOCICLETA;TRACAOANIMAL;TREM;LATITUDE;LONGITUDE;METODO
357067;11;3;2020;11:08;0;AV WASHINGTON SOARES;;;1010;;ColisÃ£o;Luz do Dia;;;Meio de Quadra;;;0;1;0;0;0;0;0;0;0;0;0;0;"-3;76369950000";"-38;48267600000";mq_match
357082;11;3;2020;15:49;0;AV E CJ CEARA;;;297;;Queda;Luz do Dia;;;Meio de Quadra;;;0;1;0;0;0;0;0;0;0;1;0;0;"-3;75905500000";"-38;60662100000";mq_qgis
357083;11;3;2020;17:25;0;AV DEP PAULINO ROCHA;;;;;ColisÃ£o;Anoitecer;;;Meio de Quadra;;;0;1;0;0;0;0;0;0;0;0;0;0;;;
357069;11;3;2020;11:34;0;RUA ANTONIO FURTADO;;;402;;Atropelamento;Luz do Dia;;;Meio de Quadra;;;0;1;1;0;0;0;0;0;0;1;0;0;"-3;75171236000";"-38;51380550000";mq_qgis
357070;11;3;2020;11:38;0;AV GAL OSORIO DE PAIVA;;;2435;;ColisÃ£o;Luz do Dia;;;Meio de Quadra;;;0;1;1;1;0;0;0;0;0;1;0;0;"-3;78697100000";"-38;58462000000";mq_match
357071;11;3;2020;15:43;1432;AV SEN VIRGILIO TAVORA;AV SANTOS DUMONT;;;;ColisÃ£o;Luz do Dia;;;Cruz;SemÃ¡foro;Residencial;0;1;1;1;0;0;0;0;0;1;0;0;"-3;73782800000";"-38;49348200000";inter_match
357121;11;3;2020;22:07;0;RUA RIO GRANDE DO SUL;;;275;;ColisÃ£o;;;;Meio de Quadra;;;0;2;0;0;0;0;0;0;0;0;0;0;"-3;75181095000";"-38;56305080000";mq_qgis
357127;11;3;2020;22:46;1542;RUA PDE VALDEVINO;AV RUI BARBOSA;;;;ColisÃ£o;;;;Cruz;SemÃ¡foro;Comercial;0;0;2;1;0;0;0;0;0;0;0;0;"-3;74110530000";"-38;51109000000";inter_match
357091;11;3;2020;19:42;0;AV PERIMETRAL;;;1021;;Queda;;;;Meio de Quadra;;;0;1;0;0;0;0;0;0;0;1;0;0;"-3;78493141000";"-38;58983940000";mq_qgis
357092;11;3;2020;20:58;0;RUA MANUEL MOURA;;;79;;Atropelamento;;;;Meio de Quadra;;;0;1;1;1;0;0;0;0;0;0;0;0;"-3;71500000000";"-38;58390000000";mq_gpsv
357087;11;3;2020;17:44;0;AV CEL CARVALHO;;;;;Atropelamento;Anoitecer;;;Meio de Quadra;;;0;1;1;0;0;0;0;0;0;1;0;0;;;
357088;11;3;2020;19:13;0;AV EDILSON B SOARES;;;2221;;Atropelamento;;;;Meio de Quadra;;;0;1;1;1;0;0;0;0;0;0;0;0;"-3;78813000000";"-38;46588000000";mq_gpsv
357089;11;3;2020;19:38;0;RUA PRO EDGAR DE ARRUDA;;;;;ColisÃ£o;;;;Meio de Quadra;;;0;1;1;1;0;0;0;0;0;1;0;0;;;
357050;11;3;2020;7:07;0;RUA AZEVEDO BOLAO;;;2661;;ColisÃ£o;Luz do Dia;;;Meio de Quadra;;;0;1;1;1;0;0;0;0;0;1;0;0;"-3;73883000000";"-38;56846000000";mq_match
357051;11;3;2020;7:59;0;AV PRS CASTELO BRANCO;;;357;;ColisÃ£o;Luz do Dia;;;Meio de Quadra;;;0;1;1;0;0;0;0;0;0;1;0;0;"-3;71981112200";"-38;53139044200";mq_match
355984;11;3;2020;6:00;0;ROD CE 010;;;;;Choque c/ ObstÃ¡culo Fixo;Luz do Dia;;Molhada;Meio de Quadra;;;0;0;1;1;0;0;0;0;0;0;0;0;;;
355845;11;3;2020;12:48;13474;RUA TOMAS ACIOLI;RUA DR JOSE LOURENCO;;0;;ColisÃ£o Transversal;Luz do Dia;Bom;Seca;Cruz;Pare;Comercial;0;0;2;1;0;0;0;0;0;0;0;0;"-3;74444700000";"-38;51093400000";inter_match
355846;11;3;2020;15:56;0;AV ROGACIANO LEITE;;;1040;;ColisÃ£o;Luz do Dia;Bom;Seca;Meio de Quadra;NÃ£o HÃ¡ Controle;Comercial;0;1;2;0;0;0;0;0;0;1;0;0;"-3;76687000000";"-38;49672000000";mq_match
355847;11;3;2020;18:59;7762;AV ANTONIO SALES;RUA NUNES VALENTE;;;;ColisÃ£o Transversal;Via Iluminada;Bom;Seca;Cruz;Pare;Residencial;0;1;1;1;0;0;0;0;0;0;0;0;"-3;74423700000";"-38;50631400000";inter_match
355848;11;3;2020;22:45;15233;RUA JULIO IBIAPINA;RUA JUAZEIRO DO NORTE;;;;ColisÃ£o Transversal;Mal Iluminada;Bom;Seca;Cruz;Pare;Residencial;0;0;2;0;0;0;0;0;0;1;0;0;"-3;72752700000";"-38;49115500000";inter_match
355849;12;3;2020;7:15;0;AV GOV RAUL BARBOSA;;;5586;;ColisÃ£o Lateral;Luz do Dia;Nublado;Seca;Meio de Quadra;NÃ£o HÃ¡ Controle;Comercial;0;0;3;1;0;0;0;0;0;1;0;0;"-3;77021000000";"-38;51063000000";mq_gpsv
355850;12;3;2020;13:50;0;RUA SAO PAULO;;;2190;;ColisÃ£o;Luz do Dia;Nublado;Seca;Meio de Quadra;NÃ£o HÃ¡ Controle;Comercial;0;0;2;0;0;0;0;0;0;0;0;0;"-3;72038700000";"-38;54464600000";mq_qgis
355985;12;3;2020;1:10;0;RD CE-040;;;;KM-02;Tombamento;;;Seca;Meio de Quadra;;;0;0;1;1;0;0;0;0;0;0;0;0;"-3;77361614800";"-38;48179940000";rod_match
355986;12;3;2020;9:50;0;RD CE-040;;;;KM-07;NÃ£o Informado;Luz do Dia;;Seca;Meio de Quadra;;;0;0;2;1;0;0;0;0;0;0;0;0;"-3;81715944500";"-38;48303286000";rod_match
355963;12;3;2020;9:30;0;RUA CEL MATOS DOURADO;;;1281;;ColisÃ£o Traseira;Luz do Dia;Nublado;Molhada;Meio de Quadra;SemÃ¡foro;Comercial;0;1;1;1;0;0;0;0;0;1;0;0;"-3;75024512500";"-38;58411913000";mq_match
357128;12;3;2020;6:09;0;AV MR HULL;;;;;Atropelamento;Luz do Dia;;;Meio de Quadra;;;0;1;1;1;0;0;0;0;0;0;0;0;;;
357171;12;3;2020;13:40;0;RUA ZACARIAS FLORINDO;;;1731;;ColisÃ£o;Luz do Dia;;;Meio de Quadra;;;0;1;1;0;0;0;1;0;0;1;0;0;"-3;78867770000";"-38;60673640000";mq_gpsv
357172;12;3;2020;13:42;0;RUA MON DANTAS;;;2200;;ColisÃ£o;Luz do Dia;;;Meio de Quadra;;;0;0;2;1;0;0;1;0;0;0;0;0;"-3;72034000000";"-38;54492000000";mq_gpsv
357173;12;3;2020;14:59;5452;AV HERACLITO GRACA;RUA J DA PENHA;;;;Atropelamento;Luz do Dia;;;Cruz;NÃ£o HÃ¡ Controle;Comercial;0;1;1;1;0;0;0;0;0;0;0;0;"-3;73535780000";"-38;51994700000";inter_match
357174;12;3;2020;15:22;332;RUA CON PENAFORT;RUA DOM JOSE LOURENCO  D27;;;;ColisÃ£o;Luz do Dia;;;Cruz;Pare;Rural;0;1;1;0;0;0;0;0;0;1;0;0;"-3;74520000000";"-38;55758000000";inter_gpsv
357157;12;3;2020;8:14;3420;AV JOAO PESSOA;RUA DES PRAXEDES;;;;ColisÃ£o;Luz do Dia;;;Cruz;SemÃ¡foro;Comercial;0;1;1;0;0;0;0;0;0;1;0;0;"-3;75694600000";"-38;55350400000";inter_match
357154;12;3;2020;7:44;23340;RUA JOAQUIM NABUCO;RUA EDUARDO BEZERRA;;;;ColisÃ£o;Luz do Dia;;;Cruz;Pare;Residencial;0;1;1;1;0;0;0;0;0;1;0;0;"-3;75323800000";"-38;50711500000";inter_match
357164;12;3;2020;9:55;0;RUA CEL JOAO CORREIA;;;3496;;ColisÃ£o;Luz do Dia;;;Meio de Quadra;;;0;1;1;1;0;0;0;0;0;1;0;0;"-3;78582000000";"-38;62385000000";mq_gpsv
357165;12;3;2020;11:13;0;AV GODOFREDO MACIEL;;;;;Queda;Luz do Dia;;;Meio de Quadra;;;0;1;0;0;0;0;0;0;0;1;0;0;;;
357166;12;3;2020;12:10;0;RUA PERGENTINO MAIA;;;680;;ColisÃ£o;Luz do Dia;;;Meio de Quadra;;;0;1;1;1;0;1;0;0;0;0;0;0;"-3;83135000000";"-38;48954000000";mq_gpsv
357167;12;3;2020;12:27;3373;RUA PAPI JUNIOR;RUA MARIO DE ANDRADE;;;;ColisÃ£o;Luz do Dia;;;Cruz;Pare;Misto;0;1;1;1;0;0;0;0;0;1;0;0;"-3;75373700000";"-38;55888500000";inter_match
357168;12;3;2020;12:38;0;RUA MARIA GOMES DE SA;;;1284;;ColisÃ£o;Luz do Dia;;;Meio de Quadra;;;0;1;1;1;0;0;0;0;0;1;0;0;"-3;82559160000";"-38;58204950000";mq_match
357146;12;3;2020;7:26;0;AV SGT HERMINIO SAMPAIO;;;169;;Atropelamento;Luz do Dia;;;Meio de Quadra;;;0;1;1;0;0;0;0;0;0;1;0;0;"-3;73479100000";"-38;59118600000";mq_match
357144;12;3;2020;7:24;0;RUA SEN ROBERT KENNEDY;;;526;;ColisÃ£o;Luz do Dia;;;Meio de Quadra;;;0;1;1;1;0;1;0;0;0;0;0;0;"-3;70465780000";"-38;57929480000";mq_qgis
357138;12;3;2020;7:16;12533;AV CEL CARVALHO;RUA MARIA CLARA;;;;ColisÃ£o;Luz do Dia;;;Cruz;NÃ£o HÃ¡ Controle;Comercial;0;1;1;0;0;0;0;0;0;1;0;0;"-3;72538200000";"-38;58581800000";inter_match
357139;12;3;2020;7:18;0;AV GOV RAUL BARBOSA;;;6080;;ColisÃ£o;Luz do Dia;;;Meio de Quadra;;;0;1;1;1;0;0;0;0;0;1;0;0;"-3;77028200000";"-38;51066200000";mq_match
357176;12;3;2020;16:39;0;AV JOVITA FEITOSA;;;170;;ColisÃ£o;Luz do Dia;;;Meio de Quadra;;;0;1;2;1;0;0;0;0;0;1;0;0;"-3;73759000000";"-38;54549600000";mq_qgis
357177;12;3;2020;17:21;0;RUA 27 DE JULHO;;;1630;;Queda;Anoitecer;;;Meio de Quadra;;;0;1;0;0;0;1;0;0;0;0;0;0;"-3;83691000000";"-38;57033000000";mq_gpsv
357178;12;3;2020;18:09;0;AV JOVITA FEITOSA;;;1130;;ColisÃ£o;Anoitecer;;;Meio de Quadra;;;0;1;1;0;0;0;0;0;0;1;0;0;"-3;73921000000";"-38;55356000000";mq_gpsv
357179;12;3;2020;18:15;0;RD BR 116;;;;;ColisÃ£o;Anoitecer;;;Meio de Quadra;;;0;0;2;1;0;0;0;0;0;1;0;0;;;
357180;12;3;2020;19:22;0;AV ANTONIO JUSTA;;;3320;;ColisÃ£o;;;;Meio de Quadra;;;0;1;1;1;0;0;0;0;0;1;0;0;"-3;72868600000";"-38;49128500000";mq_qgis
357181;12;3;2020;21:09;0;AV SEN VIRGILIO TAVORA;;;1200;;Queda;;;;Meio de Quadra;;;0;1;0;0;0;0;0;0;0;1;0;0;"-3;73731450000";"-38;49331600000";mq_qgis
357182;12;3;2020;22:28;0;AV JOAO DE ARAUJO LIMA;;;801;;Queda;;;;Meio de Quadra;;;0;1;0;0;0;0;0;0;0;1;0;0;"-3;82895574300";"-38;55969384000";mq_match
356885;12;3;2020;9:00;25852;RUA MARTINS CARVALHO;RUA A CJ PALMARES (G. LISBOA);;;;ColisÃ£o;Luz do Dia;;;Cruz;NÃ£o HÃ¡ Controle;Comercial;0;0;2;0;1;0;0;0;1;0;0;0;"-3;78895000000";"-38;62607000000";inter_gpsv
356886;12;3;2020;17:25;64;RUA PDE PERDIGAO SAMPAIO;RUA MARTINS NETO;;;;ColisÃ£o;Anoitecer;;;Cruz;Pare;Residencial;0;1;1;0;1;0;0;0;0;1;0;0;"-3;74109240000";"-38;59442000000";inter_match
356900;13;3;2020;15:03;25006;RUA BENI DE CARVALHO;RUA LEONARDO MOTA;;;;ColisÃ£o;Luz do Dia;;;Cruz;SemÃ¡foro;Residencial;0;0;3;1;0;0;0;0;0;0;0;0;"-3;74473900000";"-38;49893100000";inter_match
356904;13;3;2020;21:20;3387;AV ENG HUMBERTO MONTE;RUA MON FURTADO;;;;ColisÃ£o;;;;Cruz;Pare;Residencial;0;0;2;1;0;0;0;0;0;1;0;0;"-3;75424200000";"-38;55615300000";inter_match
356905;13;3;2020;22:50;0;RUA MARTINS CARVALHO;;;;;ColisÃ£o;;;;Meio de Quadra;;;0;0;3;1;0;0;0;0;0;1;0;0;;;
356699;13;3;2020;17:15;0;RD BR 116;;;5000;KM-05;Atropelamento;Anoitecer;Bom;Seca;Meio de Quadra;;;0;1;1;0;0;0;0;0;0;0;0;0;"-3;79650200000";"-38;50678700000";rod_match
357183;13;3;2020;6:58;183;AV SGT HERMINIO SAMPAIO;RUA DEMETRIO MENEZES;;;;Queda;Luz do Dia;;;;;;0;1;0;0;0;0;0;0;0;1;0;0;"-3;73386700000";"-38;58431600000";inter_match
357184;13;3;2020;7:27;0;AV ALBERTO CRAVEIRO;;;;;ColisÃ£o;Luz do Dia;;;Meio de Quadra;;;0;1;1;1;0;0;0;0;0;1;0;0;;;
357185;13;3;2020;7:31;0;RUA TIRADENTES;;;895;;Queda;Luz do Dia;;;Meio de Quadra;;;0;1;0;0;0;0;0;0;0;1;0;0;"-3;73964700000";"-38;55171900000";mq_qgis
357186;13;3;2020;7:42;0;RUA VALPARAISO;;;153;;ColisÃ£o;Luz do Dia;;;Meio de Quadra;;;0;2;1;1;0;0;0;0;0;1;0;0;"-3;84359000000";"-38;52668000000";mq_match
357187;13;3;2020;9:47;0;RUA FCO JOSE A PEREIRA;;;;;Queda;Luz do Dia;;;Meio de Quadra;;;0;1;0;0;0;0;0;0;0;1;0;0;;;
357188;13;3;2020;11:27;0;RUA GAL ALIPIO DOS SANTOS;;;1370;;ColisÃ£o;Luz do Dia;;;Meio de Quadra;;;0;1;1;1;0;0;0;0;0;1;0;0;"-3;73380090000";"-38;59718470000";mq_qgis
357189;13;3;2020;11:43;0;AV PRS CASTELO BRANCO;;;3965;;Queda;Luz do Dia;;;Meio de Quadra;;;0;1;0;0;0;0;0;0;0;1;0;0;"-3;70864000000";"-38;56774420000";mq_qgis
357190;13;3;2020;11:51;19363;RUA IGUAPE;AV GAL OSORIO DE PAIVA;;;;ColisÃ£o;Luz do Dia;;;Cruz;Pare;Comercial;0;1;1;1;0;0;0;0;0;1;0;0;"-3;77696400000";"-38;56861700000";inter_match
357191;13;3;2020;12:13;24952;AV ALM HENRIQUE SABOIA;RUA ALVARO CORREIA;;;;Queda;Luz do Dia;;;T;Pare;Residencial;0;1;0;0;0;0;0;0;0;1;0;0;"-3;72993000000";"-38;48130400000";inter_match
357192;13;3;2020;12:16;0;AV 13 DE MAIO;;;3010;;Atropelamento;Luz do Dia;;;Meio de Quadra;;;0;1;1;0;0;0;0;0;0;1;0;0;"-3;73828000000";"-38;54216500000";mq_match
357193;13;3;2020;13:26;0;AV JOSE BASTOS;;;;;ColisÃ£o;Luz do Dia;;;Meio de Quadra;;;0;1;1;1;0;0;0;0;0;1;0;0;;;
357194;13;3;2020;14:06;0;RUA SOLON PINHEIRO;;;1332;;ColisÃ£o;Luz do Dia;;;Meio de Quadra;;;0;1;1;1;0;0;0;0;0;1;0;0;"-3;74259400000";"-38;53040600000";mq_qgis
357195;13;3;2020;15:58;0;AV JOVITA FEITOSA;;;260;;ColisÃ£o;Luz do Dia;;;Meio de Quadra;;;0;1;1;1;0;0;0;0;0;1;0;0;"-3;73992000000";"-38;55654000000";mq_gpsv
357196;13;3;2020;16:34;35;RUA JOAQUIM LEITAO;RUA PEDRO MELO;;;;ColisÃ£o;Luz do Dia;;;Cruz;Pare;Residencial;0;0;2;1;0;0;0;0;0;0;0;0;"-3;74417400000";"-38;59210000000";inter_match
357197;13;3;2020;17:18;0;RD BR 116;;;5000;KM-05;Atropelamento;Anoitecer;;;Meio de Quadra;;;0;1;1;0;0;0;0;0;0;1;0;0;"-3;79650200000";"-38;50678700000";rod_match
357198;13;3;2020;17:47;0;RUA MARIA JULIA;;;;;ColisÃ£o;Anoitecer;;;Meio de Quadra;;;0;1;1;1;0;1;0;0;0;0;0;0;;;
357199;13;3;2020;18:02;0;AV ENG SANTANA JUNIOR;;;;;Queda;Anoitecer;;;Meio de Quadra;;;0;1;0;0;0;0;0;0;0;1;0;0;;;
357200;13;3;2020;18:04;0;RUA JOSE HIPOLITO;;;220;;Atropelamento;Anoitecer;;;Meio de Quadra;;;0;1;1;0;0;0;0;0;0;1;0;0;"-3;83284100000";"-38;49325400000";mq_match
357201;13;3;2020;18:23;0;RUA GAL TERTULIANO POTYGUARA;;;555;;ColisÃ£o;Anoitecer;;;Meio de Quadra;;;0;1;1;1;0;0;0;0;0;1;0;0;"-3;74345400000";"-38;49957600000";mq_match
357202;13;3;2020;19:44;0;AV BORGES DE MELO;;;;;Atropelamento;;;;Meio de Quadra;;;0;1;1;1;0;0;0;0;0;0;0;0;;;
357203;13;3;2020;19:52;0;RUA GOMES PASSOS;;;411;;ColisÃ£o;;;;Meio de Quadra;;;0;1;1;0;0;0;0;0;0;1;0;0;"-3;71172400000";"-38;55971100000";mq_match
357204;13;3;2020;20:16;0;AV GODOFREDO MACIEL;;;;;ColisÃ£o;;;;Meio de Quadra;;;0;1;1;1;0;0;0;0;0;1;0;0;;;
357205;13;3;2020;21:43;0;AV DOM LUIS;;;1200;;ColisÃ£o;;;;Meio de Quadra;;;0;1;1;0;0;0;0;0;0;1;0;0;"-3;73545200000";"-38;49057900000";mq_match
357206;13;3;2020;22:11;0;RUA 8 DE SETEMBRO;;;1520;;ColisÃ£o;;;;Meio de Quadra;;;0;1;0;0;0;0;0;0;0;0;0;0;;;
357207;13;3;2020;22:24;0;RUA TEODORO DE CASTRO;;;984;;ColisÃ£o;;;;Meio de Quadra;;;0;1;1;0;0;0;0;0;0;1;0;0;"-3;78119948000";"-38;59989150000";mq_qgis
357208;13;3;2020;22:28;9952;RUA EMILIO DE MENESES;RUA JOSE TORRES;;;;ColisÃ£o;;;;Cruz;SemÃ¡foro;Comercial;0;1;0;0;0;0;0;0;0;0;0;0;"-3;77642500000";"-38;60628300000";inter_match
357209;13;3;2020;22:50;0;AV JOSE LEON;;;1498;;ColisÃ£o;;;;Meio de Quadra;;;0;1;1;1;0;0;0;0;0;1;0;0;"-3;78892300000";"-38;49731700000";mq_qgis
355851;13;3;2020;6:00;0;RUA DEMETRIO MENEZES;;;3467;;ColisÃ£o Lateral;Luz do Dia;Chuva;Molhada;Meio de Quadra;SemÃ¡foro;Comercial;0;1;1;0;0;0;0;0;0;1;0;0;"-3;73419000000";"-38;58420000000";mq_gpsv
355852;13;3;2020;9:20;0;AV GODOFREDO MACIEL;;;3000;;ColisÃ£o Transversal;Luz do Dia;Chuva;Molhada;Meio de Quadra;NÃ£o HÃ¡ Controle;Comercial;0;0;2;1;0;0;0;0;0;0;0;0;"-3;80202077800";"-38;57165256000";mq_match
355853;13;3;2020;12:10;19138;RUA ALMEIDA PRADO;RUA ARI BARROSO;;0;;ColisÃ£o Traseira;Luz do Dia;Chuva;Molhada;RotatÃ³ria;DÃª PreferÃªncia;Comercial;0;0;2;1;1;0;0;0;0;0;0;0;"-3;73929700000";"-38;47374600000";inter_match
355854;13;3;2020;14:09;18743;RUA VALPARAISO;RUA CATOLE;;;;ColisÃ£o Transversal;Luz do Dia;Chuva;Molhada;Cruz;SemÃ¡foro;Comercial;0;0;2;1;0;0;0;0;0;1;0;0;"-3;84640700000";"-38;52017100000";inter_match
355855;13;3;2020;14:30;6803;RUA ALMEIDA PRADO;RUA DR GILBERTO STUDART;;;;ColisÃ£o Transversal;Luz do Dia;Chuva;Molhada;Cruz;Pare;Residencial;0;1;1;1;0;0;0;0;0;0;0;0;"-3;74532300000";"-38;47566500000";inter_match
355856;13;3;2020;19:39;0;AV DOM MANUEL;;;445;;ColisÃ£o;Anoitecer;Chuva;Molhada;Meio de Quadra;SemÃ¡foro;Comercial;0;0;2;0;0;0;0;0;0;1;0;0;"-3;72808790000";"-38;52102490000";mq_qgis
355857;14;3;2020;7:54;25795;RUA ANDRADE FURTADO;RUA JOSE BORBA VASCONCELOS;;;;ColisÃ£o Transversal;Amanhecer;Chuva;Molhada;T;Pare;Comercial;0;1;2;1;0;0;0;1;0;1;0;0;"-3;74494000000";"-38;47152000000";inter_gpsv
355858;14;3;2020;20:27;24156;RUA HERMINIA BONAVIDES;RUA OLIVEIRA FILHO;;;;ColisÃ£o;Via Iluminada;Chuva;Molhada;Cruz;Pare;Residencial;0;1;1;1;0;0;0;0;0;1;0;0;"-3;73062400000";"-38;46214500000";inter_match
355987;14;3;2020;8:30;0;RD CE-040;;;;KM-07;Choque c/ ObstÃ¡culo Fixo;Luz do Dia;;Seca;Meio de Quadra;;;0;0;1;1;0;0;0;0;0;0;0;0;"-3;81715944500";"-38;48303286000";rod_match
357210;14;3;2020;1:29;0;AV ABOLICAO;;;1780;;Atropelamento;;;;Meio de Quadra;;;0;1;1;1;0;0;0;0;0;0;0;0;"-3;72479100000";"-38;50336800000";mq_match
357211;14;3;2020;3:26;0;AV CEL CARVALHO;;;1313;;Queda;;;;Meio de Quadra;;;0;1;0;0;0;0;0;0;0;1;0;0;"-3;71455200000";"-38;58865700000";mq_match
357212;14;3;2020;3:39;0;AV GENIBAU;;;240;;Atropelamento;Luz do Dia;;;Meio de Quadra;;;0;1;1;0;0;0;0;0;0;1;0;0;"-3;76127300000";"-38;59746800000";mq_match
357213;14;3;2020;3:50;0;AV GENIBAU;;;150;;Atropelamento;;;;Meio de Quadra;;;0;1;1;0;0;0;0;0;0;1;0;0;"-3;76155005000";"-38;59633970000";mq_qgis
357214;14;3;2020;6:42;0;RUA BENTO ALBUQUERQUE;;;1900;;Atropelamento;Luz do Dia;;;Meio de Quadra;;;0;1;1;0;0;0;0;0;0;0;0;0;"-3;74726600000";"-38;47225800000";mq_match
357215;14;3;2020;7:03;0;AV D CJ CEARA;;;1289;;Atropelamento;Luz do Dia;;;Meio de Quadra;;;0;2;1;0;0;0;0;0;0;1;0;0;"-3;83069140000";"-38;55905400000";mq_gpsv
357216;14;3;2020;7:30;0;AV GAL OSORIO DE PAIVA;;;8000;;ColisÃ£o;Luz do Dia;;;Meio de Quadra;;;0;1;1;1;0;0;0;0;0;1;0;0;"-3;82123639100";"-38;61808115600";mq_match
357217;14;3;2020;7:36;0;RD BR 116;;;;;ColisÃ£o;Luz do Dia;;;Meio de Quadra;;;0;1;1;1;0;0;0;0;0;1;0;0;;;
357218;14;3;2020;8:14;18423;AV SGT HERMINIO SAMPAIO;RUA FRE ODILON;;;;ColisÃ£o;Luz do Dia;;;Cruz;NÃ£o HÃ¡ Controle;Comercial;0;1;1;1;0;0;0;0;0;1;0;0;"-3;72892100000";"-38;57269200000";inter_match
357219;14;3;2020;8:27;0;RUA EDGAR FALCAO;;;130;;Queda;Luz do Dia;;;Meio de Quadra;;;0;1;0;0;0;0;0;0;0;1;0;0;"-3;73125390000";"-38;57178350000";mq_qgis
357220;14;3;2020;9:44;21326;RUA JOSE SOMBRA;RUA AZEVEDO BOLAO;;;;Atropelamento;Luz do Dia;;;Cruz;Pare;Residencial;0;1;1;1;0;0;0;0;0;0;0;0;"-3;73447000000";"-38;54703000000";inter_gpsv
357221;14;3;2020;12:19;0;RUA PRO JACINTO BOTELHO;;;1600;;ColisÃ£o;Luz do Dia;;;Meio de Quadra;;;0;1;1;1;0;0;0;0;0;1;0;0;"-3;73375600000";"-38;48217090000";mq_gpsv
357222;14;3;2020;12:58;10392;RUA STA ADELIA;RUA JOSE MENDONCA;;;;ColisÃ£o;Luz do Dia;;;Cruz;Pare;Residencial;0;1;1;1;0;0;0;0;0;1;0;0;"-3;75904300000";"-38;60254500000";inter_match
357223;14;3;2020;14:00;0;AV SEN FERNANDES TAVORA;;;1845;;ColisÃ£o;Luz do Dia;;;Meio de Quadra;;;0;1;1;1;0;0;0;0;0;1;0;0;"-3;75863200000";"-38;58881400000";mq_match
357224;14;3;2020;15:51;0;AV CONTORNO OESTE D71;;;1234;;ColisÃ£o;Luz do Dia;;;Meio de Quadra;;;0;1;1;1;0;0;0;0;0;1;0;0;"-3;81176000000";"-38;59539000000";mq_gpsv
357225;14;3;2020;17:17;5490;AV DOM MANUEL;RUA PDE VALDEVINO;;;;ColisÃ£o;Anoitecer;;;;;;0;1;1;0;0;0;0;0;0;1;0;0;"-3;73687300000";"-38;52396700000";inter_match
357226;14;3;2020;17:46;0;RUA JOSE FACANHA;;;753;;ColisÃ£o;Anoitecer;;;Meio de Quadra;;;0;1;0;0;0;0;0;0;0;0;0;0;"-3;75151200000";"-38;55796300000";mq_qgis
357227;14;3;2020;18:18;0;AV B CJ CEARA;;;650;;ColisÃ£o;Anoitecer;;;Meio de Quadra;;;0;1;1;1;0;0;0;0;0;1;0;0;"-3;76739600000";"-38;60665200000";mq_match
357228;14;3;2020;18:18;0;RUA NOEL ROSA;;;1802;;ColisÃ£o;Anoitecer;;;Meio de Quadra;;;0;1;0;0;0;0;0;0;0;0;0;0;"-3;76834299000";"-38;58638240000";mq_qgis
357229;14;3;2020;19:20;0;RUA 808 CJ CEARA;;;39;;ColisÃ£o;;;;Meio de Quadra;;;0;1;1;1;0;0;0;0;0;1;0;0;"-3;76638297000";"-38;59910300000";mq_qgis
357230;14;3;2020;20:30;19377;RUA EDUARDO PERDIGAO;RUA GERMANO FRANCK;;;;ColisÃ£o;;;;Cruz;SemÃ¡foro;Comercial;0;1;1;0;0;0;0;0;0;1;0;0;"-3;77770400000";"-38;56254200000";inter_match
357231;14;3;2020;21:50;0;AV PERIMETRAL;;;1841;;Queda;;;;Meio de Quadra;;;0;1;0;0;0;0;0;0;0;1;0;0;;;
357232;14;3;2020;23:24;0;AV JOR THOMAZ COELHO;;;2103;;Atropelamento;;;;Meio de Quadra;;;1;1;0;0;0;0;0;0;0;1;0;0;"-3;82793000000";"-38;51471000000";mq_gpsv
357233;14;3;2020;23:54;0;RUA MARIA TOMASIA;;;;;ColisÃ£o;;;;Meio de Quadra;;;0;1;1;1;0;0;0;0;0;1;0;0;;;
356700;14;3;2020;20:05;0;RD BR 116;;;13000;KM-13;Atropelamento;;Chuva;Molhada;Meio de Quadra;;;0;1;1;0;0;0;0;0;0;1;0;0;"-3;86467000000";"-38;49772700000";rod_match
356906;14;3;2020;17:00;0;AV CONTORNO SUL;;;1234;;ColisÃ£o;Anoitecer;;;Meio de Quadra;;;0;0;2;1;0;0;0;0;0;1;0;0;"-3;81350000000";"-38;59424000000";mq_gpsv
356701;15;3;2020;15:00;0;RD BR 222;;;;KM-02;Tombamento;Luz do Dia;Bom;Seca;Meio de Quadra;;;0;2;1;0;0;0;0;0;0;1;0;0;"-3;74036240000";"-38;59699610000";rod_match
356702;15;3;2020;20:55;0;RD BR 116;;;2000;KM-02;Atropelamento;;Nublado;Seca;Meio de Quadra;;;1;0;1;1;0;0;0;0;0;0;0;0;"-3;77139100000";"-38;51678000000";rod_match
356738;15;3;2020;0:40;0;AV JOR THOMAZ COELHO;;;1900;;Atropelamento;;;;Meio de Quadra;;;0;1;1;1;0;0;0;0;0;0;0;0;"-3;82875130000";"-38;51244000000";mq_match