COD_ACIDENTE;DIA;MES;ANO;HORA;INTERSECAO;LOG1;LOG2;LOG3;NUMERO;REFERENCIA;NATUREZA;ILUMINACAO;TEMPO;SUPERFICIEPISTA;TIPOCRUZAMENTO;CONTROLETRAFEGO;USOSOLO;MORTOS;FERIDOS;ILESOS;AUTOMOVEL;ONIBUS;BICICLETA;CAMINHAO;MICROONIBUS;CICLOMOTOR;MOTOCICLETA;TRACAOANIMAL;TREM;LATITUDE;LONGITUDE;METODO
358855;12;4;2020;2:43;0;AV JOSE LEON;;;2041;;ColisÃ£o;;;;Meio de Quadra;;;0;1;0;0;0;0;0;0;0;0;0;0;"-3;78976550000";"-38;49385870000";mq_qgis
358856;12;4;2020;2:47;0;RUA 6;;;346;;Queda;;;;Meio de Quadra;;;0;1;0;0;0;0;0;0;0;1;0;0;"-3;82203070000";"-38;56725950000";mq_gpsv
358857;12;4;2020;5:16;0;AV MR HULL;;;;;Atropelamento;Amanhecer;;;Meio de Quadra;;;0;1;0;1;0;0;0;0;0;0;0;0;;;
358858;12;4;2020;7:51;0;RUA PRO GOMES BRASIL;;;;;ColisÃ£o;Luz do Dia;;;Meio de Quadra;;;0;2;0;0;0;0;0;0;0;1;0;0;;;
358859;12;4;2020;9:37;0;RUA GUARANI D35 (JOAO XXIII);;;1853;;Queda;Luz do Dia;;;Meio de Quadra;;;0;1;0;0;0;1;0;0;0;0;0;0;"-3;77331609000";"-38;58518190000";mq_qgis
358862;12;4;2020;11:53;0;RUA DOS HOLANDESES;;;;;ColisÃ£o;Luz do Dia;;;;;;0;1;0;1;0;0;0;0;0;1;0;0;;;
358865;12;4;2020;21:30;0;RUA CEL VIRGILIO NOGUEIRA (BOM JARDIM);;;;;ColisÃ£o;;;;Meio de Quadra;;;0;1;1;1;0;1;0;0;0;0;0;0;;;
358866;12;4;2020;11:55;0;RUA J LT PARAISO VERDE;;;265;;Queda;Luz do Dia;;;Meio de Quadra;;;0;1;0;0;0;0;0;0;0;1;0;0;"-3;81183460000";"-38;62310210000";mq_gpsv
358869;12;4;2020;12:33;0;AV MR HULL;;;5000;;Atropelamento;Luz do Dia;;;Meio de Quadra;;;0;1;0;0;0;0;0;0;0;1;0;0;"-3;73921061400";"-38;58867060000";mq_match
358873;12;4;2020;13:28;0;AV PRS CASTELO BRANCO;;;;;ColisÃ£o;Luz do Dia;;;Meio de Quadra;;;0;1;0;1;0;0;0;0;0;1;0;0;;;
358877;12;4;2020;13:34;0;AV GOV RAUL BARBOSA;;;7239;;ColisÃ£o;Luz do Dia;;;Meio de Quadra;;;0;1;0;1;0;0;0;0;0;1;0;0;"-3;77558066700";"-38;51303700000";mq_match
358878;12;4;2020;13:37;15366;RUA PEREIRA VALENTE;RUA PRO DIAS DA ROCHA;;;;ColisÃ£o;Luz do Dia;;;Cruz;Pare;Residencial;0;1;0;0;0;0;0;0;0;1;0;0;"-3;73413200000";"-38;49124300000";inter_match
358879;12;4;2020;15:34;0;RD BR 116;;;;;Queda;Luz do Dia;;;Meio de Quadra;;;0;1;0;0;0;0;0;0;0;1;0;0;;;
358880;12;4;2020;19:12;2717;RUA CEL VIRGILIO NOGUEIRA (BOM JARDIM);RUA GERALDO BARBOSA;;;;ColisÃ£o;;;;Cruz;Pare;Comercial;0;2;0;1;0;1;0;0;0;0;0;0;"-3;78968980000";"-38;60899400000";inter_match
358881;12;4;2020;20:40;0;RUA PEREIRA;;;1435;;Queda;;;;Meio de Quadra;;;0;1;0;0;0;1;0;0;0;0;0;0;"-3;71788820000";"-38;57022820000";mq_gpsv
358882;12;4;2020;21:13;0;AV C CJ CEARA;;;1425;;ColisÃ£o;;;;Meio de Quadra;;;0;1;0;1;0;0;0;0;0;1;0;0;"-3;77111700000";"-38;61403400000";mq_match
358883;12;4;2020;21:42;0;RUA ISRAEL BEZERRA;;;1010;;Queda;;;;Meio de Quadra;;;0;0;1;0;0;0;0;0;0;1;0;0;"-3;75076950000";"-38;49254650000";mq_qgis
358884;12;4;2020;22:21;0;RUA POMPILIO GOMES;;;1732;;ColisÃ£o;;;;Meio de Quadra;;;0;1;0;0;1;0;0;0;0;1;0;0;"-3;82694429000";"-38;52120170000";mq_qgis
358885;13;4;2020;5:09;0;AV JOR THOMAZ COELHO;;;1578;;ColisÃ£o;Amanhecer;;;Meio de Quadra;;;0;1;0;0;0;0;0;0;0;1;0;0;"-3;82990427100";"-38;50913561000";mq_match
358886;13;4;2020;5:48;0;AV PRS COSTA E SILVA;;;5567;;Queda;Amanhecer;;;Meio de Quadra;;;0;1;0;0;0;0;0;0;0;1;0;0;"-3;82832000000";"-38;53160000000";mq_gpsv
358887;13;4;2020;7:13;0;AV ALM HENRIQUE SABOIA;;;;;Queda;Luz do Dia;;;Meio de Quadra;;;0;2;0;0;0;0;0;0;0;1;0;0;;;
358888;13;4;2020;8:14;0;RUA CEL JOAQUIM FRANKLIN;;;114;;ColisÃ£o;Luz do Dia;;;Meio de Quadra;;;0;1;0;0;0;0;1;0;0;1;0;0;"-3;74217579000";"-38;58619480000";mq_qgis
358894;13;4;2020;9:19;0;RUA CON DE CASTRO;;;3505;;ColisÃ£o;Luz do Dia;;;Meio de Quadra;;;0;1;0;1;0;0;0;0;0;1;0;0;"-3;79830975000";"-38;58574970000";mq_qgis
358895;13;4;2020;11:28;5174;RUA GUILHERME ROCHA;AV TRISTAO GONCALVES;;;;Atropelamento;Luz do Dia;;;T;SemÃ¡foro;Comercial;0;2;0;0;0;1;0;0;0;0;0;0;"-3;72548650000";"-38;53249000000";inter_match
358898;13;4;2020;12:19;0;RUA ALVES DE SOUZA;;;1070;;ColisÃ£o;Luz do Dia;;;Meio de Quadra;;;0;2;0;0;0;0;0;0;0;1;0;0;"-3;80225390000";"-38;59436820000";mq_gpsv
358899;13;4;2020;13:04;0;RUA TERRA DAS FLORES;;;899;;Queda;Luz do Dia;;;Meio de Quadra;;;0;1;0;0;0;0;0;0;0;1;0;0;"-3;80900000000";"-38;43067000000";mq_gpsv
358900;13;4;2020;14:21;0;RD BR 116;;;;;Atropelamento;Luz do Dia;;;Meio de Quadra;;;0;1;0;1;0;0;0;0;0;0;0;0;;;
358911;13;4;2020;18:53;0;AV ALBERTO CRAVEIRO;;;;;ColisÃ£o;;;;Meio de Quadra;;;0;1;0;1;0;0;0;0;0;1;0;0;;;
358912;13;4;2020;19:51;0;AV PRO GOMES DE MATOS;;;1712;;ColisÃ£o;;;;Meio de Quadra;;;0;2;0;1;0;0;0;0;0;1;0;0;"-3;76645095000";"-38;55016040000";mq_qgis
358913;13;4;2020;20:44;0;RUA FRANCISCO PAIVA;;;274;;Queda;;;;Meio de Quadra;;;0;1;0;0;0;0;0;0;0;1;0;0;"-3;78390000000";"-38;61191000000";mq_gpsv
358914;13;4;2020;21:11;3831;AV 13 DE MAIO;RUA MAL DEODORO;;;;ColisÃ£o;;;;Cruz;SemÃ¡foro;Comercial;0;1;0;1;0;0;0;0;0;1;0;0;"-3;74312200000";"-38;53658800000";inter_match
358915;13;4;2020;21:30;23342;RUA EDUARDO BEZERRA;RUA TIBURCIO CAVALCANTE;;;;Queda;;;;Cruz;Pare;Residencial;0;1;0;0;0;0;0;0;0;1;0;0;"-3;75332900000";"-38;50814500000";inter_match
358904;13;4;2020;17:54;0;AV CARNEIRO DE MENDONCA;;;2264;;Queda;Anoitecer;;;Meio de Quadra;;;0;1;0;0;0;1;0;0;0;0;0;0;"-3;75834300000";"-38;57812500000";mq_qgis
358905;13;4;2020;18:01;0;RUA PRA STELLA COCHRANE;;;4500;;ColisÃ£o;Anoitecer;;;Meio de Quadra;;;0;1;0;1;0;0;0;0;0;1;0;0;;;
358906;13;4;2020;18:14;0;RUA DA SAPUCAIA;;;125;;Queda;Anoitecer;;;Meio de Quadra;;;0;1;0;0;0;0;0;0;0;1;0;0;"-3;78169247000";"-38;50915730000";mq_qgis
358902;13;4;2020;17:11;0;AV AUGUSTO DOS ANJOS;;;1747;;Atropelamento;Anoitecer;;;Meio de Quadra;;;0;1;0;1;0;0;0;0;0;0;0;0;"-3;78136600000";"-38;58020300000";mq_match
358868;13;4;2020;8:50;0;AV AUGUSTO DOS ANJOS;;;;;ColisÃ£o;Luz do Dia;;;Meio de Quadra;;;0;0;2;1;0;0;0;0;0;1;0;0;;;
356538;13;4;2020;1:52;0;RUA POMPILIO GOMES;;;1761;;ColisÃ£o Traseira;Via Iluminada;Bom;Seca;Meio de Quadra;NÃ£o HÃ¡ Controle;Residencial;0;0;2;0;1;0;0;0;0;0;0;0;"-3;82721905000";"-38;52121190000";mq_qgis
356540;13;4;2020;7:26;0;AV AUGUSTO DOS ANJOS;RUA THEOGENES GONDIM;;0;;ColisÃ£o Lateral;Luz do Dia;Bom;Seca;Meio de Quadra;NÃ£o HÃ¡ Controle;Comercial;0;1;1;1;0;0;0;0;0;1;0;0;"-3;77966500000";"-38;57882300000";inter_match
356541;13;4;2020;16:23;0;AV EDILSON B SOARES;RUA FIRMO A CARDOSO;;0;;ColisÃ£o Transversal;Luz do Dia;Bom;Seca;Meio de Quadra;Pare;Comercial;0;1;0;0;0;0;0;0;0;1;0;0;"-3;78818000000";"-38;46606000000";inter_gpsv
356542;14;4;2020;10:51;1243;RUA PEREIRA FILGUEIRAS;RUA DR JOSE LOURENCO;;;;ColisÃ£o;Luz do Dia;Bom;Seca;Cruz;Pare;Comercial;0;1;1;1;0;0;0;0;0;1;0;0;"-3;73044900000";"-38;50647000000";inter_match
356543;14;4;2020;16:00;7391;RUA CURITIBA;RUA ARACAJU;;;;ColisÃ£o Transversal;Luz do Dia;Bom;Seca;Cruz;Pare;Residencial;0;0;2;1;0;0;0;0;0;0;0;0;"-3;75840000000";"-38;58685000000";inter_gpsv
356714;14;4;2020;14:25;0;RD BR 222;;;;KM-02;Tombamento;Luz do Dia;Nublado;Seca;Meio de Quadra;;;0;2;0;0;0;0;0;0;0;1;0;0;"-3;74036240000";"-38;59699610000";rod_match
358870;14;4;2020;20:15;0;RD BR 116;;;1000;KM-01;ColisÃ£o;;;;Meio de Quadra;;;0;0;2;1;0;0;0;0;0;1;0;0;"-3;76255400000";"-38;51870200000";rod_match
358871;14;4;2020;13:30;0;AV AGUANAMBI;;;421;;ColisÃ£o;Luz do Dia;;;Meio de Quadra;;;0;0;1;1;0;0;0;0;0;0;0;0;"-3;74052300000";"-38;52505900000";mq_match
358931;14;4;2020;16:21;0;AV WASHINGTON SOARES;;;3000;;Queda;Luz do Dia;;;Meio de Quadra;;;0;1;0;0;0;1;0;0;0;0;0;0;"-3;78340600000";"-38;48099600000";mq_qgis
358934;14;4;2020;17:37;0;RUA CARLOS VASCONCELOS;;;146;;Queda;Anoitecer;;;Meio de Quadra;;;0;1;0;0;0;1;0;0;0;0;0;0;"-3;72324417000";"-38;50764280000";mq_qgis
358937;14;4;2020;19:26;0;RD BR 116;;;1000;KM-01;Atropelamento;;;;Meio de Quadra;;;0;1;0;0;1;0;0;0;0;0;0;0;"-3;76255400000";"-38;51870200000";rod_match
358940;14;4;2020;19:56;0;AV CEL CARVALHO;;;917;;ColisÃ£o;;;;Meio de Quadra;;;0;1;0;0;0;0;0;0;0;1;0;0;"-3;71054600000";"-38;58967600000";mq_qgis
358942;14;4;2020;21:28;0;RUA ANTONIO ARRUDA;;;1456;;ColisÃ£o;;;;Meio de Quadra;;;0;1;0;1;0;0;0;0;0;1;0;0;"-3;72064500000";"-38;59415100000";mq_qgis
358943;14;4;2020;22:21;15104;AV HIS RAIMUNDO GIRAO;RUA ILDEFONSO ALBANO;;;;ColisÃ£o;;;;Cruz;Gesto;Comercial;0;2;0;1;0;0;0;0;0;1;0;0;"-3;72160300000";"-38;50954200000";inter_match
358925;14;4;2020;13:33;1450;RUA JOAO CARVALHO;RUA JOSE VILAR;;;;ColisÃ£o;Luz do Dia;;;Cruz;SemÃ¡foro;Comercial;0;1;0;1;0;0;0;0;0;0;0;0;"-3;73831800000";"-38;50547700000";inter_match
358926;14;4;2020;15:02;25021;RUA DR HUGO ROCHA;RUA TEODOMIRO DE CASTRO;;;;Queda;Luz do Dia;;;Cruz;Pare;Comercial;0;1;0;0;0;0;0;0;0;1;0;0;"-3;72037000000";"-38;56890000000";inter_gpsv
358927;14;4;2020;16:20;0;AV MAJ ASSIS;;;1472;;ColisÃ£o;Luz do Dia;;;Meio de Quadra;;;0;1;0;1;0;0;0;0;0;1;0;0;"-3;72262500000";"-38;59254100000";mq_qgis
358916;14;4;2020;8:03;15200;RUA DEP MOREIRA DA ROCHA;RUA CARLOS VASCONCELOS;;;;ColisÃ£o;Luz do Dia;;;Cruz;SemÃ¡foro;Residencial;0;2;0;0;0;0;0;0;0;0;0;0;"-3;72656000000";"-38;50872400000";inter_match
358917;14;4;2020;10:40;0;RUA CON DE CASTRO;;;8312;;ColisÃ£o;Luz do Dia;;;Meio de Quadra;;;0;1;0;1;0;0;0;0;0;1;0;0;;;
358918;14;4;2020;11:30;0;RUA ISAC AMARAL;;;44;;ColisÃ£o;Luz do Dia;;;Meio de Quadra;;;0;1;0;1;0;0;0;0;0;1;0;0;"-3;75137565000";"-38;50938510000";mq_qgis
358919;14;4;2020;11:44;0;AV JOVITA FEITOSA;;;768;;ColisÃ£o;Luz do Dia;;;Meio de Quadra;;;0;1;0;1;0;0;0;0;0;1;0;0;"-3;73872073000";"-38;55089960000";mq_qgis
358920;14;4;2020;12:39;0;AV PERIMETRAL;;;;;Queda;Luz do Dia;;;Meio de Quadra;;;0;2;0;0;0;0;0;0;0;1;0;0;;;
358921;14;4;2020;13:10;0;RUA JOSE DANTAS VIEIRA;;;;;ColisÃ£o;Luz do Dia;;;Meio de Quadra;;;0;1;0;1;0;0;0;0;0;1;0;0;;;
358922;14;4;2020;13:27;0;RUA DR JOAQUIM BENTO;;;640;;ColisÃ£o;Luz do Dia;;;Meio de Quadra;;;0;1;0;1;0;0;0;0;0;1;0;0;"-3;82828708000";"-38;48593360000";mq_qgis
358946;15;4;2020;2:57;0;RUA SABIAGUABA;;;1421;;Queda;;;;Meio de Quadra;;;0;1;0;0;0;0;0;0;0;1;0;0;"-3;78232000000";"-38;43701000000";mq_gpsv
358948;15;4;2020;6:35;0;AV MR HULL;;;;;Atropelamento;Luz do Dia;;;Meio de Quadra;;;0;1;0;1;0;0;0;0;0;0;0;0;;;
358950;15;4;2020;6:54;0;RD QUARTO ANEL VIARIO;;;;;Queda;Luz do Dia;;;Meio de Quadra;;;0;1;0;0;0;0;0;0;0;1;0;0;;;
358951;15;4;2020;7:28;0;AV FRE CIRILO;;;4186;;ColisÃ£o;Luz do Dia;;;Meio de Quadra;;;0;2;0;1;0;0;0;0;0;1;0;0;"-3;82063408300";"-38;49596966700";mq_match
358953;15;4;2020;8:22;5302;AV TRISTAO GONCALVES;RUA PEDRO I;;;;Queda;Luz do Dia;;;Cruz;SemÃ¡foro;Comercial;0;1;0;0;0;0;0;0;0;1;0;0;"-3;72952300000";"-38;53392700000";inter_match
358961;15;4;2020;9:02;25933;AV ALM MAXIMIANO DA FONSECA;RUA MARIA ALICE FERRAZ;;;;Queda;Luz do Dia;;;Cruz;Pare;Residencial;0;1;0;0;0;0;0;0;0;1;0;0;"-3;77038100000";"-38;48958100000";inter_match
358962;15;4;2020;9:15;0;AV JOAO PESSOA;;;5702;;Queda;Luz do Dia;;;Meio de Quadra;;;0;1;0;0;0;0;0;0;0;1;0;0;"-3;76028950000";"-38;55649450000";mq_qgis
358872;15;4;2020;10:40;5120;AV MON TABOSA;RUA JOAO CORDEIRO;;;;ColisÃ£o;Luz do Dia;;;Cruz;SemÃ¡foro;Comercial;0;0;1;0;0;0;0;0;0;0;0;0;"-3;72400900000";"-38;51263500000";inter_match
358971;15;4;2020;9:17;0;AV GODOFREDO MACIEL;;;2900;;Queda;Luz do Dia;;;Meio de Quadra;;;0;1;0;0;0;0;0;0;0;1;0;0;"-3;79937400000";"-38;57081000000";mq_match
358972;15;4;2020;10:26;0;AV MAJ ASSIS;;;995;;Atropelamento;Luz do Dia;;;Meio de Quadra;;;0;1;0;1;0;0;0;0;0;0;0;0;"-3;72365495000";"-38;58787380000";mq_qgis
358973;15;4;2020;10:52;9240;RUA DEP OSWALDO STUDART;RUA MARIO MAMEDE;;;;ColisÃ£o;Luz do Dia;;;Duplo T;SemÃ¡foro;Escola;0;1;0;1;0;0;0;0;0;1;0;0;"-3;75275200000";"-38;52736700000";inter_match
358974;15;4;2020;13:31;0;RUA 15 DE NOVEMBRO;;;68;;ColisÃ£o;Luz do Dia;;;Meio de Quadra;;;0;1;0;0;0;0;0;0;0;0;0;0;"-3;76762500000";"-38;55947000000";mq_gpsv
358975;15;4;2020;13:48;0;RUA MANUEL CASTELO BRANCO;;;248;;ColisÃ£o;Luz do Dia;;;Meio de Quadra;;;0;1;0;0;0;0;0;0;0;0;0;0;"-3;83197000000";"-38;49185000000";mq_gpsv
358977;15;4;2020;15:45;0;RUA SOLON PINHEIRO;;;1040;;ColisÃ£o;Luz do Dia;;;Meio de Quadra;;;0;2;0;0;0;0;0;0;0;0;0;0;"-3;73949000000";"-38;52935200000";mq_qgis
358979;15;4;2020;17:36;0;RUA MISERICORDIA;;;268;;ColisÃ£o;Anoitecer;;;Meio de Quadra;;;0;1;0;0;0;0;0;0;0;1;0;0;"-3;71981000000";"-38;58518000000";mq_match
358980;15;4;2020;17:48;0;RUA ROSINHA SAMPAIO;;;904;;ColisÃ£o;Anoitecer;;;Meio de Quadra;;;0;1;0;1;0;0;0;0;0;1;0;0;"-3;72682025000";"-38;58667275000";mq_match
358988;15;4;2020;19:31;0;AV CEL CARVALHO;;;358;;ColisÃ£o;;;;Meio de Quadra;;;0;1;0;1;0;0;0;0;0;1;0;0;"-3;70609950000";"-38;59086550000";mq_qgis
358989;15;4;2020;20:29;23856;RUA PIN ANTONIO BANDEIRA;RUA PRO ALVARO COSTA;;;;ColisÃ£o;;;;;;;0;1;0;1;0;0;0;0;0;1;0;0;"-3;72305000000";"-38;46459000000";inter_gpsv
358990;15;4;2020;20:50;20269;AV PRS JUSCELINO KUBITSCHEK (PASSARÃ‰);RUA ELDORADO;;;;Queda;;;;Cruz;SemÃ¡foro;Comercial;0;1;0;0;0;0;0;0;0;1;0;0;"-3;81634000000";"-38;53159000000";inter_gpsv
358991;15;4;2020;23:27;0;AV JOVITA FEITOSA;;;2863;;Queda;;;;Meio de Quadra;;;0;1;0;0;0;1;0;0;0;0;0;0;"-3;74125744000";"-38;56332240000";mq_qgis
358984;15;4;2020;18:59;0;AV AUGUSTO DOS ANJOS;;;489;;Queda;;;;Meio de Quadra;;;0;1;0;0;0;0;0;0;0;1;0;0;"-3;77304700000";"-38;57279210000";mq_match
356715;15;4;2020;6:30;0;RD BR 222;;;;KM-01;Atropelamento;Luz do Dia;Bom;Seca;Meio de Quadra;;;1;0;1;1;0;0;0;0;0;0;0;0;"-3;73769844400";"-38;57814693000";rod_match
356544;15;4;2020;10:30;0;AV MAJ ASSIS;;;995;;Atropelamento;Luz do Dia;Bom;Seca;Meio de Quadra;NÃ£o HÃ¡ Controle;Residencial;0;1;1;0;0;0;0;0;0;0;0;0;"-3;72365495000";"-38;58787380000";mq_qgis
356545;15;4;2020;15:49;0;RUA OSVALDO CRUZ;RUA DES LEITE ALBUQUERQUE;;0;;ColisÃ£o Transversal;Luz do Dia;Bom;Seca;Meio de Quadra;Pare;Comercial;0;2;1;1;0;0;0;0;0;1;0;0;"-3;73661840000";"-38;50063370000";inter_match
356546;16;4;2020;7:40;0;AV FRANCISCO SA;;;2767;;ColisÃ£o Lateral;Luz do Dia;Bom;Seca;Meio de Quadra;NÃ£o HÃ¡ Controle;Comercial;0;1;1;1;0;0;0;0;0;1;0;0;"-3;71973133300";"-38;55034050000";mq_match
356547;16;4;2020;10:26;0;RUA POMPILIO GOMES;RUA N ESPLANADA CASTELAO;;0;;ColisÃ£o Transversal;Luz do Dia;Bom;Seca;Meio de Quadra;NÃ£o HÃ¡ Controle;Residencial;0;1;1;0;0;0;0;0;0;1;0;0;"-3;82559000000";"-38;52120000000";inter_gpsv
356548;16;4;2020;15:17;0;RUA JOSE MENDONCA;;;892;;Atropelamento;Luz do Dia;Nublado;Molhada;Meio de Quadra;Pare;Comercial;0;2;0;0;0;0;0;0;0;1;0;0;"-3;75562031000";"-38;60190930000";mq_qgis
356549;16;4;2020;19:07;0;RUA SALDANHA MARINHO;;;730;;ColisÃ£o Transversal;Via Iluminada;Bom;Seca;Meio de Quadra;SemÃ¡foro;Residencial;0;0;2;1;0;0;0;0;0;1;0;0;"-3;74252938000";"-38;53059630000";mq_qgis
356496;16;4;2020;8:00;0;RD CE-040;;;;KM-07;ColisÃ£o;Luz do Dia;;Seca;Meio de Quadra;;;0;1;0;0;0;0;0;0;0;1;0;0;"-3;81715944500";"-38;48303286000";rod_match
356497;16;4;2020;18:50;0;RD CE-040;;;;KM-10;ColisÃ£o;;;Seca;Meio de Quadra;;;0;0;2;1;0;0;0;0;0;1;0;0;"-3;84257666000";"-38;48088284000";rod_match
358997;16;4;2020;13:58;0;AV SEN FERNANDES TAVORA;;;2433;;Atropelamento;Luz do Dia;;;Meio de Quadra;;;0;1;0;1;0;0;0;0;0;0;0;0;"-3;75595300000";"-38;59388900000";mq_match
358998;16;4;2020;14:08;0;RUA PEDRO SAMPAIO;;;139;;ColisÃ£o;Luz do Dia;;;Meio de Quadra;;;0;1;0;1;0;0;0;0;0;1;0;0;"-3;72556000000";"-38;59046000000";mq_gpsv
359000;16;4;2020;14:29;0;RUA 20 DE JANEIRO;;;1825;;ColisÃ£o;Luz do Dia;;;Meio de Quadra;;;0;1;0;0;0;0;0;0;0;0;0;0;;;
359003;16;4;2020;16:20;12826;AV DOS EXPEDICIONARIOS;RUA ANDRE CHAVES;;;;ColisÃ£o;Luz do Dia;;;Cruz;SemÃ¡foro;Residencial;0;1;0;1;0;0;0;0;0;1;0;0;"-3;75734500000";"-38;53890300000";inter_match
359005;16;4;2020;17:49;0;AV JOSE BASTOS;;;3778;;ColisÃ£o;Anoitecer;;;Meio de Quadra;;;0;1;0;1;0;0;0;0;0;1;0;0;"-3;75115950000";"-38;55161800000";mq_match
359007;16;4;2020;19:16;0;AV WENEFRIDO MELO;;;;;ColisÃ£o;;;;Meio de Quadra;;;0;2;0;1;0;0;0;0;0;1;0;0;;;
359008;16;4;2020;19:26;0;AV RAD JOSE LIMA VERDE;;;711;;Queda;;;;Meio de Quadra;;;0;1;0;0;0;0;0;0;0;1;0;0;"-3;69827864000";"-38;58702450000";mq_qgis
359010;16;4;2020;21:39;0;RUA NS 04 RES CAJAZEIRAS;;;50;;Queda;;;;Meio de Quadra;;;0;1;0;0;0;1;0;0;0;0;0;0;"-3;80298180000";"-38;49877560000";mq_gpsv
358992;16;4;2020;10:06;0;AV BEZERRA DE MENEZES;;;1052;;ColisÃ£o;Luz do Dia;;;Meio de Quadra;;;0;1;0;1;0;0;0;0;0;1;0;0;"-3;73353064900";"-38;55413408000";mq_match
359013;16;4;2020;22:03;0;RUA MANUEL CASTELO BRANCO;;;535;;ColisÃ£o;;;;Meio de Quadra;;;0;1;0;1;0;0;0;0;0;1;0;0;"-3;83235593000";"-38;49039850000";mq_qgis
358892;16;4;2020;17:30;15728;RUA INACIO ORIA;RUA DR JOAQUIM BENTO;;;;ColisÃ£o;Anoitecer;;;Duplo T;Pare;Comercial;0;0;1;0;0;0;0;0;1;0;0;0;"-3;82830200000";"-38;48392300000";inter_match
358893;16;4;2020;20:00;0;AV WASHINGTON SOARES;;;2650;;ColisÃ£o;;;;Meio de Quadra;;;0;0;2;1;0;0;0;0;0;0;0;0;"-3;78251988000";"-38;48106850000";mq_qgis
356550;17;4;2020;8:19;8011;AV JOAO PESSOA;RUA ALEXANDRE BARAUNA;;;;ColisÃ£o Transversal;Luz do Dia;Chuva;Molhada;Cruz;SemÃ¡foro;Escola;0;1;1;1;0;0;0;0;0;1;0;0;"-3;75108900000";"-38;54826700000";inter_match
356551;17;4;2020;18:50;10749;RUA PRO HERIBALDO COSTA;AV SEN FERNANDES TAVORA;;0;;Choque c/ ObstÃ¡culo Fixo;Via Iluminada;Bom;Seca;Cruz;SemÃ¡foro;Comercial;0;0;2;1;0;1;0;0;0;0;0;0;"-3;76100600000";"-38;58438400000";inter_match
356575;17;4;2020;11:25;0;AV AMERICO BARREIRA;RUA DIAMANTINA;;0;;ColisÃ£o Transversal;Luz do Dia;Nublado;Molhada;Cruz;SemÃ¡foro;Comercial;0;1;1;1;0;0;0;0;0;1;0;0;"-3;76502010000";"-38;56736400000";inter_match
356716;17;4;2020;17:00;0;RD BR 116;;;9000;KM-09;ColisÃ£o Lateral;Anoitecer;;Seca;Meio de Quadra;;;0;2;1;1;0;0;0;0;0;1;0;0;"-3;83083700000";"-38;50486500000";rod_match
357633;17;4;2020;20:26;0;AV JOSE JATAHY;;;1302;;ColisÃ£o;;;;Meio de Quadra;;;0;1;0;0;0;0;0;0;0;0;0;0;"-3;73286586000";"-38;54465100000";mq_qgis
357634;17;4;2020;20:55;0;RUA CON DE CASTRO;;;5951;;ColisÃ£o;;;;Meio de Quadra;;;0;1;0;0;0;0;0;0;0;0;0;0;"-3;81482830400";"-38;59897963000";mq_match
357625;17;4;2020;7:45;0;AV JOSE BASTOS;;;;;Queda;Luz do Dia;;;Meio de Quadra;;;0;1;0;0;0;0;0;0;0;1;0;0;;;
357626;17;4;2020;11:23;0;AV ABOLICAO;;;4521;;ColisÃ£o;Luz do Dia;;;Meio de Quadra;;;0;1;1;1;0;0;0;0;0;1;0;0;"-3;72352130000";"-38;48102200000";mq_match
357627;17;4;2020;12:34;0;RUA BERNARDO MANUEL;;;9976;;ColisÃ£o;Luz do Dia;;;Meio de Quadra;;;0;1;1;1;0;0;0;0;0;1;0;0;"-3;80470200000";"-38;55321000000";mq_match
357628;17;4;2020;14:00;0;AV DR SILAS MUNGUBA;;;393;;ColisÃ£o;Luz do Dia;;;Meio de Quadra;;;0;1;1;1;0;0;0;0;0;1;0;0;"-3;77775623000";"-38;56169620000";mq_qgis
357629;17;4;2020;14:48;11057;AV DR SILAS MUNGUBA;AV DOS EXPEDICIONARIOS;;;;Atropelamento;Luz do Dia;;;Cruz;Cancela;Comercial;0;1;1;0;0;0;1;0;0;0;0;0;"-3;78754000000";"-38;54789000000";inter_gpsv
357630;17;4;2020;15:00;0;RUA CEREJEIRAS;;;511;;ColisÃ£o;Luz do Dia;;;Meio de Quadra;;;0;1;1;0;0;0;0;0;0;1;0;0;"-3;81619670000";"-38;59526710000";mq_qgis
357631;17;4;2020;19:17;0;RUA DOM BOSCO;;;30;;Queda;;;;Meio de Quadra;;;0;1;0;0;0;1;0;0;0;0;0;0;"-3;73777560000";"-38;52403980000";mq_qgis
357605;17;4;2020;1:54;0;RUA TAQUARA D72;;;126;;Queda;;;;Meio de Quadra;;;0;1;0;0;0;0;0;0;0;1;0;0;"-3;83924150400";"-38;56274358000";mq_gpsv
357606;17;4;2020;6:25;0;AV JOAO DE ARAUJO LIMA;;;;;ColisÃ£o;Luz do Dia;;;Meio de Quadra;;;0;1;1;1;0;1;0;0;0;0;0;0;;;
357607;17;4;2020;6:45;0;AV 13 DE MAIO;;;1383;;Queda;Luz do Dia;;;Meio de Quadra;;;0;1;0;0;0;0;0;0;0;1;0;0;"-3;74796600000";"-38;53092250000";mq_qgis
357608;17;4;2020;7:16;0;AV BEIRA MAR;;;2200;;Atropelamento;Luz do Dia;;;Meio de Quadra;;;0;1;1;0;0;1;0;0;0;0;0;0;"-3;72464200000";"-38;50092600000";mq_match