COD_ACIDENTE;DIA;MES;ANO;HORA;INTERSECAO;LOG1;LOG2;LOG3;NUMERO;REFERENCIA;NATUREZA;ILUMINACAO;TEMPO;SUPERFICIEPISTA;TIPOCRUZAMENTO;CONTROLETRAFEGO;USOSOLO;MORTOS;FERIDOS;ILESOS;AUTOMOVEL;ONIBUS;BICICLETA;CAMINHAO;MICROONIBUS;CICLOMOTOR;MOTOCICLETA;TRACAOANIMAL;TREM;LATITUDE;LONGITUDE;METODO
358061;7;5;2020;11:04;6573;AV H CJ CEARA;AV C CJ CEARA;;;;ColisÃ£o;Luz do Dia;;;Outros;Pare;Residencial;0;1;1;1;0;1;0;0;0;0;0;0;"-3;76271100000";"-38;60954700000";inter_match
358062;7;5;2020;12:35;12674;AV CEL CARVALHO;RUA GUILHERME MENDES;;;;ColisÃ£o;Luz do Dia;;;Cruz;Pare;Comercial;0;1;1;1;0;0;0;0;0;1;0;0;"-3;72065100000";"-38;58709400000";inter_match
358063;7;5;2020;13:28;0;RUA MONTE LIBANO;;;280;;ColisÃ£o;Luz do Dia;;;Meio de Quadra;;;0;1;1;1;0;0;0;0;0;1;0;0;"-3;82319300000";"-38;56074900000";mq_qgis
358064;7;5;2020;14:28;0;AV JOSE TAVARES;;;1205;;ColisÃ£o;Luz do Dia;;;Meio de Quadra;;;0;1;0;0;0;0;0;0;0;0;0;0;;;
358065;7;5;2020;17:12;7383;RUA CURITIBA;RUA SAO LUIS D30;;;;Atropelamento de Animal;Anoitecer;;;;;;0;1;0;0;0;0;0;0;0;1;0;0;"-3;75623000000";"-38;59089000000";inter_gpsv
358066;7;5;2020;17:49;357;RUA ERICO MOTA;RUA XAVIER DE OLIVEIRA;;;;ColisÃ£o;Anoitecer;;;Cruz;Pare;Residencial;0;1;1;1;0;0;0;0;0;1;0;0;"-3;74728800000";"-38;56054700000";inter_match
358067;7;5;2020;18:42;0;RUA CATOLE;;;;;ColisÃ£o;;;;Meio de Quadra;;;0;1;1;1;0;0;0;0;0;1;0;0;;;
358068;7;5;2020;19:11;0;RUA JOAO CARVALHO;;;517;;ColisÃ£o;;;;Meio de Quadra;;;0;1;1;0;0;0;0;0;0;1;0;0;"-3;73732332000";"-38;50853350000";mq_qgis
358069;7;5;2020;19:00;0;RD BR 116;;;12000;KM-12;Atropelamento;;;;Meio de Quadra;;;0;1;1;1;0;0;0;0;0;0;0;0;"-3;85574000000";"-38;49606600000";rod_match
358070;7;5;2020;20:48;0;RUA MIN ALBUQUERQUE LIMA;;;711;;ColisÃ£o;;;;Meio de Quadra;;;0;1;1;0;0;0;0;0;0;1;0;0;"-3;76982600000";"-38;60636800000";mq_qgis
358071;7;5;2020;20:55;0;RUA PRIMEIRO DE JANEIRO;;;928;;Atropelamento;;;;Meio de Quadra;;;0;1;1;0;0;0;0;0;0;1;0;0;"-3;78481000000";"-38;56713000000";mq_gpsv
358072;7;5;2020;21:20;0;RUA CEL PERGENTINO FERREIRA;;;500;;ColisÃ£o;;;;Meio de Quadra;;;0;1;1;0;0;0;0;0;0;1;0;0;"-3;74898000000";"-38;52597000000";mq_gpsv
358073;7;5;2020;22:30;0;RD BR 116;;;8000;;ColisÃ£o;;;;Meio de Quadra;;;0;2;0;0;0;0;0;0;0;1;0;0;"-3;82201800000";"-38;50326900000";rod_match
358783;7;5;2020;11:55;13542;RUA BAR ARACATI;AV SORIANO ALBUQUERQUE;;;;ColisÃ£o;Luz do Dia;;;Duplo T;Pare;Residencial;0;0;2;1;0;0;0;0;0;1;0;0;"-3;74845300000";"-38;51703000000";inter_match
358747;7;5;2020;18:35;0;RD BR 020;;;;KM 426;ColisÃ£o Traseira;;;;Meio de Quadra;;;0;1;1;1;0;0;0;0;0;1;0;0;"-3;86300000000";"-38;52400000000";rod_match
358784;8;5;2020;9:00;1519;RUA PDE VALDEVINO;RUA CARLOS VASCONCELOS;;;;ColisÃ£o;Luz do Dia;;;Cruz;SemÃ¡foro;Comercial;0;0;2;0;0;0;0;1;0;1;0;0;"-3;74027700000";"-38;51319000000";inter_match
358689;8;5;2020;14:30;0;AV SEN VIRGILIO TAVORA;;;3344;;ColisÃ£o Frontal;Luz do Dia;Bom;Seca;Meio de Quadra;Outros;Residencial;0;2;0;1;0;0;0;0;0;1;0;0;;;
358987;8;5;2020;13:00;0;AV SEN CARLOS JEREISSATI (AEROPORTO);;;;;Outros;Luz do Dia;;;Meio de Quadra;;;0;0;2;1;0;0;0;0;0;1;0;0;;;
358076;8;5;2020;6:26;0;RD BR 116;;;12000;;ColisÃ£o;Luz do Dia;;;Meio de Quadra;;;0;2;0;0;0;0;0;0;0;1;0;0;"-3;85574000000";"-38;49606600000";rod_match
358077;8;5;2020;7:12;0;RUA JULIO SILVA;;;;;Queda;Luz do Dia;;;Meio de Quadra;;;0;1;0;0;0;0;0;0;0;1;0;0;;;
358078;8;5;2020;7:23;1519;RUA CARLOS VASCONCELOS;RUA PDE VALDEVINO;;;;ColisÃ£o;Luz do Dia;Bom;;Cruz;SemÃ¡foro;Comercial;0;1;1;0;0;0;0;0;0;1;0;0;"-3;74027700000";"-38;51319000000";inter_match
358079;8;5;2020;10:27;0;AV ABOLICAO;;;3986;;ColisÃ£o;Luz do Dia;;;Meio de Quadra;;;0;1;1;1;0;0;0;0;0;1;0;0;"-3;72513500000";"-38;48357700000";mq_match
358080;8;5;2020;11:24;5421;AV VIS RIO BRANCO;AV DUQ CAXIAS;;;;Queda;Luz do Dia;;;;;;0;1;0;0;0;0;0;0;0;1;0;0;"-3;73348100000";"-38;52460300000";inter_match
358081;8;5;2020;14:27;0;AV SEN FERNANDES TAVORA;;;3127;;ColisÃ£o;Luz do Dia;;;Meio de Quadra;;;0;1;1;1;0;0;0;0;0;1;0;0;"-3;75470325000";"-38;60059910000";mq_qgis
358083;8;5;2020;14:46;8946;RUA GAL CLARINDO DE QUEIROZ;RUA CARIRE;;;;ColisÃ£o;Luz do Dia;;;Cruz;Pare;Residencial;0;1;1;1;0;0;0;0;0;1;0;0;"-3;72892000000";"-38;54201000000";inter_gpsv
358084;8;5;2020;15:13;0;AV SEN FERNANDES TAVORA;;;2433;;Atropelamento;Luz do Dia;;;Meio de Quadra;;;0;1;0;0;0;0;0;0;0;0;0;0;"-3;75595300000";"-38;59388900000";mq_match
358085;8;5;2020;15:46;0;AV PERIMETRAL;;;;;ColisÃ£o;Luz do Dia;;;;;;0;1;1;1;0;0;0;0;0;1;0;0;;;
358086;8;5;2020;16:02;0;RUA WALDIR DIOGO;;;141;;ColisÃ£o;Luz do Dia;;;Meio de Quadra;;;0;1;1;1;0;0;0;0;0;1;0;0;"-3;80769867000";"-38;57955230000";mq_qgis
358087;8;5;2020;16:15;0;AV SGT HERMINIO SAMPAIO;;;1628;;ColisÃ£o;Luz do Dia;;;Meio de Quadra;;;0;1;0;0;0;0;0;0;0;0;0;0;"-3;72539100000";"-38;55530500000";mq_match
358090;8;5;2020;17:48;0;AV GAL OSORIO DE PAIVA;;;665;;ColisÃ£o;Anoitecer;;;Meio de Quadra;;;0;1;1;1;0;1;0;0;0;0;0;0;"-3;77679536000";"-38;56834970000";mq_qgis
358091;8;5;2020;20:09;0;AV SEN VIRGILIO TAVORA;;;2184;;ColisÃ£o;;;;Meio de Quadra;;;0;1;1;1;0;0;0;0;0;1;0;0;"-3;74555600000";"-38;49595450000";mq_qgis
358092;8;5;2020;20:23;0;AV JOSE LEON;;;672;;ColisÃ£o;;;;Meio de Quadra;;;0;1;0;0;0;0;0;0;0;0;0;0;"-3;78679392000";"-38;50553830000";mq_qgis
358093;8;5;2020;20:48;0;AV DES FAUSTINO ALBUQUERQUE;;;332;;Queda;;;;Meio de Quadra;;;0;1;1;0;0;0;0;0;0;1;0;0;"-3;78257058000";"-38;49851630000";mq_qgis
358094;8;5;2020;21:38;0;AV DR SILAS MUNGUBA;;;5700;;Atropelamento;;;;Meio de Quadra;;;0;1;1;1;0;0;0;0;0;0;0;0;"-3;80426800000";"-38;52749350000";mq_match
358074;8;5;2020;1:00;0;AV SANTOS DUMONT;;;;;Queda;;;;Meio de Quadra;;;0;1;0;0;0;0;0;0;0;1;0;0;;;
358075;8;5;2020;6:15;0;RUA STA JULIA;;;153;;ColisÃ£o;Luz do Dia;;;Meio de Quadra;;;0;1;1;1;0;0;0;0;0;1;0;0;"-3;77477633000";"-38;56863450000";mq_qgis
356603;8;5;2020;6:10;19297;RUA STA JULIA;RUA LEONEL CHAVES;;;;ColisÃ£o;Luz do Dia;Bom;Seca;Cruz;Pare;Residencial;0;1;1;1;0;0;0;0;0;1;0;0;"-3;77453100000";"-38;56828300000";inter_match
356604;9;5;2020;8:19;13304;AV I CJ JOSE WALTER;AV G CJ JOSE WALTER;;;;ColisÃ£o Transversal;Luz do Dia;Bom;Seca;Cruz;Pare;Residencial;0;0;2;1;0;0;0;0;0;1;0;0;"-3;83906100000";"-38;55495600000";inter_match
358507;9;5;2020;13:14;0;RUA DA LIBERDADE;;;160;;ColisÃ£o;Luz do Dia;;;Meio de Quadra;;;0;1;0;0;0;0;0;0;0;1;0;0;"-3;74942000000";"-38;59699000000";mq_gpsv
358508;9;5;2020;13:38;5127;RUA GAL SAMPAIO;RUA SEN ALENCAR;;;;ColisÃ£o;Luz do Dia;;;Cruz;SemÃ¡foro;Comercial;0;2;0;0;0;0;0;0;0;1;0;0;"-3;72419200000";"-38;52998400000";inter_match
358509;9;5;2020;13:57;25095;AV ENG LEAL LIMA VERDE (SAPIRANGA/COITE);AV MAE LISBOA;;;;Choque c/ ObstÃ¡culo Fixo;Luz do Dia;;;Cruz;Pare;Comercial;0;2;0;0;0;0;1;0;0;1;0;0;"-3;80787100000";"-38;47465700000";inter_match
358510;9;5;2020;15:16;21485;AV FRE CIRILO;AV MIN JOSE AMERICO;;;;ColisÃ£o;Luz do Dia;;;Cruz;SemÃ¡foro;Comercial;0;1;0;1;0;0;0;0;0;1;0;0;"-3;81290500000";"-38;49950000000";inter_match
358511;9;5;2020;15:47;10681;AV MIGUEL DIAS;RUA FIRMINO ROCHA AGUIAR;;;;ColisÃ£o;Luz do Dia;;;RotatÃ³ria;DÃª PreferÃªncia;Escola;0;1;0;0;0;0;0;0;0;1;0;0;"-3;76351700000";"-38;48770800000";inter_match
358512;9;5;2020;18:22;0;AV GAL OSORIO DE PAIVA;;;6132;;ColisÃ£o;Anoitecer;;;Meio de Quadra;;;0;1;0;1;0;0;0;0;0;1;0;0;"-3;80998900000";"-38;60713200000";mq_qgis
358513;9;5;2020;18:25;0;AV ROGACIANO LEITE;;;2850;;Atropelamento;Anoitecer;;;Meio de Quadra;;;0;1;0;1;0;0;0;0;0;0;0;0;"-3;78360300000";"-38;50250000000";mq_match
358514;9;5;2020;19:26;0;AV DR SILAS MUNGUBA;;;4997;;Queda;;;;Meio de Quadra;;;0;1;0;0;0;0;0;0;0;1;0;0;"-3;79699200000";"-38;53167800000";mq_match
358515;9;5;2020;19:37;0;RUA PERNAMBUCO;;;2211;;ColisÃ£o;;;;Meio de Quadra;;;0;1;0;1;0;0;0;0;0;1;0;0;"-3;75415300000";"-38;57555200000";mq_match
358516;9;5;2020;21:03;0;AV MAJ ASSIS;;;2135;;ColisÃ£o;;;;Meio de Quadra;;;0;1;0;1;0;0;0;0;0;1;0;0;"-3;72100000000";"-38;59903500000";mq_qgis
358517;9;5;2020;22:56;0;RUA DOM HENRIQUE;;;161;;ColisÃ£o;;;;Meio de Quadra;;;0;1;0;1;0;0;0;0;0;1;0;0;"-3;78939700000";"-38;57954300000";mq_match
358489;9;5;2020;9:04;0;AV PERIMETRAL;;;;;Queda;Luz do Dia;;;Meio de Quadra;;;0;1;0;0;0;0;0;0;0;1;0;0;;;
358490;9;5;2020;10:09;0;RUA CON DE CASTRO;;;7041;;Atropelamento;Luz do Dia;;;Meio de Quadra;;;1;0;1;0;0;0;0;0;0;1;0;0;"-3;81717103000";"-38;60068450000";mq_qgis
358491;9;5;2020;11:10;17373;AV PRO GOMES DE MATOS;RUA CEL ALEXANDRINO;;;;ColisÃ£o;Luz do Dia;;;Cruz;SemÃ¡foro Manual;Residencial;0;1;0;1;0;0;0;0;0;1;0;0;"-3;76673200000";"-38;55040300000";inter_match
358492;9;5;2020;11:58;3901;AV EDUARDO GIRAO;RUA JORGE DUMAR;;;;ColisÃ£o;Luz do Dia;;;Cruz;SemÃ¡foro;Residencial;0;1;0;1;0;0;0;0;0;1;0;0;"-3;74969100000";"-38;53869500000";inter_match
358493;9;5;2020;12:17;0;AV 13 DE MAIO;;;836;;Queda;Luz do Dia;;;Meio de Quadra;;;0;1;0;0;0;0;0;0;0;1;0;0;"-3;75115000000";"-38;52709000000";mq_gpsv
358284;9;5;2020;1:03;0;AV DR SILAS MUNGUBA;;;;;Atropelamento;;;;Meio de Quadra;;;0;1;0;1;0;0;0;0;0;0;0;0;;;
358285;9;5;2020;6:05;0;AV RECREIO D64;;;990;;Queda;Luz do Dia;;;Meio de Quadra;;;0;1;0;0;0;1;0;0;0;0;0;0;"-3;81418967000";"-38;44981010000";mq_qgis
358286;9;5;2020;7:06;13304;AV I CJ JOSE WALTER;AV G CJ JOSE WALTER;;;;ColisÃ£o;Luz do Dia;;;Cruz;Pare;Residencial;0;1;0;1;0;0;0;0;0;1;0;0;"-3;83906100000";"-38;55495600000";inter_match
358785;9;5;2020;15:15;0;AV MAJ ASSIS;;;1026;;ColisÃ£o;Luz do Dia;;;Meio de Quadra;;;0;0;2;1;0;0;0;0;0;0;0;0;"-3;72356000000";"-38;58827000000";mq_gpsv
358786;9;5;2020;20:35;21294;RUA STA INES D20;RUA STA ROSA D20/21 (JACARECANGA);;;;ColisÃ£o;;;;;;;0;0;2;0;0;0;0;0;0;1;0;0;"-3;71248000000";"-38;54654000000";inter_gpsv
358787;9;5;2020;22:00;5120;AV MON TABOSA;RUA JOAO CORDEIRO;;;;ColisÃ£o;;;;Cruz;SemÃ¡foro;Comercial;0;0;2;1;0;0;0;0;0;0;0;0;"-3;72400900000";"-38;51263500000";inter_match
358690;10;5;2020;;0;RUA BERNARDO MANUEL;;;10921;;ColisÃ£o Traseira;Luz do Dia;Bom;Seca;Meio de Quadra;Outros;Residencial;0;1;1;1;0;0;0;0;0;1;0;0;"-3;81443010200";"-38;55620086000";mq_match
358518;10;5;2020;0:39;17232;RUA JOAO FIRMINO;RUA VASCO DA GAMA;;;;ColisÃ£o;;;;Cruz;Pare;Residencial;0;1;0;1;0;0;0;0;0;1;0;0;"-3;75990000000";"-38;55175000000";inter_gpsv
358519;10;5;2020;7:24;0;AV GAL OSORIO DE PAIVA;;;;;Atropelamento;Luz do Dia;;;Meio de Quadra;;;0;2;0;0;0;0;0;0;0;1;0;0;;;
358520;10;5;2020;7:59;11761;AV PRS CASTELO BRANCO;RUA JACINTO MATOS;;;;ColisÃ£o;Luz do Dia;;;T;SemÃ¡foro;Comercial;0;1;0;1;0;0;0;0;0;1;0;0;"-3;71463000000";"-38;54633300000";inter_match
358521;10;5;2020;10:39;0;AV CASTELO DE CASTRO;;;440;;ColisÃ£o;Luz do Dia;;;Meio de Quadra;;;0;1;0;1;0;0;0;0;0;1;0;0;"-3;83305400000";"-38;52155900000";mq_match
358522;10;5;2020;10:54;0;AV DOS EXPEDICIONARIOS;;;10954;;ColisÃ£o;Luz do Dia;;;Meio de Quadra;;;0;1;0;1;0;0;0;0;0;1;0;0;;;
358523;10;5;2020;16:02;0;RUA PRO HERIBALDO COSTA;;;681;;ColisÃ£o;Luz do Dia;;;Meio de Quadra;;;0;2;0;1;0;0;0;0;0;1;0;0;"-3;75872500000";"-38;58318100000";mq_match
358524;10;5;2020;16:36;0;RUA ILDEFONSO ALBANO;;;755;;ColisÃ£o;Luz do Dia;;;Meio de Quadra;;;0;1;0;1;0;0;0;0;0;1;0;0;"-3;72740547000";"-38;51137400000";mq_qgis
358525;10;5;2020;20:38;0;RUA OSVALDO CRUZ (ALDEOTA);;;2095;;Queda;;;;Meio de Quadra;;;0;1;0;0;0;0;0;0;0;1;0;0;"-3;74391112000";"-38;50298020000";mq_qgis
358526;10;5;2020;20:57;0;RUA PRO VIRGILIO DE MORAIS;;;412;;Atropelamento;;;;Meio de Quadra;;;0;2;0;0;0;0;0;0;0;1;0;0;"-3;75204055000";"-38;59680480000";mq_qgis
358527;10;5;2020;22:13;0;RUA MON SALAZAR;;;700;;ColisÃ£o;;;;Meio de Quadra;;;0;1;0;1;0;0;0;0;0;1;0;0;"-3;75606919000";"-38;51357660000";mq_qgis
358528;10;5;2020;23:50;0;AV FRANCISCO SA;;;7885;;Queda;;;;Meio de Quadra;;;0;1;0;0;0;0;0;0;0;1;0;0;"-3;70457662000";"-38;58901630000";mq_qgis
356605;10;5;2020;8:38;0;RUA VINTE E QUATRO DE MAIO;;;321;;Choque c/ ObstÃ¡culo Fixo;Luz do Dia;Bom;Seca;Meio de Quadra;NÃ£o HÃ¡ Controle;Comercial;0;0;1;1;0;0;0;0;0;0;0;0;"-3;72467684000";"-38;53128280000";mq_qgis
356606;10;5;2020;18:42;0;RUA PRO HERIBALDO COSTA;;;680;;NÃ£o Informado;Via Iluminada;Bom;Seca;Cruz;NÃ£o HÃ¡ Controle;Residencial;0;0;1;1;0;0;0;0;0;1;0;0;"-3;76052400000";"-38;58415130000";mq_match
356615;10;5;2020;10:32;11761;AV PRS CASTELO BRANCO;RUA JACINTO MATOS;;0;;Choque c/ ObstÃ¡culo Fixo;Luz do Dia;Bom;Seca;T;SemÃ¡foro;Comercial;0;0;1;1;0;0;0;0;0;0;0;0;"-3;71463000000";"-38;54633300000";inter_match
356607;11;5;2020;1:09;0;RUA BAR CRATO;;;1072;;Choque c/ ObstÃ¡culo Fixo;Via Iluminada;Bom;Seca;Meio de Quadra;NÃ£o HÃ¡ Controle;Residencial;0;1;0;1;0;0;0;0;0;0;0;0;"-3;72106900000";"-38;55877647400";mq_match
356608;11;5;2020;7:40;0;RUA PDE PEDRO DE ALENCAR;RUA CHICO FRANCA;;868;;ColisÃ£o;Luz do Dia;Bom;Seca;Meio de Quadra;SemÃ¡foro;Comercial;0;0;2;1;0;0;0;1;0;0;0;0;"-3;83501460000";"-38;49422000000";inter_match
356609;11;5;2020;6:51;5352;AV DOM MANUEL;RUA PINTO MADEIRA;;;;ColisÃ£o Transversal;Luz do Dia;Chuva;Molhada;Cruz;SemÃ¡foro;Comercial;0;1;1;0;1;0;0;0;0;1;0;0;"-3;73096400000";"-38;52195700000";inter_match
358529;11;5;2020;1:30;0;RUA JOAO CORDEIRO;;;2151;;Atropelamento;;;;Meio de Quadra;;;0;1;0;1;0;0;0;0;0;0;0;0;"-3;73906783000";"-38;51760330000";mq_qgis
358530;11;5;2020;7:52;25307;AV JOSE LEON;AV DES GONZAGA;;;;ColisÃ£o;Luz do Dia;;;T;Pare;Comercial;0;1;0;1;0;0;0;0;0;1;0;0;"-3;78708000000";"-38;50451300000";inter_match
358531;11;5;2020;10:46;0;AV DOS EXPEDICIONARIOS;;;3656;;Queda;Luz do Dia;;;Meio de Quadra;;;0;1;0;0;0;0;0;0;0;1;0;0;"-3;75080300000";"-38;53688000000";mq_qgis
358532;11;5;2020;11:10;0;RUA DOIS;;;162;;Atropelamento;Luz do Dia;;;Meio de Quadra;;;0;1;0;0;0;0;0;0;0;1;0;0;"-3;79398000000";"-38;54167000000";mq_gpsv
358533;11;5;2020;14:13;5247;AV IMPERADOR;RUA PEDRO PEREIRA;;;;ColisÃ£o;Luz do Dia;;;Cruz;SemÃ¡foro;Comercial;0;1;0;0;0;0;0;0;0;1;0;0;"-3;72771400000";"-38;53460900000";inter_match
358534;11;5;2020;15:31;0;RUA SAO LAZARO;;;605;;Queda;Luz do Dia;;;Meio de Quadra;;;0;1;0;0;0;0;0;0;0;1;0;0;"-3;80164091000";"-38;58273520000";mq_qgis
358535;11;5;2020;16:25;1589;AV DES MOREIRA;RUA GAL TERTULIANO POTYGUARA;;;;ColisÃ£o;Luz do Dia;Bom;Seca;Cruz;SemÃ¡foro;Comercial;0;1;1;1;0;0;0;0;0;1;0;0;"-3;74313000000";"-38;50056800000";inter_match
358536;11;5;2020;17:07;0;AV SGT HERMINIO SAMPAIO;;;1508;;ColisÃ£o;Anoitecer;;;Meio de Quadra;;;0;1;0;0;0;0;0;0;0;0;0;0;"-3;72520961000";"-38;55415160000";mq_qgis
358537;11;5;2020;17:42;0;RUA FRE TEOBALDO;;;;;ColisÃ£o;Anoitecer;;;Meio de Quadra;;;0;1;0;1;0;0;0;0;0;1;0;0;;;
358553;11;5;2020;19:50;0;RUA PRO SILAS RIBEIRO;;;740;;Queda;;;;Meio de Quadra;;;0;1;0;0;0;0;0;0;0;1;0;0;"-3;81664710000";"-38;57709850000";mq_gpsv
358691;11;5;2020;6:15;0;RUA TRES (DIAS MACEDO);;;;;Capotamento;Luz do Dia;Nublado;Seca;Meio de Quadra;;;1;0;0;1;0;0;0;0;0;0;0;0;"-3;78768000000";"-38;52581400000";fat_match
358748;12;5;2020;20:45;0;RD BR 020;;;;KM 426;ColisÃ£o Traseira;;;;Meio de Quadra;;;0;2;0;0;0;0;0;0;0;1;0;0;"-3;86300000000";"-38;52400000000";rod_match
358554;12;5;2020;7:03;0;AV PERIMETRAL;;;2106;;ColisÃ£o;Luz do Dia;;;Meio de Quadra;;;0;1;0;1;0;0;0;0;0;1;0;0;;;
358555;12;5;2020;8:07;12807;RUA ALBERTO MAGNO;RUA ANA NERY;;;;;Luz do Dia;;;Cruz;SemÃ¡foro;Comercial;0;1;0;1;0;0;0;0;0;1;0;0;"-3;75467010000";"-38;54111500000";inter_match
358556;12;5;2020;8:15;0;AV DO PASSARE;;;118;;Queda;Luz do Dia;;;Meio de Quadra;;;0;1;0;0;0;0;0;0;0;1;0;0;"-3;80304000000";"-38;53220000000";mq_gpsv
358557;12;5;2020;16:42;0;AV ENG SANTANA JUNIOR;;;5225;;ColisÃ£o;Luz do Dia;;;Meio de Quadra;;;0;1;0;0;0;0;0;0;0;1;0;0;;;
358558;12;5;2020;17:31;0;AV WASHINGTON SOARES;;;11999;;ColisÃ£o;Anoitecer;;;Meio de Quadra;;;0;1;0;0;0;0;1;0;0;1;0;0;;;
358559;12;5;2020;17:46;0;RUA MARTINS CARVALHO;;;4559;;ColisÃ£o;Anoitecer;;;Meio de Quadra;;;0;1;0;1;0;0;0;0;0;1;0;0;"-3;78741000000";"-38;63166000000";mq_gpsv
358560;12;5;2020;17:50;0;AV BENJAMIM BRASIL;;;;;ColisÃ£o;Anoitecer;;;Meio de Quadra;;;0;1;0;0;0;0;0;0;0;1;0;0;;;
358561;12;5;2020;18:25;0;AV WASHINGTON SOARES;;;11999;;Queda;Anoitecer;;;Meio de Quadra;;;0;1;0;0;0;0;0;0;0;1;0;0;;;
358562;12;5;2020;19:37;0;AV SGT HERMINIO SAMPAIO;;;1213;;ColisÃ£o;;;;Meio de Quadra;;;0;1;0;0;0;0;0;0;0;1;0;0;"-3;72473535000";"-38;55139610000";mq_qgis
358563;12;5;2020;19:47;4612;AV OLIVEIRA PAIVA;AV WASHINGTON SOARES;;;;ColisÃ£o;;;;;;;0;1;0;0;0;0;0;0;0;0;0;0;"-3;79569500000";"-38;47990800000";inter_match
358564;12;5;2020;21:02;0;RUA EVARISTO REIS;;;194;;Queda;;;;Meio de Quadra;;;0;1;0;0;0;0;0;0;0;1;0;0;"-3;76115946000";"-38;50943240000";mq_qgis
358565;12;5;2020;22:01;0;AV PRS CASTELO BRANCO;;;2709;;ColisÃ£o;;;;Meio de Quadra;;;0;1;0;1;0;0;0;0;0;1;0;0;"-3;71269500000";"-38;55202700000";mq_match
358566;12;5;2020;22:45;0;RUA PORTO VELHO;;;1710;;Queda;;;;Meio de Quadra;;;0;1;0;0;0;0;0;0;0;1;0;0;"-3;76234300000";"-38;59392600000";mq_match
356610;12;5;2020;12:48;9020;RUA JAIME BENEVOLO;RUA SALDANHA MARINHO;;;;ColisÃ£o;Luz do Dia;Bom;Seca;Cruz;SemÃ¡foro;Comercial;0;0;2;1;0;0;0;0;0;1;0;0;"-3;74304600000";"-38;52899400000";inter_match
356611;12;5;2020;20:56;0;AV OLIVEIRA PAIVA;;;3034;;NÃ£o Informado;Via Iluminada;Bom;Seca;Meio de Quadra;SemÃ¡foro;Comercial;0;0;2;1;0;0;0;0;0;0;0;0;"-3;79570749000";"-38;48002300000";mq_qgis
356612;13;5;2020;8:16;0;RUA PINTO MADEIRA;;;1414;;ColisÃ£o Lateral;Luz do Dia;Bom;Seca;;;;0;1;1;1;0;0;0;0;0;1;0;0;"-3;73395000000";"-38;51231000000";mq_gpsv
356613;13;5;2020;9:33;0;RUA ALUISIO AZEVEDO;;;39;;Choque c/ ObstÃ¡culo Fixo;Luz do Dia;Bom;Seca;Meio de Quadra;SemÃ¡foro;Comercial;0;0;1;0;0;0;0;0;0;0;0;0;"-3;77327212000";"-38;57346472000";mq_match
356614;13;5;2020;19:07;0;RUA VITAL BRASIL;;;1783;;ColisÃ£o Traseira;Mal Iluminada;Bom;Seca;Meio de Quadra;NÃ£o HÃ¡ Controle;Comercial;0;0;2;0;0;0;0;0;0;1;0;0;"-3;77835821000";"-38;59677595300";mq_match
358567;13;5;2020;6:30;0;RUA WALDIR DIOGO;;;419;;ColisÃ£o;Luz do Dia;;;Meio de Quadra;;;0;1;0;0;0;0;0;0;0;1;0;0;"-3;80673500000";"-38;58168900000";mq_qgis
358568;13;5;2020;9:26;0;AV PERIMETRAL;;;456;;ColisÃ£o;Luz do Dia;;;Meio de Quadra;;;0;1;0;1;0;0;0;0;0;1;0;0;;;
358569;13;5;2020;10:20;13474;RUA DR JOSE LOURENCO;RUA TOMAS ACIOLI;;;;ColisÃ£o;Luz do Dia;;;Cruz;Pare;Comercial;0;1;0;1;0;0;0;0;0;1;0;0;"-3;74444700000";"-38;51093400000";inter_match
358570;13;5;2020;11:30;0;RUA RIO GRANDE DO SUL;;;1009;;ColisÃ£o;Luz do Dia;;;Meio de Quadra;;;0;1;0;1;0;0;0;0;0;1;0;0;"-3;75777069000";"-38;56701530000";mq_qgis
358571;13;5;2020;12:19;0;AV GAL OSORIO DE PAIVA;;;;;ColisÃ£o;Luz do Dia;;;Meio de Quadra;;;0;1;0;1;0;0;0;0;0;1;0;0;;;
358572;13;5;2020;14:01;0;RUA CARLOS VASCONCELOS;;;2281;;ColisÃ£o;Luz do Dia;;;Meio de Quadra;;;0;1;0;1;0;0;0;0;0;0;0;0;"-3;74164600000";"-38;51362800000";mq_qgis
358573;13;5;2020;14:29;0;AV LINEU MACHADO;;;1451;;ColisÃ£o;Luz do Dia;;;Meio de Quadra;;;0;1;0;1;0;0;0;0;0;1;0;0;"-3;77238868100";"-38;58027126000";mq_match
358574;13;5;2020;14:41;0;RUA CESAR FONTENELE;;;211;;ColisÃ£o;Luz do Dia;;;Meio de Quadra;;;0;1;0;0;0;0;0;0;0;0;0;0;"-3;74609058000";"-38;55837570000";mq_qgis
358575;13;5;2020;16:34;2573;AV FRANCISCO SA;RUA GRACA ARANHA;;;;ColisÃ£o;Luz do Dia;;;Cruz;Pare;Residencial;0;1;0;1;0;0;0;0;0;1;0;0;"-3;71161100000";"-38;57435900000";inter_match
358576;13;5;2020;16:37;0;RUA NUBIA BARROCAS;;;149;;ColisÃ£o;Luz do Dia;;;Meio de Quadra;;;0;1;0;1;0;0;0;0;0;1;0;0;"-3;78949958000";"-38;48220950000";mq_qgis
358577;13;5;2020;17:52;9287;AV DOS EXPEDICIONARIOS;AV BORGES DE MELO;;;;ColisÃ£o Transversal;Anoitecer;Bom;Seca;Cruz;SemÃ¡foro;Comercial;0;1;1;1;0;0;0;0;0;1;0;0;"-3;75339100000";"-38;53767400000";inter_match