COD_ACIDENTE;DIA;MES;ANO;HORA;INTERSECAO;LOG1;LOG2;LOG3;NUMERO;REFERENCIA;NATUREZA;ILUMINACAO;TEMPO;SUPERFICIEPISTA;TIPOCRUZAMENTO;CONTROLETRAFEGO;USOSOLO;MORTOS;FERIDOS;ILESOS;AUTOMOVEL;ONIBUS;BICICLETA;CAMINHAO;MICROONIBUS;CICLOMOTOR;MOTOCICLETA;TRACAOANIMAL;TREM;LATITUDE;LONGITUDE;METODO
358578;13;5;2020;19:18;0;RUA JOAO AREAS;;;200;;Choque c/ ObstÃ¡culo Fixo;Anoitecer;Bom;Seca;Meio de Quadra;NÃ£o HÃ¡ Controle;Residencial;0;1;1;1;0;0;0;0;0;0;0;0;"-3;78944896000";"-38;57586380000";mq_qgis
358579;13;5;2020;19:37;1605;AV DES MOREIRA;RUA PDE VALDEVINO;;;;ColisÃ£o;;;;;;;0;1;0;0;0;0;0;0;0;1;0;0;"-3;74409800000";"-38;50087700000";inter_match
358580;13;5;2020;19:50;0;AV BORGES DE MELO;;;;;ColisÃ£o;;;;Meio de Quadra;;;0;1;0;1;0;0;0;0;0;1;0;0;;;
358718;13;5;2020;15:00;344;RUA CESAR FONTENELE;RUA PEDRO DE QUEIROZ;;;;ColisÃ£o Transversal;Luz do Dia;Bom;Seca;Cruz;Pare;Misto;0;1;1;0;0;0;0;0;0;1;0;0;"-3;74612000000";"-38;55851600000";inter_match
358788;13;5;2020;22:00;577;AV FRANCISCO SA;AV DR THEBERGE;;;;ColisÃ£o;;;;Cruz;SemÃ¡foro;Comercial;0;0;2;1;0;0;0;0;0;0;0;0;"-3;71482200000";"-38;56501600000";inter_match
358581;14;5;2020;8:42;0;RUA TEN JOAO ALBANO;;;111;;Atropelamento;Luz do Dia;;;Meio de Quadra;;;0;1;0;0;0;0;0;0;0;1;0;0;"-3;77243438000";"-38;51544740000";mq_qgis
358582;14;5;2020;10:55;5187;RUA BAR RIO BRANCO;RUA SAO PAULO;;;;ColisÃ£o;Luz do Dia;;;Cruz;SemÃ¡foro;Comercial;0;1;0;1;0;0;0;0;0;1;0;0;"-3;72585600000";"-38;52807100000";inter_match
358583;14;5;2020;12:41;0;RUA DOM JOSE LOURENCO  D27;;;1672;;ColisÃ£o;Luz do Dia;;;Meio de Quadra;;;0;1;0;1;0;0;0;0;0;1;0;0;"-3;74564400000";"-38;55749100000";mq_gpsv
358584;14;5;2020;12:46;0;RUA GUSTAVO SAMPAIO;;;1672;;ColisÃ£o;Luz do Dia;;;Meio de Quadra;;;0;1;0;1;0;0;0;0;0;1;0;0;"-3;73589060000";"-38;55928000000";mq_match
358585;14;5;2020;14:12;0;RUA PDE VALDEVINO;;;2547;;ColisÃ£o;Luz do Dia;;;Meio de Quadra;;;0;1;0;0;0;0;0;0;0;0;0;0;"-3;74374800000";"-38;50195400000";mq_match
358587;14;5;2020;15:11;0;AV JOAO PESSOA;;;4047;;ColisÃ£o;Luz do Dia;;;Meio de Quadra;;;0;1;0;1;0;0;0;0;0;1;0;0;"-3;74938643000";"-38;54671520000";mq_qgis
358588;14;5;2020;15:29;348;RUA CESAR FONTENELE;RUA PRO LINO ENCARNACAO;;;;ColisÃ£o;Luz do Dia;;;Cruz;Pare;Residencial;0;1;0;1;0;0;0;0;0;1;0;0;"-3;74635900000";"-38;55959600000";inter_match
358589;14;5;2020;15:40;0;AV ENG SANTANA JUNIOR;;;332;;ColisÃ£o;Luz do Dia;;;Meio de Quadra;;;0;2;0;0;0;0;0;0;0;1;0;0;"-3;73199900000";"-38;47977800000";mq_qgis
358590;14;5;2020;16:11;0;RUA BENTO ALBUQUERQUE;;;333;;ColisÃ£o;Luz do Dia;;;Meio de Quadra;;;0;1;0;1;0;0;0;0;0;1;0;0;"-3;74287270000";"-38;48615300000";mq_match
358591;14;5;2020;16:38;0;AV DR THEBERGE;;;408;;ColisÃ£o;Luz do Dia;;;Meio de Quadra;;;0;1;0;1;0;0;0;0;0;1;0;0;"-3;70789900000";"-38;56272000000";mq_qgis
358592;14;5;2020;17:07;0;RUA 1145 CJ CEARA;;;117;;ColisÃ£o;Anoitecer;;;Meio de Quadra;;;0;1;0;0;0;0;0;0;0;1;0;0;"-3;76010405000";"-38;60935410000";mq_qgis
358593;14;5;2020;20:49;0;RD BR 116;;;14000;KM-14;ColisÃ£o;;;;Meio de Quadra;;;0;1;0;1;0;0;0;0;0;1;0;0;"-3;87352300000";"-38;49924200000";rod_match
358594;14;5;2020;21:33;0;RUA PRO COSTA MENDES;;;792;;ColisÃ£o;;;;Meio de Quadra;;;0;1;0;0;0;0;0;0;0;1;0;0;"-3;75428200000";"-38;54737700000";mq_qgis
358595;14;5;2020;22:17;0;RUA CEL RAIMUNDO GUANABARA;;;608;;ColisÃ£o;;;;Meio de Quadra;;;0;1;0;1;0;0;0;0;0;0;0;0;"-3;75631860000";"-38;56860570000";mq_match
356616;14;5;2020;8:17;17196;RUA MARIA GOMES DE SA;RUA CACHOEIRA ALEGRE;;;;ColisÃ£o Transversal;Luz do Dia;Bom;Seca;Cruz;Pare;Comercial;0;0;2;1;0;0;0;0;0;1;0;0;"-3;82555100000";"-38;58218000000";inter_match
356617;14;5;2020;13:18;24441;AV LUCIANO CARNEIRO;RUA RAUL CABRAL;;;;Choque c/ ObstÃ¡culo Fixo;Luz do Dia;Nublado;Seca;Cruz;NÃ£o HÃ¡ Controle;Residencial;0;0;1;0;0;0;0;0;0;1;0;0;"-3;77084200000";"-38;53849500000";inter_match
356618;14;5;2020;14:21;1696;RUA CAP ARAGAO;RUA ASP MENDES;;;;ColisÃ£o;Luz do Dia;Bom;Seca;Cruz;Pare;Residencial;0;1;1;1;0;0;0;0;0;1;0;0;"-3;76517500000";"-38;51484300000";inter_match
356619;15;5;2020;8:11;0;RUA JOSE MARTINS;;;95;;Queda;Luz do Dia;Chuva;Molhada;Meio de Quadra;NÃ£o HÃ¡ Controle;Residencial;0;0;1;0;0;0;0;0;0;0;0;0;"-3;79191000000";"-38;59232000000";mq_gpsv
356620;15;5;2020;14:26;5127;RUA GAL SAMPAIO;RUA SEN ALENCAR;;;;ColisÃ£o Transversal;Luz do Dia;Chuva;Molhada;Cruz;SemÃ¡foro;Comercial;0;2;0;0;0;0;0;0;0;1;0;0;"-3;72419200000";"-38;52998400000";inter_match
356621;15;5;2020;21:58;0;AV JOR THOMAZ COELHO;;;1661;;ColisÃ£o Traseira;Via Iluminada;Nublado;Seca;T;SemÃ¡foro;Residencial;0;0;2;1;0;0;0;0;0;0;0;0;"-3;82963900000";"-38;51032400000";mq_qgis
358596;15;5;2020;8:10;9158;AV LUCIANO CARNEIRO;RUA MARIO MAMEDE;;;;ColisÃ£o;Luz do Dia;;;T;SemÃ¡foro;Residencial;0;2;0;1;0;0;0;0;0;1;0;0;"-3;74893700000";"-38;53182800000";inter_match
358597;15;5;2020;9:09;0;AV SEN FERNANDES TAVORA;;;2223;;ColisÃ£o;Luz do Dia;;;Meio de Quadra;;;0;1;0;1;0;0;0;0;0;1;0;0;"-3;75724400000";"-38;59142800000";mq_match
358598;15;5;2020;11:30;0;RUA FRANCISCO VILELA;;;;;ColisÃ£o;Luz do Dia;;;Meio de Quadra;;;0;2;0;0;0;0;0;0;0;1;0;0;;;
358599;15;5;2020;11:54;0;AV 13 DE MAIO;;;1251;;ColisÃ£o;Luz do Dia;;;Meio de Quadra;;;0;1;0;0;0;0;0;0;0;0;0;0;"-3;74876300000";"-38;52998100000";mq_match
358719;15;5;2020;2:40;0;RUA PRO COSTA MENDES;;;;;Choque c/ ObstÃ¡culo Fixo;Via Iluminada;Nublado;Molhada;Meio de Quadra;SemÃ¡foro;Comercial;0;0;1;1;0;0;0;0;0;0;0;0;;;
358611;15;5;2020;16:14;0;RUA MONTE LIBANO;;;560;;ColisÃ£o;Luz do Dia;;;Meio de Quadra;;;0;1;0;1;0;0;0;0;0;1;0;0;"-3;82510032400";"-38;56223708000";mq_match
358612;15;5;2020;16:44;6798;RUA VILEBALDO AGUIAR;RUA JULIO AZEVEDO;;;;Queda;Luz do Dia;;;Cruz;Pare;Comercial;0;1;0;0;0;0;0;0;0;1;0;0;"-3;74244000000";"-38;48195700000";inter_match
358613;15;5;2020;17:47;0;RUA PRO HERIBALDO COSTA;;;1730;;ColisÃ£o;Anoitecer;;;Meio de Quadra;;;0;1;0;1;0;0;0;0;0;1;0;0;"-3;76690500000";"-38;58749500000";mq_match
358614;15;5;2020;18:38;0;RUA POMPILIO GOMES;;;132;;ColisÃ£o;;;;Meio de Quadra;;;0;1;0;1;0;0;0;0;0;1;0;0;"-3;81146000000";"-38;52001000000";mq_gpsv
358615;15;5;2020;18:55;0;RUA PERILIO TEIXEIRA;;;571;;ColisÃ£o;;;;Meio de Quadra;;;0;1;0;1;0;0;0;0;0;1;0;0;"-3;75930604000";"-38;60184640000";mq_qgis
358616;15;5;2020;21:24;0;RUA BARRA NOVA;;;370;;ColisÃ£o;;;;Meio de Quadra;;;0;1;0;1;0;0;0;0;0;1;0;0;"-3;78346000000";"-38;50531000000";mq_gpsv
358617;15;5;2020;21:49;0;AV JOR THOMAZ COELHO;;;1578;;ColisÃ£o;;;;Meio de Quadra;;;0;1;0;1;0;0;0;0;0;0;0;0;"-3;82990427100";"-38;50913561000";mq_match
358618;15;5;2020;22:25;0;RUA AMERICO ROCHA LIMA;;;644;;Queda;;;;Meio de Quadra;;;0;1;0;0;0;1;0;0;0;0;0;0;"-3;79893000000";"-38;58065000000";mq_gpsv
358619;15;5;2020;23:33;0;AV PONTES VIEIRA;;;;;Queda;;;;Meio de Quadra;;;0;1;0;0;0;0;0;0;0;1;0;0;;;
358620;16;5;2020;2:58;0;AV ANTONIO SALES;;;;;Queda;;;;Meio de Quadra;;;0;1;0;0;0;0;0;0;0;1;0;0;;;
358621;16;5;2020;6:47;0;AV DEP PAULINO ROCHA;;;1360;;ColisÃ£o;Luz do Dia;;;Meio de Quadra;;;0;1;0;1;0;0;0;0;0;1;0;0;"-3;81063281000";"-38;50965680000";mq_qgis
358622;16;5;2020;7:53;0;AV DOMINGOS OLIMPIO;;;123;;Queda;Luz do Dia;;;Meio de Quadra;;;0;1;0;0;0;0;0;0;0;1;0;0;"-3;73852870000";"-38;52495600000";mq_match
358623;16;5;2020;9:06;0;AV PRS COSTA E SILVA;;;510;;ColisÃ£o;Luz do Dia;;;Meio de Quadra;;;0;1;0;1;0;0;0;0;0;1;0;0;"-3;81301000000";"-38;57126000000";mq_gpsv
358624;16;5;2020;11:30;0;AV BENJAMIM BARROSO;;;158;;Atropelamento;Luz do Dia;;;Meio de Quadra;;;0;1;0;0;0;0;0;0;0;1;0;0;"-3;72595427000";"-38;54980010000";mq_qgis
358625;16;5;2020;15:10;0;RUA PERILIO TEIXEIRA;;;299;;ColisÃ£o;Luz do Dia;;;Meio de Quadra;;;0;1;0;1;0;0;0;0;0;1;0;0;"-3;81680540000";"-38;47916530000";mq_match
358626;16;5;2020;15:48;0;AV JOSE JATAHY;;;1393;;Queda;Luz do Dia;;;Meio de Quadra;;;0;1;0;0;0;0;0;0;0;1;0;0;"-3;73381789000";"-38;54425400000";mq_qgis
358627;16;5;2020;16:09;0;AV SEN FERNANDES TAVORA;;;;;Atropelamento;Luz do Dia;;;Meio de Quadra;;;0;1;0;1;0;0;0;0;0;0;0;0;;;
358628;16;5;2020;17:20;0;AV DOM MANUEL;;;1197;;Queda;Anoitecer;;;Meio de Quadra;;;0;1;0;0;0;0;0;0;0;1;0;0;"-3;73452595000";"-38;52311780000";mq_qgis
358629;16;5;2020;18:41;25116;AV ROGACIANO LEITE;RUA PDE FRANCISCO PITA;;;;Queda;;;;Cruz;SemÃ¡foro;Comercial;0;1;0;0;0;0;0;0;0;1;0;0;"-3;78096000000";"-38;50176600000";inter_match
358630;16;5;2020;18:45;0;AV DR SILAS MUNGUBA;;;4880;;ColisÃ£o;;;;Meio de Quadra;;;0;1;0;0;0;0;0;0;0;1;0;0;"-3;79579400000";"-38;53229400000";mq_match
358632;16;5;2020;18:53;0;AV PERIMETRAL;;;1048;;ColisÃ£o;;;;Meio de Quadra;;;0;2;1;0;0;0;0;0;0;1;0;0;"-3;78531808000";"-38;58994490000";mq_qgis
358633;16;5;2020;21:05;0;RUA SILVINHA TELES D69;;;350;;ColisÃ£o;;;;Meio de Quadra;;;0;1;0;0;0;0;0;0;0;0;0;0;"-3;84913300000";"-38;52575700000";mq_qgis
358634;16;5;2020;22:27;0;AV CASTELO DE CASTRO;;;;;Queda;;;;Meio de Quadra;;;0;1;0;0;0;0;0;0;0;1;0;0;;;
358635;16;5;2020;22:42;0;AV PRS CASTELO BRANCO;;;2031;;ColisÃ£o;;;;Meio de Quadra;;;0;1;1;1;0;1;0;0;0;0;0;0;"-3;71475871400";"-38;54595693000";mq_match
358749;16;5;2020;5:40;0;RD BR 116;;;13000;KM-13;Choque c/ ObstÃ¡culo Fixo;Amanhecer;;;Meio de Quadra;;;0;0;1;0;0;0;0;0;0;0;0;0;"-3;86467000000";"-38;49772700000";rod_match
358735;16;5;2020;16:00;0;RUA CORREIA LIMA D39;;;;;Choque c/ ObstÃ¡culo Fixo;Luz do Dia;Bom;Seca;Meio de Quadra;Outros;Outros;0;0;1;1;0;0;0;0;0;0;0;0;;;
358736;16;5;2020;;24941;RUA RAIMUNDO GOMES;AV CEL CARVALHO;;;;ColisÃ£o Traseira;Via Iluminada;Bom;Seca;Cruz;Pare;Residencial;0;0;2;1;0;0;0;0;0;0;0;0;"-3;71475800000";"-38;58861700000";inter_match
356622;16;5;2020;10:05;25153;RUA RAIMUNDO NERY;RUA ANTONIO COSTA MENDES;;0;;ColisÃ£o Lateral;Luz do Dia;Chuva;Molhada;Cruz;SemÃ¡foro;Comercial;0;1;1;0;0;0;0;0;0;1;0;0;"-3;79324650000";"-38;58678860000";inter_match
356623;16;5;2020;13:52;13386;RUA JOAO BRIGIDO;RUA ANTONIO AUGUSTO;;0;;ColisÃ£o Transversal;Luz do Dia;Chuva;Molhada;Cruz;Pare;Comercial;0;1;1;1;0;0;0;0;0;1;0;0;"-3;74027900000";"-38;51681300000";inter_match
356624;16;5;2020;15:45;0;RUA PRO GOMES BRASIL;;;129;;ColisÃ£o Lateral;Luz do Dia;Nublado;Molhada;Meio de Quadra;NÃ£o HÃ¡ Controle;Residencial;0;0;2;1;0;0;0;0;0;1;0;0;"-3;77434020000";"-38;56723000000";mq_match
356625;17;5;2020;13:30;0;RUA JOSE VILAR;RUA JOAO CARVALHO;;0;;NÃ£o Informado;Luz do Dia;Bom;Seca;Cruz;SemÃ¡foro;Residencial;0;0;3;0;0;0;0;0;0;1;0;0;"-3;73831800000";"-38;50547700000";inter_match
356626;17;5;2020;13:06;5451;AV DOM MANUEL;RUA BARBARA DE ALENCAR;;;;ColisÃ£o Transversal;Luz do Dia;Bom;Seca;Cruz;SemÃ¡foro;Comercial;0;1;1;1;0;0;0;0;0;1;0;0;"-3;73497200000";"-38;52326200000";inter_match
356637;17;5;2020;16:07;380;RUA FRANCISCA CLOTILDE;RUA DELMIRO FARIAS;;;;ColisÃ£o;Luz do Dia;Bom;Seca;Cruz;Pare;Residencial;0;1;1;1;0;0;0;0;0;0;0;0;"-3;74421700000";"-38;55423100000";inter_match
358737;17;5;2020;;0;AV HERACLITO GRACA;;;600;;ColisÃ£o Transversal;Via Iluminada;Bom;Seca;Meio de Quadra;;Residencial;0;2;0;1;0;0;0;0;0;1;0;0;"-3;73537700000";"-38;51869400000";mq_match
358805;17;5;2020;14:14;1450;RUA JOAO CARVALHO;RUA JOSE VILAR;;;;ColisÃ£o;Luz do Dia;;;Cruz;SemÃ¡foro;Comercial;0;0;2;0;0;0;0;0;0;0;0;0;"-3;73831800000";"-38;50547700000";inter_match
359032;17;5;2020;10:00;0;AV SEN CARLOS JEREISSATI (AEROPORTO);;;;KM 01;ColisÃ£o;Luz do Dia;;;Meio de Quadra;;;0;0;2;0;0;0;0;0;0;1;0;0;"-3;78375300000";"-38;52685000000";rod_match
358118;17;5;2020;17:12;9188;RUA PDE BARBOSA DE JESUS;RUA NAPOLEAO LAUREANO;;;;ColisÃ£o;Anoitecer;;;Cruz;Pare;Residencial;0;1;1;0;0;0;0;0;0;1;0;0;"-3;74891700000";"-38;52854000000";inter_match
358119;17;5;2020;17:00;0;AV WASHINGTON SOARES;;;2565;;ColisÃ£o;Anoitecer;;;Meio de Quadra;;;1;0;1;1;0;1;0;0;0;0;0;0;"-3;82701580000";"-38;48213650000";mq_match
358120;17;5;2020;18:51;0;AV ALBERTO CRAVEIRO;;;2420;;ColisÃ£o;Via Iluminada;Bom;Seca;Meio de Quadra;SemÃ¡foro;Residencial;1;0;1;0;0;0;0;0;0;1;0;0;"-3;80118000000";"-38;52007000000";mq_match
358121;17;5;2020;19:35;0;AV WASHINGTON SOARES;;;;;ColisÃ£o;;;;Meio de Quadra;;;0;1;1;1;0;0;0;0;0;0;0;0;;;
358122;17;5;2020;20:57;0;RUA JOSE AVELINO;;;640;;ColisÃ£o;;;;Meio de Quadra;;;0;1;1;1;0;0;0;0;0;1;0;0;"-3;72248000000";"-38;51787100000";mq_match
358123;17;5;2020;21:13;0;RUA PARANAI;;;1209;;ColisÃ£o;;;;Meio de Quadra;;;0;1;1;1;0;0;0;0;0;1;0;0;"-3;76073000000";"-38;57036000000";mq_gpsv
358124;17;5;2020;7:15;0;RUA VALPARAISO;;;;;ColisÃ£o;Luz do Dia;;;Meio de Quadra;;;0;1;1;1;0;0;0;0;0;0;0;0;;;
358125;18;5;2020;8:54;0;AV GAL OSORIO DE PAIVA;;;1448;;ColisÃ£o;Luz do Dia;;;Meio de Quadra;;;0;1;1;1;0;0;0;0;0;1;0;0;"-3;78073309100";"-38;57458264000";mq_match
358126;18;5;2020;9:39;0;RUA GUSTAVO SAMPAIO;;;433;;ColisÃ£o;Luz do Dia;;;;;;0;1;1;0;0;0;0;0;0;1;0;0;"-3;73366000000";"-38;54853000000";mq_gpsv
358127;18;5;2020;9:51;21830;RUA DNA LUCIA PINHEIRO (QUINTINO CUNHA);RUA XXIV CIDADE OESTE;;;;Queda;Luz do Dia;;;;;;0;1;0;0;0;0;0;0;0;1;0;0;"-3;73138000000";"-38;60015000000";inter_gpsv
358128;18;5;2020;10:49;0;RUA OSCAR ARARIPE;;;35;;Queda;Luz do Dia;;;Meio de Quadra;;;0;1;0;0;0;0;0;0;0;1;0;0;"-3;79349000000";"-38;59239000000";mq_gpsv
358130;18;5;2020;11:24;0;RUA RAIMUNDO NERY;;;298;;Atropelamento;Luz do Dia;;;Meio de Quadra;;;0;1;1;1;0;0;0;0;0;0;0;0;"-3;79511372000";"-38;58602300000";mq_qgis
358131;18;5;2020;11:49;1407;RUA TORRES CAMARA;RUA JOAQUIM NABUCO;;;;Queda;Luz do Dia;;;;SemÃ¡foro;Residencial;0;1;0;0;0;0;0;0;0;1;0;0;"-3;73726000000";"-38;50193000000";inter_gpsv
358132;18;5;2020;14:09;0;RUA BENTO ALBUQUERQUE;;;1450;;ColisÃ£o;Luz do Dia;;;Meio de Quadra;;;0;1;1;1;0;0;0;0;0;1;0;0;"-3;74593850000";"-38;47640300000";mq_match
358133;18;5;2020;14:36;0;RUA SAO LUIZ DO OESTE;;;518;;ColisÃ£o;Luz do Dia;;;Meio de Quadra;;;0;1;1;1;0;0;0;0;0;0;0;0;"-3;78289000000";"-38;61038000000";mq_gpsv
358134;18;5;2020;14:44;0;RD BR 116;;;3000;KM-03;Atropelamento;Luz do Dia;;;Meio de Quadra;;;0;1;1;1;0;0;0;0;0;0;0;0;"-3;77983800000";"-38;51437200000";rod_match
358135;18;5;2020;15:38;0;AV GODOFREDO MACIEL;;;5177;;ColisÃ£o;Luz do Dia;;;Meio de Quadra;;;0;1;1;1;0;0;0;0;0;1;0;0;"-3;81978900000";"-38;57719100000";mq_match
358136;18;5;2020;15:49;0;AV DIOGUINHO;;;521;;ColisÃ£o;Luz do Dia;;;Meio de Quadra;;;0;1;0;0;0;0;0;0;0;0;0;0;"-3;77790550000";"-38;43440250000";mq_match
358137;18;5;2020;19:59;0;RUA PAULO FIRMEZA;;;391;;Atropelamento;Via Iluminada;Bom;Seca;Meio de Quadra;NÃ£o HÃ¡ Controle;Residencial;0;1;1;0;0;0;0;0;0;1;0;0;"-3;75742132000";"-38;51604570000";mq_qgis
358167;18;5;2020;19:11;0;RUA RAD JOAO RAMOS (DUNAS);;;2095;;ColisÃ£o;;;;Meio de Quadra;;;0;1;1;0;0;0;1;0;0;1;0;0;"-3;81064270000";"-38;41088260000";mq_gpsv
358168;18;5;2020;20:19;0;RUA MARTINS NETO;;;588;;ColisÃ£o;;;;Meio de Quadra;;;0;1;0;0;0;0;0;0;0;0;0;0;"-3;74063698000";"-38;59079060000";mq_qgis
358169;18;5;2020;20:46;0;AV CASTELO DE CASTRO;;;486;;ColisÃ£o;;;;Meio de Quadra;;;0;1;0;0;0;0;0;0;0;0;0;0;"-3;83369020000";"-38;52150700000";mq_match
358806;18;5;2020;17:20;0;AV GODOFREDO MACIEL;;;5182;;Atropelamento;Anoitecer;;;Meio de Quadra;;;0;1;1;0;0;0;0;0;0;1;0;0;"-3;81940005700";"-38;57684360000";mq_match
358738;18;5;2020;15:17;0;RUA SAO LUIZ DO OESTE;;;524;;ColisÃ£o Traseira;Luz do Dia;Bom;Seca;Meio de Quadra;NÃ£o HÃ¡ Controle;Residencial;0;0;3;1;0;0;0;0;0;0;0;0;"-3;78411000000";"-38;61058000000";mq_gpsv
356627;18;5;2020;15:30;0;RUA RAIMUNDO NERY;;;298;;NÃ£o Informado;Luz do Dia;Bom;Seca;Cruz;Pare;Residencial;0;0;1;0;0;0;0;0;0;0;0;0;"-3;79511372000";"-38;58602300000";mq_qgis
356629;19;5;2020;16:06;3502;RUA MUCAMBINHO (MESSEJANA);RUA MANUEL ARRUDA;;;;ColisÃ£o Transversal;Luz do Dia;Bom;Seca;Cruz;NÃ£o HÃ¡ Controle;Comercial;0;0;3;1;0;0;0;0;0;0;0;0;"-3;82827900000";"-38;50673600000";inter_match
358807;19;5;2020;16:47;0;RUA TOBIAS CORREIA;;;;;ColisÃ£o;Luz do Dia;;;Meio de Quadra;;;0;0;2;1;0;0;0;0;0;0;0;0;;;
358170;19;5;2020;0:09;0;RUA 28 DE AGOSTO UI 503;;;1111;;Atropelamento;;;;Meio de Quadra;;;0;1;1;1;0;0;0;0;0;0;0;0;"-3;81637000000";"-38;53755000000";mq_gpsv
358171;19;5;2020;5:53;0;AV PERIMETRAL;;;4545;;ColisÃ£o;Amanhecer;;;Meio de Quadra;;;0;1;1;1;0;0;0;0;0;1;0;0;;;
358172;19;5;2020;6:28;24990;AV PRS COSTA E SILVA;AV PRS JUSCELINO KUBITSCHEK (PASSARÃ‰);;;;Queda;Luz do Dia;;;T;SemÃ¡foro;Residencial;0;1;0;0;0;0;0;0;0;1;0;0;"-3;82564800000";"-38;53951600000";inter_match
358173;19;5;2020;6:39;0;RUA SAO PAULO;;;1237;;ColisÃ£o;Luz do Dia;;;Meio de Quadra;;;0;1;0;0;0;0;0;0;0;0;0;0;"-3;72304373000";"-38;53660120000";mq_qgis
358174;19;5;2020;8:31;14967;AV GODOFREDO MACIEL;RUA JULIO ALCIDES;;;;Queda;Luz do Dia;;;T;Pare;Residencial;0;1;0;0;0;0;0;0;0;1;0;0;"-3;78785600000";"-38;56678500000";inter_match
358175;19;5;2020;9:17;0;AV HILDEBRANDO DE MELO;;;2066;;Queda;Luz do Dia;;;Meio de Quadra;;;0;1;0;0;0;0;0;0;0;1;0;0;"-3;72657000000";"-38;58941000000";mq_gpsv
358176;19;5;2020;10:18;1345;RUA LEONARDO MOTA;RUA MARIA TOMASIA;;;;Queda;Luz do Dia;;;Cruz;Pare;Comercial;0;1;0;0;0;0;0;0;0;1;0;0;"-3;73585300000";"-38;49607000000";inter_match
358177;19;5;2020;11:12;0;RUA ANTONIO PEREIRA;;;1491;;ColisÃ£o;Luz do Dia;;;Meio de Quadra;;;0;1;1;1;0;0;0;0;0;1;0;0;"-3;83117000000";"-38;57016000000";mq_gpsv
358178;19;5;2020;14:44;0;AV FRANCISCO SA;;;5036;;ColisÃ£o;Luz do Dia;;;Meio de Quadra;;;0;1;1;0;0;0;0;0;0;1;0;0;"-3;71319250000";"-38;56970500000";mq_match
358179;19;5;2020;14:49;0;RUA TULIPA;;;150;;ColisÃ£o;Luz do Dia;;;Meio de Quadra;;;0;1;1;0;0;0;0;0;0;1;0;0;"-3;82420460000";"-38;59066080000";mq_match
358180;19;5;2020;15:36;0;RUA OSCAR ROMERO;;;200;;ColisÃ£o;Luz do Dia;;;Meio de Quadra;;;0;1;1;1;0;0;0;0;0;1;0;0;"-3;83274000000";"-38;57044000000";mq_gpsv
358181;19;5;2020;17:01;0;AV AUGUSTO DOS ANJOS;;;698;;Atropelamento;Anoitecer;;;Meio de Quadra;;;0;1;1;0;0;0;0;0;0;1;0;0;"-3;77461500000";"-38;57423900000";mq_match
358182;19;5;2020;17:23;0;AV CASTELO DE CASTRO;;;1320;;ColisÃ£o;Anoitecer;;;Meio de Quadra;;;0;2;0;0;0;0;0;0;0;1;0;0;"-3;84097200000";"-38;52175900000";mq_match
358183;19;5;2020;17:10;12520;AV AUGUSTO DOS ANJOS;RUA ALUISIO AZEVEDO;;;;ColisÃ£o;Anoitecer;;;Duplo T;SemÃ¡foro;Comercial;0;1;1;0;0;0;0;0;0;1;0;0;"-3;77339000000";"-38;57316140000";inter_match
358184;19;5;2020;17:18;0;AV GAL OSORIO DE PAIVA;;;5421;;ColisÃ£o;Anoitecer;;;Meio de Quadra;;;0;1;1;0;0;0;0;0;0;1;0;0;"-3;80442100000";"-38;60177200000";mq_match
358185;19;5;2020;17:51;0;AV MR HULL;;;2914;;ColisÃ£o;Anoitecer;;;Meio de Quadra;;;0;1;0;0;0;0;0;0;0;0;0;0;"-3;73680000000";"-38;57051590000";mq_qgis
359623;19;5;2020;16:16;0;RUA PAULO FIRMEZA;;;391;;Atropelamento;Luz do Dia;;;Meio de Quadra;;;1;0;1;0;0;0;0;0;0;0;0;0;"-3;75742132000";"-38;51604570000";mq_qgis
359626;20;5;2020;14:00;0;RD QUARTO ANEL VIARIO;;;;;Choque c/ ObstÃ¡culo Fixo;Luz do Dia;;;Meio de Quadra;;;1;0;0;1;0;0;0;0;0;0;0;0;"-3;85812400000";"-38;54647400000";fat_match
358186;20;5;2020;0:11;0;RUA EDUARDO ARAUJO;;;2146;;ColisÃ£o;;;;Meio de Quadra;;;0;1;1;1;0;0;0;0;0;1;0;0;"-3;81718000000";"-38;59816000000";mq_gpsv
358187;20;5;2020;0:22;0;RUA GONCALVES LEDO;;;73;;Atropelamento;;;;Meio de Quadra;;;0;1;1;1;0;0;0;0;0;0;0;0;"-3;72438025000";"-38;51397990000";mq_qgis
358188;20;5;2020;6:53;0;AV ENG HUMBERTO MONTE;;;1143;;Queda;Luz do Dia;;;Meio de Quadra;;;0;1;0;0;0;0;0;0;0;1;0;0;"-3;74905644000";"-38;56049630000";mq_qgis
358189;20;5;2020;7:45;0;RUA PRO GOMES BRASIL;;;555;;Queda;Luz do Dia;;;Meio de Quadra;;;0;1;0;0;0;0;0;0;0;1;0;0;"-3;77052450000";"-38;57032800000";mq_match
358190;20;5;2020;11:50;0;RUA COS LAFAYETE;;;626;;ColisÃ£o;Luz do Dia;;;Meio de Quadra;;;0;1;1;1;0;0;0;0;0;1;0;0;"-3;71788450000";"-38;58383900000";mq_qgis