COD_ACIDENTE;DIA;MES;ANO;HORA;INTERSECAO;LOG1;LOG2;LOG3;NUMERO;REFERENCIA;NATUREZA;ILUMINACAO;TEMPO;SUPERFICIEPISTA;TIPOCRUZAMENTO;CONTROLETRAFEGO;USOSOLO;MORTOS;FERIDOS;ILESOS;AUTOMOVEL;ONIBUS;BICICLETA;CAMINHAO;MICROONIBUS;CICLOMOTOR;MOTOCICLETA;TRACAOANIMAL;TREM;LATITUDE;LONGITUDE;METODO
358657;25;5;2020;14:00;0;AV DR ALDY MENTOR;;;;;Queda;Luz do Dia;;;Meio de Quadra;;;1;0;0;0;0;0;0;0;0;1;0;0;"-3;75595600000";"-38;44591700000";fat_match
358659;25;5;2020;16:51;0;RUA VALDEMAR HOLANDA;;;743;;ColisÃ£o;Luz do Dia;;;Meio de Quadra;;;0;1;1;1;0;0;0;0;0;1;0;0;"-3;77055710000";"-38;59346550000";mq_gpsv
358660;25;5;2020;17:03;0;RUA CON DE CASTRO;;;3505;;Queda;Anoitecer;;;Meio de Quadra;;;0;1;0;0;0;0;0;0;0;1;0;0;"-3;79830975000";"-38;58574970000";mq_qgis
358667;25;5;2020;19:07;0;RUA LONDRINA;;;518;;ColisÃ£o;;;;Meio de Quadra;;;0;1;1;1;0;0;0;0;0;1;0;0;"-3;78307297000";"-38;59596230000";mq_qgis
358668;25;5;2020;19:48;0;AV SEN FERNANDES TAVORA;;;2433;;Queda;;;;Meio de Quadra;;;0;1;0;0;0;0;0;0;0;1;0;0;"-3;75595300000";"-38;59388900000";mq_match
358669;25;5;2020;20:39;24913;AV DA INDEPENDENCIA;AV MOZART PINHEIRO DE LUCENA;;;;ColisÃ£o;;;;Cruz;SemÃ¡foro;Comercial;0;1;1;0;0;0;0;0;0;1;0;0;"-3;72495700000";"-38;59761500000";inter_match
358670;25;5;2020;21:36;12470;RUA SILVEIRA FILHO;RUA DES GOMES PARENTE;;;;ColisÃ£o;;;;;;;0;1;1;0;0;0;0;0;0;1;0;0;"-3;77379000000";"-38;57785000000";inter_gpsv
358664;25;5;2020;17:07;5292;RUA COSTA BARROS;RUA GONCALVES LEDO;;;;ColisÃ£o;Anoitecer;;;Cruz;Pare;Comercial;0;1;1;0;0;0;0;0;0;1;0;0;"-3;72908800000";"-38;51542600000";inter_match
358665;25;5;2020;18:06;10998;RUA ALBERTO MAGNO;RUA DOM CARLOTO TAVORA;;;;ColisÃ£o;Anoitecer;;;Cruz;Pare;Residencial;0;1;0;0;0;0;0;0;0;0;0;0;"-3;77083200000";"-38;55349500000";inter_match
358671;26;5;2020;0:06;0;RUA GUILHERME PESSOA;;;683;;ColisÃ£o;;;;Meio de Quadra;;;0;1;1;1;0;0;0;0;0;1;0;0;"-3;82694925000";"-38;48918360000";mq_qgis
358672;26;5;2020;6:50;0;RD QUARTO ANEL VIARIO;;;;;ColisÃ£o;Luz do Dia;;;Meio de Quadra;;;0;1;1;0;0;0;0;0;0;1;0;0;;;
358673;26;5;2020;8:05;5372;RUA DNA LEOPOLDINA;RUA PINTO MADEIRA;;;;ColisÃ£o;Luz do Dia;;;Cruz;SemÃ¡foro;Comercial;0;1;1;1;0;0;0;0;0;1;0;0;"-3;73165000000";"-38;51966400000";inter_match
358674;26;5;2020;9:12;0;AV WASHINGTON SOARES;;;;;ColisÃ£o;Luz do Dia;;;Meio de Quadra;;;0;1;2;0;0;0;0;0;0;1;0;0;;;
358675;26;5;2020;12:58;0;RUA PORTO VELHO;;;1424;;ColisÃ£o;Luz do Dia;;;Meio de Quadra;;;0;1;1;1;0;0;0;0;0;1;0;0;"-3;76357000000";"-38;59149000000";mq_qgis
358676;26;5;2020;13:35;0;RUA TAQUATIARA;;;;;ColisÃ£o;Luz do Dia;;;Meio de Quadra;;;0;1;1;1;0;0;0;0;0;1;0;0;;;
358677;26;5;2020;15:00;334;RUA NESTOR BARBOSA;RUA AMADEU FURTADO;;;;ColisÃ£o;Luz do Dia;;;Cruz;Pare;Residencial;0;1;1;1;0;0;0;0;0;1;0;0;"-3;74540800000";"-38;56204700000";inter_match
358678;26;5;2020;17:44;5177;RUA SAO PAULO;RUA SEN POMPEU;;;;ColisÃ£o;Anoitecer;;;Cruz;SemÃ¡foro;Comercial;0;1;1;1;0;0;0;0;0;1;0;0;"-3;72548600000";"-38;52919600000";inter_match
358679;26;5;2020;17:49;0;AV GAL OSORIO DE PAIVA;;;5629;;Atropelamento;Anoitecer;;;Meio de Quadra;;;0;1;1;1;0;0;0;0;0;0;0;0;"-3;80612979000";"-38;60345490000";mq_qgis
358680;26;5;2020;17:56;0;RUA MONTEIRO LOBATO;;;1179;;Queda;Anoitecer;;;Meio de Quadra;;;0;1;0;0;0;1;0;0;0;0;0;0;"-3;81598000000";"-38;62590000000";mq_gpsv
358681;26;5;2020;18:15;0;AV PERIMETRAL;;;;;ColisÃ£o;Anoitecer;;;Meio de Quadra;;;0;1;1;1;0;1;0;0;0;0;0;0;;;
358682;26;5;2020;19:20;0;RUA ARTUR DE CARVALHO;;;1331;;ColisÃ£o;;;;Meio de Quadra;;;0;1;0;0;0;0;0;0;0;0;0;0;"-3;79468000000";"-38;60633010000";mq_gpsv
358683;26;5;2020;19:35;0;RUA NORUEGA;;;241;;Queda;;;;Meio de Quadra;;;0;1;0;0;0;0;0;0;0;1;0;0;"-3;79005000000";"-38;56490000000";mq_gpsv
358819;26;5;2020;9:00;0;RUA HIS GUARINO ALVES;;;;;ColisÃ£o;Luz do Dia;;;Meio de Quadra;;;0;0;2;1;0;0;0;0;0;0;0;0;;;
356651;26;5;2020;12:40;0;RUA MAL BITENCOURT;RUA VITORIA;RUA PORTO VELHO;315;10Âª REGIAO DO EXERCITO;ColisÃ£o Lateral;Luz do Dia;Bom;Seca;Meio de Quadra;SemÃ¡foro;Comercial;0;2;1;1;0;0;0;0;0;1;0;0;"-3;76515000000";"-38;58852000000";inter_gpsv
356652;26;5;2020;15:33;23406;RUA CAP GUSTAVO;RUA CAP TIBURCIO DA FROTA;;;;ColisÃ£o Transversal;Luz do Dia;Bom;Seca;Cruz;Pare;Residencial;0;1;1;0;0;0;0;0;0;1;0;0;"-3;75524300000";"-38;51673800000";inter_match
356653;27;5;2020;12:30;5265;RUA PEDRO PEREIRA;RUA VINTE E QUATRO DE MAIO;;;;ColisÃ£o Transversal;Luz do Dia;Bom;Seca;Cruz;Pare;Comercial;0;1;1;1;0;0;0;0;0;1;0;0;"-3;72840000000";"-38;53248600000";inter_match
356654;27;5;2020;16:41;0;AV H CJ CEARA;;;1926;;ColisÃ£o Transversal;Luz do Dia;Bom;Seca;Meio de Quadra;NÃ£o HÃ¡ Controle;Residencial;0;1;1;1;0;0;0;0;0;1;0;0;"-3;77639907100";"-38;61537443000";mq_match
358820;27;5;2020;15:50;0;RUA NESTOR BARBOSA;;;35;;ColisÃ£o;Luz do Dia;;;Meio de Quadra;;;0;0;2;0;0;0;0;1;0;0;0;0;"-3;74421513000";"-38;55631290000";mq_qgis
358822;27;5;2020;16:05;0;RUA PERGENTINO MAIA;;;1558;;ColisÃ£o;Luz do Dia;;;Meio de Quadra;;;0;0;1;0;0;0;0;0;0;0;0;0;"-3;83260700000";"-38;48047450000";mq_match
358825;27;5;2020;19:54;0;AV OLIVEIRA PAIVA;;;;;ColisÃ£o;;;;Meio de Quadra;;;0;0;2;1;0;0;0;0;0;0;0;0;;;
358684;27;5;2020;7:41;0;RUA MARIA LUIZA;;;27;;ColisÃ£o;Luz do Dia;;;Meio de Quadra;;;0;1;0;0;0;0;0;0;0;0;0;0;"-3;71898000000";"-38;54554000000";mq_gpsv
358685;27;5;2020;12:09;0;AV PRO GOMES DE MATOS;;;1285;;ColisÃ£o;Luz do Dia;;;Meio de Quadra;;;0;1;1;0;0;0;0;0;0;1;0;0;"-3;76371900000";"-38;54780900000";mq_qgis
358686;27;5;2020;13:50;0;AV ENG HUMBERTO MONTE;;;1721;;ColisÃ£o;Luz do Dia;;;Meio de Quadra;;;0;1;1;1;0;0;0;0;0;1;0;0;"-3;74590500000";"-38;56317700000";mq_match
358687;27;5;2020;14:51;0;RUA PERGENTINO MAIA;;;;;ColisÃ£o;Luz do Dia;;;Meio de Quadra;;;0;1;1;1;0;0;0;0;0;0;0;0;;;
358692;27;5;2020;15:38;0;AV SEN CARLOS JEREISSATI (AEROPORTO);;;;;Queda;Luz do Dia;;;Meio de Quadra;;;0;1;0;0;0;0;0;0;0;1;0;0;;;
358693;27;5;2020;16:02;0;RUA WALDIR DIOGO;;;621;;ColisÃ£o;Luz do Dia;;;Meio de Quadra;;;0;2;1;0;0;0;1;0;0;1;0;0;"-3;80563500000";"-38;58340000000";mq_qgis
358694;27;5;2020;16:33;343;RUA AMADEU FURTADO;RUA CON PENAFORT;;;;ColisÃ£o;Luz do Dia;;;;;;0;1;1;1;0;0;0;0;0;1;0;0;"-3;74564000000";"-38;55975000000";inter_gpsv
358695;27;5;2020;16:45;0;RUA JOAO VITOR;;;;;ColisÃ£o;Luz do Dia;;;Meio de Quadra;;;0;1;1;1;0;0;0;0;0;1;0;0;;;
358696;27;5;2020;17:02;0;RUA MIRTES CORDEIRO;;;;;ColisÃ£o;Anoitecer;;;Meio de Quadra;;;0;1;1;1;0;0;0;0;0;1;0;0;;;
358697;27;5;2020;18:09;13177;AV D CJ JOSE WALTER;AV I CJ JOSE WALTER;;;;ColisÃ£o;Anoitecer;;;Cruz;SemÃ¡foro;Residencial;0;1;1;0;0;0;0;0;0;1;0;0;"-3;83244000000";"-38;55295700000";inter_match
358698;27;5;2020;18:11;0;AV JOSE BASTOS;;;5682;;Atropelamento;Anoitecer;;;Meio de Quadra;;;0;1;1;1;0;0;0;0;0;0;0;0;"-3;76136300000";"-38;56499900000";mq_match
358699;27;5;2020;21:21;0;RUA VICENTE NOBRE MACEDO;;;415;;Queda;;;;Meio de Quadra;;;0;1;0;0;0;0;0;0;0;1;0;0;"-3;82618888000";"-38;48447980000";mq_qgis
358700;28;5;2020;2:37;0;RUA POMPILIO GOMES;;;1210;;Atropelamento;Via Iluminada;Bom;Seca;Meio de Quadra;NÃ£o HÃ¡ Controle;Residencial;1;1;0;0;0;0;0;0;0;1;0;0;"-3;82503014000";"-38;52112420000";mq_qgis
358701;28;5;2020;7:54;5394;RUA METON DE ALENCAR;AV TRISTAO GONCALVES;;;;ColisÃ£o;Luz do Dia;;;Cruz;SemÃ¡foro;Comercial;0;1;1;1;0;0;0;0;0;1;0;0;"-3;73232700000";"-38;53477700000";inter_match
358702;28;5;2020;8:12;0;RUA POMPILIO GOMES;;;1966;;Atropelamento de Animal;Luz do Dia;;;Meio de Quadra;;;0;1;0;0;0;0;0;0;0;1;0;0;"-3;81169000000";"-38;52008000000";mq_gpsv
358703;28;5;2020;10:18;12864;RUA ASSUNCAO;AV DOMINGOS OLIMPIO;;;;ColisÃ£o;Luz do Dia;;;Cruz;SemÃ¡foro;Comercial;0;1;1;1;0;0;0;0;0;1;0;0;"-3;73719200000";"-38;52954800000";inter_match
358704;28;5;2020;11:17;0;RUA PAPI JUNIOR;;;2270;;Atropelamento;Luz do Dia;;;Meio de Quadra;;;0;1;1;1;0;0;0;0;0;0;0;0;"-3;75451686000";"-38;55967050000";mq_qgis
358705;28;5;2020;11:20;0;RUA COLETORA A (MONDUBIM);;;303;;ColisÃ£o;Luz do Dia;;;Meio de Quadra;;;0;1;1;1;0;0;0;0;0;1;0;0;"-3;81665000000";"-38;58028000000";mq_gpsv
358706;28;5;2020;17:14;0;AV I CJ JOSE WALTER;;;570;;Queda;Anoitecer;;;Meio de Quadra;;;0;1;0;0;0;0;0;0;0;1;0;0;"-3;82932150000";"-38;55200800000";mq_qgis
358707;28;5;2020;18:25;0;AV FRANCISCO SA;;;6055;;ColisÃ£o;Anoitecer;;;Meio de Quadra;;;0;1;1;1;0;0;0;0;0;1;0;0;"-3;70998000000";"-38;57900400000";mq_match
358708;28;5;2020;18:30;0;RUA DES PRAXEDES;;;246;;ColisÃ£o;Anoitecer;;;Meio de Quadra;;;0;1;1;1;0;0;0;0;0;1;0;0;"-3;75790433000";"-38;55208830000";mq_qgis
358709;28;5;2020;19:15;0;AV DOM LUIS;;;1400;;ColisÃ£o;;;;Meio de Quadra;;;0;1;1;1;0;0;0;0;0;1;0;0;"-3;73587550000";"-38;48888100000";mq_qgis
358710;28;5;2020;19:18;0;RUA BARRA VERMELHA;;;370;;ColisÃ£o;;;;Meio de Quadra;;;0;1;1;0;0;0;0;0;0;1;0;0;"-3;77898000000";"-38;61227000000";mq_gpsv
358711;28;5;2020;21:21;25116;AV ROGACIANO LEITE;RUA PDE FRANCISCO PITA;;;;Atropelamento;;;;Cruz;SemÃ¡foro;Comercial;0;1;1;0;0;0;0;0;0;0;0;0;"-3;78096000000";"-38;50176600000";inter_match
358712;28;5;2020;21:29;0;RUA DES PRAXEDES;;;710;;Queda;;;;Meio de Quadra;;;0;1;0;0;0;1;0;0;0;0;0;0;"-3;76009100000";"-38;54808400000";mq_match
358741;28;5;2020;20:46;0;AV DOM LUIS;;;1400;;ColisÃ£o Traseira;Via Iluminada;Bom;Seca;Meio de Quadra;SemÃ¡foro;Comercial;0;1;2;0;0;0;0;0;0;1;0;0;"-3;73587550000";"-38;48888100000";mq_qgis
358826;28;5;2020;16:14;0;RUA BAR AQUIRAZ;;;1300;;ColisÃ£o;Luz do Dia;;;Meio de Quadra;;;0;0;1;0;0;0;0;0;0;0;0;0;"-3;83971200000";"-38;48617900000";mq_qgis
359629;28;5;2020;5:00;0;RUA NARA LEAO;;;;;NÃ£o Informado;Amanhecer;;;Meio de Quadra;;;1;0;0;0;0;0;0;0;0;1;0;0;"-3;85806000000";"-38;51724900000";fat_match
356655;28;5;2020;15:23;20384;RUA BAR AQUIRAZ;RUA LUIZ FCO XAVIER;;;;ColisÃ£o Frontal;Luz do Dia;Bom;Seca;Duplo T;Pare;Comercial;0;2;1;1;0;0;0;0;0;1;0;0;"-3;83989200000";"-38;48595300000";inter_match
356656;28;5;2020;16:38;0;RUA PAJE;;;280;;ColisÃ£o Frontal;Luz do Dia;Bom;Seca;Meio de Quadra;Pare;Residencial;0;0;2;0;0;0;0;0;0;1;0;0;"-3;70320000000";"-38;58333000000";mq_gpsv
356657;28;5;2020;19:38;15331;RUA PEREIRA FILGUEIRAS;RUA SILVA PAULET;;;;ColisÃ£o Lateral;Via Iluminada;Bom;Seca;Cruz;Pare;Comercial;0;2;0;1;0;0;0;0;0;0;0;0;"-3;73114400000";"-38;50433800000";inter_match
358828;29;5;2020;20:40;0;RD CE-040;;;;KM-06;Atropelamento;;;;Meio de Quadra;;;0;1;1;0;0;0;0;0;0;0;0;0;"-3;80959680400";"-38;47873348000";rod_match
358751;29;5;2020;10:10;0;RD BR 116;;;1000;KM-01;Engavetamento;Luz do Dia;;;Meio de Quadra;;;0;1;4;1;0;0;0;0;1;0;0;0;"-3;76255400000";"-38;51870200000";rod_match
358713;29;5;2020;6:47;0;RD BR 116;;;10000;KM-10;Queda;Luz do Dia;;;Meio de Quadra;;;0;1;0;0;0;0;0;0;0;1;0;0;"-3;83443500000";"-38;50337300000";rod_match
358714;29;5;2020;7:22;0;AV DR SILAS MUNGUBA;;;3394;;ColisÃ£o;Luz do Dia;;;Meio de Quadra;;;0;1;1;1;0;1;0;0;0;0;0;0;"-3;78921792000";"-38;54371430000";mq_qgis
358715;29;5;2020;11:11;0;AV LINEU MACHADO;;;246;;ColisÃ£o;Luz do Dia;;;Meio de Quadra;;;0;1;1;1;0;0;0;0;0;1;0;0;"-3;76270650000";"-38;57521850000";mq_match
358716;29;5;2020;12:46;0;RUA FRANCISCANO;;;951;;ColisÃ£o;Luz do Dia;Bom;Seca;Meio de Quadra;NÃ£o HÃ¡ Controle;Residencial;0;1;0;1;0;0;0;0;0;0;0;0;"-3;80000000000";"-38;60590000000";mq_gpsv
358717;29;5;2020;15:37;19611;AV GODOFREDO MACIEL;RUA NEREU RAMOS;;;;Queda;Luz do Dia;;;T;SemÃ¡foro;Comercial;0;1;0;0;0;0;0;0;0;1;0;0;"-3;78725000000";"-38;56680200000";inter_match
358313;29;5;2020;15:39;0;RUA JOSE FACANHA;;;708;;Queda;Luz do Dia;;;Meio de Quadra;;;0;1;0;0;0;0;0;0;0;1;0;0;"-3;75190200000";"-38;55752675000";mq_match
358314;29;5;2020;16:53;8954;AV DOMINGOS OLIMPIO;RUA DOM JERONIMO D06;;;;ColisÃ£o;Luz do Dia;;;Cruz;Pare;Comercial;0;1;1;1;0;0;0;0;0;1;0;0;"-3;73320100000";"-38;54345700000";inter_match
358316;29;5;2020;17:11;0;AV LUCIANO CARNEIRO;;;2500;;ColisÃ£o;Anoitecer;;;Meio de Quadra;;;0;1;1;1;0;0;0;0;0;1;0;0;"-3;77012400000";"-38;53827833000";mq_match
358317;29;5;2020;17:43;0;ET ANTIGA PARA AQUIRAZ;;;1062;;ColisÃ£o;Anoitecer;;;Meio de Quadra;;;0;1;1;0;0;0;0;0;0;1;0;0;"-3;83805000000";"-38;48764000000";mq_gpsv
358318;29;5;2020;17:50;0;RUA VERBENA;;;300;;Atropelamento;Anoitecer;;;Meio de Quadra;;;0;1;1;0;0;0;0;0;0;0;0;0;"-3;77850137000";"-38;58805977800";mq_match
358319;29;5;2020;18:24;0;RUA VIA LACTEA;;;187;;Atropelamento;Anoitecer;;;Meio de Quadra;;;0;1;1;1;0;0;0;0;0;0;0;0;"-3;76270000000";"-38;52934000000";mq_gpsv
358320;29;5;2020;18:29;0;AV WASHINGTON SOARES;;;;;Atropelamento;Anoitecer;;;Meio de Quadra;;;0;1;1;1;0;0;0;0;0;0;0;0;;;
358321;29;5;2020;18:29;0;RUA TULIPA;;;773;;ColisÃ£o;Anoitecer;;;Meio de Quadra;;;0;1;1;1;0;0;0;0;0;1;0;0;"-3;71730316000";"-38;58059610000";mq_qgis
358322;29;5;2020;18:43;0;RUA CATOLE;;;2480;;Queda;;;;Meio de Quadra;;;0;1;0;0;0;0;0;0;0;1;0;0;"-3;85157500000";"-38;52163700000";mq_qgis
358323;29;5;2020;19:06;0;RUA JOCKEY CLUBE;;;901;;Queda;;;;Meio de Quadra;;;0;1;0;0;0;0;0;0;0;1;0;0;"-3;76043500000";"-38;58302800000";mq_qgis
358324;29;5;2020;19:58;0;RUA GAL CLARINDO DE QUEIROZ;;;589;;Atropelamento;;;;Meio de Quadra;;;0;1;1;1;0;0;0;0;0;0;0;0;"-3;73294363200";"-38;52941016000";mq_match
358325;29;5;2020;20:29;0;AV SANTOS DUMONT;;;5071;;Queda;;;;Meio de Quadra;;;0;1;0;0;0;0;0;0;0;1;0;0;"-3;74007594000";"-38;48646127700";mq_match
358326;29;5;2020;20:42;0;RUA TEBAS;;;591;;ColisÃ£o;;;;Meio de Quadra;;;0;1;1;0;0;0;0;0;0;1;0;0;"-3;81336000000";"-38;62020000000";mq_gpsv
358327;29;5;2020;21:05;0;AV WENEFRIDO MELO;;;;;Atropelamento;;;;Meio de Quadra;;;0;1;1;0;0;0;1;0;0;0;0;0;;;
358328;29;5;2020;21:38;0;RUA BELO HORIZONTE;;;;;ColisÃ£o;;;;Meio de Quadra;;;0;1;1;0;0;0;0;0;0;1;0;0;;;
358329;29;5;2020;21:38;12437;RUA BELO HORIZONTE;RUA BENTO LOUSADO;;;;ColisÃ£o;;;;Cruz;Pare;Residencial;0;1;1;0;0;0;0;0;0;1;0;0;"-3;76573800000";"-38;56868600000";inter_match
358330;30;5;2020;0:57;4113;RUA LUCAS PINTO;RUA GOMES PASSOS;;;;Queda;Via Iluminada;Bom;Seca;Cruz;Pare;Comercial;1;0;0;0;0;0;0;0;0;1;0;0;"-3;71226600000";"-38;55819000000";inter_match
358331;30;5;2020;2:00;0;AV C CJ CEARA;;;1859;;Queda;;;;Meio de Quadra;;;0;1;0;0;0;0;0;0;0;1;0;0;"-3;77484000000";"-38;61586000000";mq_match
358332;30;5;2020;7:10;0;RUA PRIMEIRO DE JANEIRO;;;938;;ColisÃ£o;Luz do Dia;;;Meio de Quadra;;;0;1;1;1;0;0;0;0;0;1;0;0;"-3;78424000000";"-38;56892000000";mq_gpsv
358333;30;5;2020;9:36;0;AV DOS EXPEDICIONARIOS;;;3190;;Atropelamento;Luz do Dia;;;Meio de Quadra;;;0;1;1;1;0;0;0;0;0;0;0;0;"-3;74685800000";"-38;53567950000";mq_qgis
358334;30;5;2020;10:05;0;AV MAJ ASSIS;;;1265;;Queda;Luz do Dia;;;Meio de Quadra;;;0;1;0;0;0;0;0;0;0;1;0;0;"-3;72328000000";"-38;59063000000";mq_gpsv
358335;30;5;2020;11:21;0;AV PERIMETRAL;;;2714;;ColisÃ£o;Luz do Dia;;;Meio de Quadra;;;0;1;1;1;0;0;0;0;0;1;0;0;;;
358542;30;5;2020;21:00;17320;RUA ALM RUFINO;RUA CONEGUNDES RODRIGUES;;;;ColisÃ£o;;;;Cruz;Pare;Misto;0;1;1;0;0;0;0;0;0;1;0;0;"-3;76465000000";"-38;54340000000";inter_gpsv
358543;30;5;2020;21:45;0;RUA PESSOA ANTA;;;129;;Atropelamento;;;;Meio de Quadra;;;0;1;1;1;0;0;0;0;0;0;0;0;"-3;72102380000";"-38;52178200000";mq_match
358544;30;5;2020;21:47;0;RUA BENU MARCONDES;;;70;;Queda;;;;Meio de Quadra;;;0;1;0;0;0;1;0;0;0;0;0;0;"-3;79594590000";"-38;45952500000";mq_gpsv
358545;30;5;2020;21:50;0;AV ALBERTO CRAVEIRO;;;;;Queda;;;;Meio de Quadra;;;0;1;0;0;0;0;0;0;0;1;0;0;;;
358546;30;5;2020;22:44;0;RUA MATOS VASCONCELOS;;;1386;;Atropelamento;;;;Meio de Quadra;;;0;2;0;0;0;0;0;0;0;1;0;0;"-3;75616165000";"-38;55494560000";mq_qgis
358547;30;5;2020;23:15;0;RUA BERNARDO MANUEL;;;8142;;ColisÃ£o;;;;Meio de Quadra;;;0;1;0;0;0;0;0;0;0;0;0;0;"-3;79070121000";"-38;54897410000";mq_qgis
358494;30;5;2020;12:06;0;RUA PAURILO BARROSO;;;1024;;ColisÃ£o;Luz do Dia;;;Meio de Quadra;;;0;1;1;1;0;0;0;0;0;1;0;0;"-3;80753000000";"-38;57173000000";mq_gpsv
358495;30;5;2020;14:12;6724;AV ENG SANTANA JUNIOR;AV SANTOS DUMONT;;;;Queda;Luz do Dia;;;Cruz;NÃ£o HÃ¡ Controle;Comercial;0;1;0;0;0;0;0;0;0;1;0;0;"-3;74050600000";"-38;48513200000";inter_match
358496;30;5;2020;15:09;0;RUA CAP CLOVIS MAIA;;;2230;;Queda;Luz do Dia;;;Meio de Quadra;;;0;1;0;0;0;0;0;0;0;1;0;0;"-3;73007450000";"-38;45802030000";mq_gpsv
358497;30;5;2020;16:18;0;RUA PDE PERDIGAO SAMPAIO;;;221;;ColisÃ£o;Luz do Dia;;;Meio de Quadra;;;0;1;1;1;0;0;0;0;0;1;0;0;"-3;73641700000";"-38;59516300000";mq_match
358498;30;5;2020;16:42;25435;AV ALBERTO CRAVEIRO;RUA PAULA FRANCINETE;;;;ColisÃ£o;Luz do Dia;;;T;Pare;Comercial;0;1;1;0;0;0;1;0;0;1;0;0;"-3;79523800000";"-38;51804400000";inter_match
358499;30;5;2020;16:53;0;RUA PRO HERIBALDO COSTA;;;569;;ColisÃ£o;Luz do Dia;;;Meio de Quadra;;;0;1;1;0;0;0;0;0;0;1;0;0;"-3;75755609800";"-38;58254390000";mq_match
358500;30;5;2020;18:27;25149;RUA MON CATAO;AV DOM LUIS;;;;ColisÃ£o;Anoitecer;;;T;Pare;Comercial;0;1;1;1;0;1;0;0;0;0;0;0;"-3;73576780000";"-38;48964000000";inter_match
358501;30;5;2020;18:29;0;AV BEIRA MAR;;;34010;;Queda;Anoitecer;;;Meio de Quadra;;;0;1;0;0;0;1;0;0;0;0;0;0;;;
358502;30;5;2020;20:06;0;RUA VIRGILIO BRANDAO;;;73;;ColisÃ£o;;;;Meio de Quadra;;;0;1;1;1;0;0;0;0;0;1;0;0;"-3;74855995000";"-38;59565410000";mq_qgis
358503;30;5;2020;20:15;15112;RUA PDE JUSTINO;RUA JOAO CORDEIRO;;;;Atropelamento;;;;Cruz;NÃ£o HÃ¡ Controle;Rural;0;1;1;1;0;0;0;0;0;0;0;0;"-3;72276000000";"-38;51223000000";inter_gpsv
358504;30;5;2020;20:26;0;AV A CJ JOSE WALTER;;;401;;Queda;;;;Meio de Quadra;;;0;1;0;0;0;0;0;0;0;1;0;0;"-3;82485475000";"-38;55417450000";mq_qgis
358505;30;5;2020;20:28;0;TR PERDIGAO DE OLIVEIRA;;;297;;ColisÃ£o;;;;Meio de Quadra;;;0;1;1;1;0;0;0;0;0;0;0;0;"-3;77672000000";"-38;57239000000";mq_gpsv
358506;30;5;2020;20:31;0;RUA COSME JERONIMO;;;1322;;ColisÃ£o;;;;Meio de Quadra;;;0;2;1;1;0;0;0;0;0;1;0;0;"-3;82389000000";"-38;58789000000";mq_gpsv
358752;30;5;2020;22:00;0;RD BR 222;;;;KM-02;Choque c/ ObstÃ¡culo Fixo;;;;Meio de Quadra;;;0;1;1;1;0;0;0;0;0;0;0;0;"-3;74036240000";"-38;59699610000";rod_match
358829;30;5;2020;23:50;9410;RUA CARNAUBAL;RUA RIO TOCANTINS;;;;ColisÃ£o;;;;Cruz;Pare;Residencial;0;0;2;0;0;0;0;0;0;1;0;0;"-3;72272000000";"-38;58113200000";inter_match
358832;30;5;2020;17:50;0;AV JOR THOMAZ COELHO;;;;;ColisÃ£o;Anoitecer;;;Meio de Quadra;;;0;0;2;0;0;0;0;0;0;1;0;0;;;
356658;30;5;2020;9:30;0;AV DOS EXPEDICIONARIOS;;;3214;;Atropelamento;Luz do Dia;Bom;Seca;Meio de Quadra;NÃ£o HÃ¡ Controle;Comercial;0;1;1;1;0;0;0;0;0;0;0;0;"-3;74685800000";"-38;53567950000";mq_qgis
356661;30;5;2020;21:47;0;RUA PERDIGAO DE OLIVEIRA;;;343;;NÃ£o Informado;Via Iluminada;NÃ£o Informado;Seca;Meio de Quadra;NÃ£o HÃ¡ Controle;Residencial;0;0;3;1;0;1;0;0;0;0;0;0;"-3;77623474000";"-38;57290960000";mq_qgis
356659;31;5;2020;13:24;1581;AV PDE ANTONIO TOMAS;RUA MON CATAO;;;;ColisÃ£o Transversal;Luz do Dia;Bom;Seca;Cruz;SemÃ¡foro;Comercial;0;1;1;0;0;0;0;0;0;0;0;0;"-3;74270800000";"-38;49184300000";inter_match
356660;31;5;2020;21:26;0;RUA ALBERTO MAGNO;RUA ANTONIO COSTA MENDES;;123;;ColisÃ£o Lateral;Via Iluminada;Bom;Seca;Meio de Quadra;SemÃ¡foro;Comercial;0;1;1;1;0;0;0;0;0;0;0;0;"-3;76206000000";"-38;54754000000";inter_gpsv
358833;31;5;2020;16:54;99;RUA TOMAS RODRIGUES;RUA MARTINS NETO;;;;ColisÃ£o;Luz do Dia;;;Cruz;Pare;Residencial;0;0;1;0;0;0;0;0;0;0;0;0;"-3;74106300000";"-38;59377100000";inter_match
358834;31;5;2020;23:10;3975;RUA ALBERTO MAGNO;RUA PRO COSTA MENDES;;;;ColisÃ£o;;;;Cruz;SemÃ¡foro;Residencial;0;0;1;0;0;0;0;0;0;0;0;0;"-3;75752800000";"-38;54354800000";inter_match
358720;31;5;2020;12:19;0;AV PASTEUR;;;1061;;ColisÃ£o;Luz do Dia;;;Meio de Quadra;;;0;1;1;1;0;0;0;0;0;1;0;0;"-3;71539100000";"-38;56025500000";mq_match