COD_ACIDENTE;DIA;MES;ANO;HORA;INTERSECAO;LOG1;LOG2;LOG3;NUMERO;REFERENCIA;NATUREZA;ILUMINACAO;TEMPO;SUPERFICIEPISTA;TIPOCRUZAMENTO;CONTROLETRAFEGO;USOSOLO;MORTOS;FERIDOS;ILESOS;AUTOMOVEL;ONIBUS;BICICLETA;CAMINHAO;MICROONIBUS;CICLOMOTOR;MOTOCICLETA;TRACAOANIMAL;TREM;LATITUDE;LONGITUDE;METODO
358721;31;5;2020;12:22;0;AV PRS CASTELO BRANCO;;;;;ColisÃ£o;Luz do Dia;;;Meio de Quadra;;;0;1;0;0;0;0;0;0;0;0;0;0;;;
358722;31;5;2020;13:00;0;RUA 15 DE NOVEMBRO;;;315;;ColisÃ£o;Luz do Dia;;;Meio de Quadra;;;0;1;1;1;0;0;0;0;0;1;0;0;"-3;76848571000";"-38;55711730000";mq_qgis
358723;31;5;2020;14:37;0;RUA TULIPA;;;;;ColisÃ£o;Luz do Dia;;;Meio de Quadra;;;0;1;0;0;0;0;0;0;0;0;0;0;;;
358724;31;5;2020;16:43;0;AV BORGES DE MELO;;;;;ColisÃ£o;Luz do Dia;;;Meio de Quadra;;;0;1;0;0;0;0;0;0;0;0;0;0;;;
358725;31;5;2020;16:46;0;RUA DES GOMES PARENTE;;;1289;;ColisÃ£o;Luz do Dia;;;Meio de Quadra;;;0;1;1;1;0;0;0;0;0;1;0;0;"-3;77196075000";"-38;58138020000";mq_qgis
358726;31;5;2020;17:10;1510;AV JULIO VENTURA;RUA JOSE VILAR;;;;ColisÃ£o;Anoitecer;;;Cruz;SemÃ¡foro;Comercial;0;1;1;1;0;0;0;0;0;1;0;0;"-3;73998500000";"-38;50601400000";inter_match
358727;31;5;2020;17:36;0;AV PERIMETRAL;;;;;ColisÃ£o;Anoitecer;;;Meio de Quadra;;;0;1;1;1;0;0;0;0;0;1;0;0;;;
358728;31;5;2020;18:27;0;AV N CJ JOSE WALTER;;;;;ColisÃ£o;Anoitecer;;;Meio de Quadra;;;0;1;1;0;0;0;0;0;0;1;0;0;;;
358729;31;5;2020;18:56;46;RUA MARTINS NETO;RUA SALGADO FILHO;;;;ColisÃ£o;;;;Cruz;Pare;Residencial;0;1;1;1;0;0;0;0;0;1;0;0;"-3;74127200000";"-38;59518600000";inter_match
358730;31;5;2020;20:13;0;AV COS GOMES DE FREITAS (SAPIRANGA/COITE);;;3300;;ColisÃ£o;;;;Meio de Quadra;;;0;1;1;1;0;0;0;0;0;1;0;0;"-3;79561784600";"-38;47760847800";mq_match
358731;31;5;2020;20:27;25476;AV JOSE LEON;RUA CHICO LEMOS;;;;ColisÃ£o;;;;Cruz;Pare;Residencial;0;1;1;1;0;0;0;0;0;1;0;0;"-3;78813300000";"-38;50054000000";inter_match
358732;31;5;2020;21:36;0;ET DO JATOBA;;;2263;;ColisÃ£o;;;;Meio de Quadra;;;0;1;1;1;0;0;0;0;0;1;0;0;"-3;79254105000";"-38;62629790000";mq_qgis
358733;31;5;2020;21:57;0;RUA DNA MENDINHA;;;1407;;Queda;;;;Meio de Quadra;;;0;1;0;0;0;0;0;0;0;1;0;0;"-3;71638718000";"-38;57268370000";mq_qgis
358734;31;5;2020;23:03;0;RUA COM LUIS RIBEIRO;;;291;;ColisÃ£o;;;;Meio de Quadra;;;0;1;1;1;0;0;0;0;0;1;0;0;"-3;72188000000";"-38;54916000000";mq_gpsv
358548;31;5;2020;0:54;0;AV FRANCISCO SA;;;4180;;ColisÃ£o;;;;Meio de Quadra;;;0;1;1;1;0;0;0;0;0;1;0;0;"-3;71567600000";"-38;56228000000";mq_match
358549;31;5;2020;1:43;0;RUA ELISA DE OLIVEIRA (CANINDEZINHO);;;226;;Queda;;;;Meio de Quadra;;;0;1;0;0;0;0;0;0;0;1;0;0;"-3;82181000000";"-38;60629000000";mq_gpsv
358550;31;5;2020;6:26;0;AV PRO JOSE ARTHUR CARVALHO;;;1513;;ColisÃ£o;Luz do Dia;;;Meio de Quadra;;;0;1;1;1;0;0;0;0;0;1;0;0;"-3;82656560000";"-38;46588650000";mq_qgis
358551;31;5;2020;11:10;0;RUA TULIPA NEGRA;;;2253;;Queda;Luz do Dia;;;Meio de Quadra;;;0;1;0;0;0;1;0;0;0;0;0;0;"-3;81821422000";"-38;59940520000";mq_qgis
358552;31;5;2020;12:06;0;RUA HOLANDA;;;1717;;ColisÃ£o;Luz do Dia;;;Meio de Quadra;;;0;1;1;1;0;0;0;0;0;1;0;0;"-3;80337000000";"-38;55964000000";mq_gpsv
358808;1;6;2020;8:35;0;AV JOVITA FEITOSA;;;280;;Choque c/ ObstÃ¡culo Fixo;Luz do Dia;;;Meio de Quadra;;;0;1;0;0;0;0;0;0;0;1;0;0;"-3;73761490000";"-38;54604300000";mq_match
358969;1;6;2020;11:15;0;RUA CASTRO E SILVA;;;316;;ColisÃ£o;Luz do Dia;;;Meio de Quadra;;;0;1;0;0;0;0;0;0;0;1;0;0;"-3;72355308000";"-38;52833480000";mq_qgis
358970;1;6;2020;12:15;0;RUA PORTO ALEGRE;;;449;;ColisÃ£o;Luz do Dia;;;Meio de Quadra;;;0;1;0;0;0;0;0;0;0;1;0;0;"-3;76444188000";"-38;58274560000";mq_qgis
358966;1;6;2020;10:03;25153;RUA RAIMUNDO NERY;RUA ANTONIO COSTA MENDES;;;;ColisÃ£o;Luz do Dia;;;Cruz;SemÃ¡foro;Comercial;0;1;0;1;0;0;0;0;0;1;0;0;"-3;79324650000";"-38;58678860000";inter_match
358967;1;6;2020;10:03;0;AV SEN FERNANDES TAVORA;;;97;;ColisÃ£o;Luz do Dia;;;Meio de Quadra;;;0;1;0;0;0;0;0;0;0;0;0;0;"-3;76802000000";"-38;57239900000";mq_match
358963;1;6;2020;7:17;0;RUA ROMULO BEZERRA;;;203;;Queda;Luz do Dia;;;Meio de Quadra;;;0;1;0;0;0;0;0;0;0;1;0;0;"-3;77062269000";"-38;59255950000";mq_qgis
358964;1;6;2020;8:18;21829;RUA DEP MATOSO FILHO;RUA GAL JOAO COUTO;;;;Queda;Luz do Dia;;;Cruz;Pare;Residencial;0;1;0;0;0;0;0;0;0;1;0;0;"-3;73134000000";"-38;58792000000";inter_gpsv
358959;1;6;2020;1:01;0;RUA ROMEU MARTINS;;;318;;ColisÃ£o;;;;Meio de Quadra;;;0;1;0;1;0;0;0;0;0;1;0;0;"-3;76438950000";"-38;55541550000";mq_match
358960;1;6;2020;6:20;1250;AV BAR STUDART;RUA COSTA BARROS;;;;ColisÃ£o;Luz do Dia;;;Cruz;SemÃ¡foro;Comercial;0;1;0;0;0;0;0;0;0;0;0;0;"-3;73223100000";"-38;50583700000";inter_match
359014;1;6;2020;19:55;0;RUA URUCUTUBA;;;634;;Queda;;;;Meio de Quadra;;;0;1;0;0;0;0;0;0;0;1;0;0;"-3;79714332000";"-38;60088060000";mq_qgis
359015;1;6;2020;20:34;0;RUA ALM RUBIM;;;1161;;Queda;;;;Meio de Quadra;;;0;1;0;0;0;1;0;0;0;0;0;0;"-3;76762200000";"-38;55546450000";mq_match
359016;1;6;2020;22:14;0;AV GAL OSORIO DE PAIVA;;;;;Atropelamento;;;;Meio de Quadra;;;0;1;0;1;0;0;0;0;0;0;0;0;;;
359017;1;6;2020;23:03;0;AV GAL OSORIO DE PAIVA;;;1220;;Atropelamento;;;;Meio de Quadra;;;0;1;0;0;0;0;0;0;0;1;0;0;"-3;77973010000";"-38;57299810000";mq_qgis
359012;1;6;2020;19:41;0;RUA CARLOS CHAGAS;;;89;;Queda;;;;Meio de Quadra;;;0;1;0;0;0;0;0;0;0;1;0;0;"-3;78133526000";"-38;58097600000";mq_qgis
359009;1;6;2020;19:17;0;RUA EDUARDO PERDIGAO;;;120;;Atropelamento;;;;Meio de Quadra;;;0;1;0;1;0;0;0;0;0;0;0;0;"-3;77557900000";"-38;56476900000";mq_match
359006;1;6;2020;18:48;0;RUA FRANCISCO VILELA;;;540;;Queda;;;;Meio de Quadra;;;0;1;0;0;0;1;0;0;0;0;0;0;"-3;79750000000";"-38;51801000000";mq_gpsv
359004;1;6;2020;18:10;0;RUA NEREU RAMOS;;;611;;Queda;Anoitecer;;;Meio de Quadra;;;0;1;0;0;0;0;0;0;0;1;0;0;"-3;78528900000";"-38;57217400000";mq_qgis
359001;1;6;2020;17:07;0;AV PERIMETRAL;;;;;ColisÃ£o;Anoitecer;;;Meio de Quadra;;;0;1;0;0;0;0;0;0;0;0;0;0;;;
359002;1;6;2020;17:32;0;AV PASTEUR;;;700;;ColisÃ£o;Anoitecer;;;Meio de Quadra;;;0;1;0;0;0;0;0;0;0;0;0;0;"-3;71194100000";"-38;55909600000";mq_match
358999;1;6;2020;;10726;RUA CURITIBA;RUA PRO HERIBALDO COSTA;;;;ColisÃ£o;;;;Cruz;Pare;Residencial;0;1;0;1;0;0;0;0;0;1;0;0;"-3;75999200000";"-38;58385300000";inter_match
358985;1;6;2020;15:00;0;AV ABOLICAO;;;;;ColisÃ£o;Luz do Dia;;;Meio de Quadra;;;0;1;0;1;0;0;0;0;0;1;0;0;;;
358986;1;6;2020;15:16;0;AV PRS CASTELO BRANCO;;;;;ColisÃ£o;Luz do Dia;;;Meio de Quadra;;;0;1;0;1;0;0;0;0;0;1;0;0;;;
358982;1;6;2020;14:57;15582;RUA FRANCISCO LEANDRO;AV WASHINGTON SOARES;;;;ColisÃ£o;Luz do Dia;;;T;Pare;Residencial;0;1;0;1;0;0;0;0;0;1;0;0;"-3;82252000000";"-38;48120000000";inter_gpsv
358976;1;6;2020;15:58;0;RUA MON DANTAS;;;2552;;ColisÃ£o;Luz do Dia;;;Meio de Quadra;;;0;2;0;0;0;0;0;0;0;1;0;0;"-3;71908250000";"-38;54885300000";mq_qgis
358993;1;6;2020;15:32;0;AV PRS CASTELO BRANCO;;;901;;ColisÃ£o;Luz do Dia;;;Meio de Quadra;;;0;1;0;0;0;0;0;0;0;1;0;0;"-3;71976091900";"-38;53134654000";mq_match
358994;1;6;2020;15:36;23522;RUA FLORO BARTOLOMEU;RUA ESV PINHEIRO;;;;ColisÃ£o;Luz do Dia;;;;;;0;1;0;0;0;0;0;0;0;1;0;0;"-3;76004000000";"-38;50951000000";inter_gpsv
358995;1;6;2020;15:46;0;AV GAL OSORIO DE PAIVA;;;2000;;Queda;Luz do Dia;;;Meio de Quadra;;;0;1;0;0;0;0;0;0;0;1;0;0;"-3;78419900000";"-38;58003000000";mq_match
358996;1;6;2020;15:47;0;AV FRANCISCO SA;;;7221;;ColisÃ£o;Luz do Dia;;;Meio de Quadra;;;0;1;0;1;0;0;0;0;0;1;0;0;"-3;70707000000";"-38;58489400000";mq_match
359633;1;6;2020;13:35;0;RUA B CJ SANTA LUZIA;;;;;NÃ£o Informado;Luz do Dia;;;Meio de Quadra;;;1;0;0;0;0;0;0;0;0;0;0;0;;;
357359;1;6;2020;16:00;10726;RUA PRO HERIBALDO COSTA;RUA CURITIBA;;;;ColisÃ£o Transversal;Luz do Dia;Bom;Seca;Cruz;Pare;Residencial;0;0;2;1;0;0;0;0;0;1;0;0;"-3;75999200000";"-38;58385300000";inter_match
357360;2;6;2020;13:50;0;AV AGUANAMBI;;;0;;ColisÃ£o Traseira;Luz do Dia;Bom;Seca;Meio de Quadra;SemÃ¡foro;Comercial;0;1;1;1;0;0;0;0;0;1;0;0;"-3;75551960000";"-38;52305600000";mq_match
357361;2;6;2020;19:54;0;AL MANDACARU;;;0;;Atropelamento;Via Iluminada;Bom;Seca;Meio de Quadra;NÃ£o HÃ¡ Controle;Residencial;0;1;1;1;0;0;0;0;0;0;0;0;;;
359624;2;6;2020;17:59;1566;RUA SILVA PAULET;RUA PDE VALDEVINO;;;;ColisÃ£o;Anoitecer;;;Cruz;NÃ£o HÃ¡ Controle;Comercial;0;1;0;1;0;0;0;0;0;1;0;0;"-3;74195700000";"-38;50785100000";inter_match
359625;2;6;2020;18:16;0;RUA BELO HORIZONTE;;;5953;;ColisÃ£o;Anoitecer;;;Meio de Quadra;;;0;1;0;1;0;0;0;0;0;1;0;0;;;
359621;2;6;2020;17:08;22310;AL MANDACARU;RUA DEP MANUEL MATOSO FILHO;;;;Atropelamento;Anoitecer;;;;;;0;1;0;1;0;0;0;0;0;0;0;0;"-3;72980000000";"-38;55428000000";inter_gpsv
359608;2;6;2020;15:59;0;AV ZEZE DIOGO;;;913;;ColisÃ£o;Luz do Dia;;;Meio de Quadra;;;0;1;0;0;0;0;0;0;0;0;0;0;"-3;71479983000";"-38;46571580000";mq_qgis
359609;2;6;2020;16:22;0;RUA PRO HERIBALDO COSTA;;;3710;;ColisÃ£o;Luz do Dia;;;Meio de Quadra;;;0;1;0;0;0;0;0;0;0;1;0;0;"-3;73998070000";"-38;58860280000";mq_gpsv
359610;2;6;2020;16:44;0;RUA DES PRAXEDES;;;297;;ColisÃ£o;Luz do Dia;;;Meio de Quadra;;;0;1;0;1;0;0;0;0;0;1;0;0;"-3;75873600000";"-38;55086100000";mq_match
359643;2;6;2020;19:06;0;AV BENJAMIM BRASIL;;;;;Queda;;;;Meio de Quadra;;;0;1;0;0;0;0;0;0;0;1;0;0;;;
359644;2;6;2020;20:18;0;RUA DR RIBAMAR LOBO;;;190;;Atropelamento;;;;Meio de Quadra;;;0;1;0;1;0;0;0;0;0;0;0;0;"-3;74767927000";"-38;46836670000";mq_qgis
359645;2;6;2020;20:27;0;RUA ANDRADE FURTADO;;;1962;CASA BLANCA;ColisÃ£o;;;;Meio de Quadra;;;0;1;0;1;0;0;0;0;0;1;0;0;"-3;74818660000";"-38;47224270000";mq_qgis
359021;2;6;2020;7:37;0;RUA CON DE CASTRO;;;4138;;ColisÃ£o;Luz do Dia;;;Meio de Quadra;;;0;1;0;1;0;0;0;0;0;1;0;0;"-3;80210849100";"-38;58939929000";mq_match
359022;2;6;2020;7:38;0;AV JOVITA FEITOSA;;;2863;;ColisÃ£o;Luz do Dia;;;Meio de Quadra;;;0;1;0;1;0;0;0;0;0;1;0;0;"-3;74125744000";"-38;56332240000";mq_qgis
359029;2;6;2020;9:30;0;RD BR 116;;;;;ColisÃ£o;Luz do Dia;;;Meio de Quadra;;;0;1;0;0;0;0;1;0;0;1;0;0;;;
359030;2;6;2020;9:38;0;RUA JOAO CORDEIRO;;;899;;ColisÃ£o;Luz do Dia;;;Meio de Quadra;;;0;1;0;0;0;0;0;0;0;0;0;0;"-3;72808000000";"-38;51387000000";mq_gpsv
359024;2;6;2020;8:59;0;RUA ELCIAS LOPES;;;25;;ColisÃ£o;Luz do Dia;;;Meio de Quadra;;;0;1;0;0;0;0;0;0;0;1;0;0;"-3;76957800000";"-38;55997000000";mq_qgis
359034;2;6;2020;10:40;0;RD CE-025;;;;KM-04;Choque c/ ObstÃ¡culo Fixo;Luz do Dia;;Seca;Meio de Quadra;;;0;0;1;1;0;0;0;0;0;0;0;0;"-3;80511167900";"-38;44333873000";rod_match
359046;2;6;2020;10:33;0;RUA CANDIDO MAIA;;;218;;Queda;Luz do Dia;;;Meio de Quadra;;;0;1;0;0;0;0;0;0;0;1;0;0;"-3;73674000000";"-38;59020000000";mq_gpsv
359047;2;6;2020;11:14;0;RUA GUILHERME ROCHA;;;48;;Queda;Luz do Dia;;;Meio de Quadra;;;0;1;0;0;0;0;0;0;0;1;0;0;"-3;72743000000";"-38;52683000000";mq_gpsv
359048;2;6;2020;11:36;0;RUA OTHON DE NOROES;;;462;;Queda;Luz do Dia;;;Meio de Quadra;;;0;1;0;0;0;0;0;0;0;1;0;0;;;
359049;2;6;2020;12:28;15190;AV ABOLICAO;RUA JOAQUIM NABUCO;;;;ColisÃ£o;Luz do Dia;;;Cruz;SemÃ¡foro;Residencial;0;1;0;0;0;0;0;0;0;0;0;0;"-3;72637300000";"-38;49843600000";inter_match
359050;2;6;2020;13:11;743;AV PASTEUR;AV PRS CASTELO BRANCO;;;;ColisÃ£o;Luz do Dia;;;Cruz;SemÃ¡foro;Comercial;0;1;0;1;0;0;0;0;0;1;0;0;"-3;71118100000";"-38;55885600000";inter_match
359061;2;6;2020;13:21;0;AV PRS CASTELO BRANCO;;;3162;;ColisÃ£o;Luz do Dia;;;Meio de Quadra;;;0;1;0;1;0;0;0;0;0;1;0;0;"-3;71113018000";"-38;55900670000";mq_qgis
359063;2;6;2020;13:56;0;RD BR 116;;;;;ColisÃ£o;Luz do Dia;;;Meio de Quadra;;;0;1;0;1;0;0;0;0;0;1;0;0;;;
359064;2;6;2020;15:16;0;RUA CON DE CASTRO;;;5237;;ColisÃ£o;Luz do Dia;;;Meio de Quadra;;;0;1;0;1;0;0;0;0;0;1;0;0;"-3;80904300000";"-38;59549160000";mq_match
358860;2;6;2020;8:40;0;RUA PORTO VELHO;;;659;;ColisÃ£o Lateral;Luz do Dia;Bom;Seca;Meio de Quadra;SemÃ¡foro;Residencial;0;1;2;1;0;0;0;0;0;1;0;0;"-3;71908940000";"-38;55756670000";mq_match
358753;2;6;2020;9:30;0;RD BR 116;;;3000;KM-03;ColisÃ£o Traseira;Luz do Dia;;;Meio de Quadra;;;0;1;1;0;0;0;1;0;0;1;0;0;"-3;77983800000";"-38;51437200000";rod_match
358754;3;6;2020;15:30;0;RD BR 116;;;3000;KM-03;Queda;Luz do Dia;;;Meio de Quadra;;;0;1;0;0;0;0;0;0;0;1;0;0;"-3;77983800000";"-38;51437200000";rod_match
358755;3;6;2020;18:50;0;RD BR 116;;;4000;KM-04;ColisÃ£o Lateral;;;;Meio de Quadra;;;0;2;0;0;0;0;0;0;0;1;0;0;"-3;80235400000";"-38;50386900000";rod_match
358809;3;6;2020;23:50;10999;RUA 15 DE NOVEMBRO;RUA ALBERTO MAGNO;;;;ColisÃ£o;;;;Cruz;Pare;Comercial;0;2;0;0;0;0;0;0;0;1;0;0;"-3;76990900000";"-38;55316900000";inter_match
359531;3;6;2020;3:59;0;RUA REINO UNIDO;;;350;;Queda;;;;Meio de Quadra;;;0;1;0;0;0;0;0;0;0;1;0;0;"-3;78509882000";"-38;50437230000";mq_qgis
359545;3;6;2020;13:37;0;AV GODOFREDO MACIEL;;;660;;Queda;Luz do Dia;;;Meio de Quadra;;;0;1;0;0;0;0;0;0;0;1;0;0;"-3;78213282000";"-38;56549580000";mq_qgis
359546;3;6;2020;16:23;0;RUA DIOGO CORREIA;;;330;;ColisÃ£o;Luz do Dia;;;Meio de Quadra;;;0;1;0;1;0;0;0;0;0;1;0;0;"-3;77104992200";"-38;59007588000";mq_match
359547;3;6;2020;18:29;0;AV DEP PAULINO ROCHA;;;;;ColisÃ£o;Anoitecer;;;Meio de Quadra;;;0;1;0;0;0;0;0;0;0;0;0;0;;;
359550;3;6;2020;18:41;0;RD BR 116;;;7200;;ColisÃ£o;;;;Meio de Quadra;;;0;1;0;0;0;0;0;0;0;1;0;0;"-3;78627635900";"-38;51156140000";rod_match
359496;3;6;2020;1:42;0;AV ALBERTO CRAVEIRO;;;;;Queda;;;;Meio de Quadra;;;0;1;0;0;0;0;0;0;0;1;0;0;;;
359505;3;6;2020;1:50;0;AV AREIA BRANCA;;;85;;ColisÃ£o;;;;Meio de Quadra;;;0;1;0;1;0;0;0;0;0;1;0;0;"-3;72848000000";"-38;47432000000";mq_gpsv
359540;3;6;2020;10:27;0;RUA CARLOS AMORA;;;215;;ColisÃ£o;Luz do Dia;;;Meio de Quadra;;;0;1;0;1;0;0;0;0;0;1;0;0;"-3;77392300000";"-38;56465820000";mq_gpsv
359541;3;6;2020;10:29;0;RUA EMILIO DE MENESES;;;612;;ColisÃ£o;Luz do Dia;;;Meio de Quadra;;;0;1;0;1;0;0;0;0;0;1;0;0;"-3;78187400000";"-38;58696900000";mq_match
359542;3;6;2020;11:39;0;RUA COS GOUVEIA;;;241;;ColisÃ£o;Luz do Dia;;;Meio de Quadra;;;0;1;0;0;0;0;0;0;0;1;0;0;"-3;71681100000";"-38;56313100000";mq_qgis
359543;3;6;2020;12:14;0;RUA DR WALTER PORTO;;;123;;Atropelamento;Luz do Dia;;;Meio de Quadra;;;0;1;0;1;0;0;0;0;0;0;0;0;"-3;80255867000";"-38;49341670000";mq_qgis
359562;3;6;2020;19:07;0;AV BEZERRA DE MENEZES;;;970;;ColisÃ£o;;;;Meio de Quadra;;;0;1;0;1;0;0;0;0;0;1;0;0;"-3;73342400000";"-38;55361600000";mq_match
359563;3;6;2020;19:58;0;RUA LONDRINA;;;1070;;Atropelamento de Animal;;;;Meio de Quadra;;;0;1;0;0;0;0;0;0;0;1;0;0;"-3;78166600000";"-38;60096530000";mq_qgis
359564;3;6;2020;22:05;0;RUA 15 DE NOVEMBRO;;;808;;ColisÃ£o;;;;Meio de Quadra;;;0;1;0;1;0;0;0;0;0;1;0;0;"-3;76991717000";"-38;55314660000";mq_qgis
359565;3;6;2020;22:35;0;RUA TEN JOSE NEWTON;;;327;;ColisÃ£o;;;;Meio de Quadra;;;0;1;0;1;0;0;0;0;0;1;0;0;"-3;82540221000";"-38;49173950000";mq_qgis
357362;3;6;2020;10:40;13507;RUA CEL ALVES TEIXEIRA;RUA DR JOSE LOURENCO;;;;ColisÃ£o;Luz do Dia;Bom;Seca;Cruz;Pare;Comercial;0;1;0;0;0;0;0;0;0;1;0;0;"-3;74625600000";"-38;51149600000";inter_match
357363;3;6;2020;8:55;26025;RUA CON DE CASTRO;RUA JOAO AMORA;;;;ColisÃ£o Traseira;Luz do Dia;Bom;Seca;Duplo T;SemÃ¡foro;Residencial;0;1;2;1;0;0;0;0;0;0;0;0;"-3;79954600000";"-38;58690900000";inter_match
357364;3;6;2020;20:00;12457;AV AUGUSTO DOS ANJOS;RUA PRO GOMES BRASIL;;0;TERMINAL LAGOA;ColisÃ£o Traseira;Via Iluminada;Bom;Seca;Cruz;SemÃ¡foro;Comercial;0;2;1;0;0;0;0;0;0;1;0;0;"-3;77015300000";"-38;57042700000";inter_match
357365;4;6;2020;18:15;1413;RUA JOAO CORDEIRO;RUA BARBARA DE ALENCAR;;0;;ColisÃ£o Transversal;Via Iluminada;Bom;Seca;Cruz;Pare;Comercial;0;0;1;1;0;0;0;0;0;1;0;0;"-3;73704100000";"-38;51698700000";inter_match
357366;4;6;2020;19:41;0;AV GODOFREDO MACIEL;;;2957;;NÃ£o Informado;Anoitecer;Bom;Seca;Meio de Quadra;SemÃ¡foro;Comercial;0;0;4;1;0;0;0;0;0;0;0;0;"-3;80166300000";"-38;57154100000";mq_match
359566;4;6;2020;1:07;0;AV JOVITA FEITOSA;;;799;;ColisÃ£o;;;;Meio de Quadra;;;0;1;0;1;0;0;0;0;0;1;0;0;"-3;73874200000";"-38;55099800000";mq_match
359567;4;6;2020;1:22;0;RUA VICOSA;;;985;;Queda;;;;Meio de Quadra;;;0;1;0;0;0;0;0;0;0;1;0;0;;;
359568;4;6;2020;6:00;0;AV GODOFREDO MACIEL;;;5560;;Queda;Luz do Dia;;;Meio de Quadra;;;0;1;0;0;0;1;0;0;0;0;0;0;"-3;82270700000";"-38;57826000000";mq_qgis
359569;4;6;2020;6:58;0;AV PERIMETRAL;;;228;;Queda;Luz do Dia;;;Meio de Quadra;;;0;1;0;0;0;0;0;0;0;1;0;0;;;
359570;4;6;2020;7:20;0;AV PRO JOSE ARTHUR CARVALHO;;;955;;Queda;Luz do Dia;;;Meio de Quadra;;;0;1;0;0;0;0;0;0;0;1;0;0;"-3;82463000000";"-38;45807000000";mq_gpsv
359571;4;6;2020;8:17;0;RUA ZACARIAS GONDIM;;;735;;ColisÃ£o;Luz do Dia;;;Meio de Quadra;;;0;1;0;1;0;0;0;0;0;1;0;0;"-3;76907800000";"-38;55883040000";mq_qgis
359572;4;6;2020;8:23;0;RUA CON DE CASTRO;;;5548;;ColisÃ£o;Luz do Dia;;;Meio de Quadra;;;0;1;0;1;0;0;0;0;0;1;0;0;"-3;81200800000";"-38;59747800000";mq_match
359573;4;6;2020;9:36;0;AV MAE LISBOA;;;;;ColisÃ£o;Luz do Dia;;;Meio de Quadra;;;0;1;0;1;0;0;0;0;0;1;0;0;;;
359574;4;6;2020;9:41;0;RUA SAO JOAO D20;;;327;;Queda;Luz do Dia;;;Meio de Quadra;;;0;2;0;0;0;0;0;0;0;1;0;0;"-3;75778410000";"-38;55427440000";mq_match
359575;4;6;2020;9:52;0;RUA PRO EDGAR DE ARRUDA;;;;;Atropelamento;Luz do Dia;;;Meio de Quadra;;;0;1;0;1;0;0;0;0;0;0;0;0;;;
359586;4;6;2020;11:22;19570;RUA NEREU RAMOS;RUA ESPANHA;;;;Queda;Luz do Dia;;;T;Pare;Residencial;0;1;0;0;0;0;0;0;0;1;0;0;"-3;78396100000";"-38;57443400000";inter_match
359587;4;6;2020;13:06;6509;AV C CJ CEARA;RUA 311 CJ CEARA;;;;ColisÃ£o;Luz do Dia;;;;;;0;1;0;0;0;0;0;0;0;0;0;0;"-3;85636000000";"-38;51835000000";inter_gpsv
359588;4;6;2020;13:10;0;RUA ANGELICA GURGEL;;;200;;ColisÃ£o;Luz do Dia;;;Meio de Quadra;;;0;1;0;1;0;0;0;0;0;1;0;0;"-3;83417368000";"-38;49905230000";mq_qgis
359589;4;6;2020;13:53;15273;RUA OSVALDO CRUZ (ALDEOTA);RUA ANA BILHAR;;;;ColisÃ£o;Luz do Dia;;;Cruz;SemÃ¡foro;Residencial;0;1;0;1;0;0;0;0;0;1;0;0;"-3;72869900000";"-38;49809100000";inter_match
359590;4;6;2020;14:27;0;RUA PEREIRA FILGUEIRAS;;;2330;;ColisÃ£o;Luz do Dia;;;Meio de Quadra;;;0;1;0;1;0;0;0;0;0;1;0;0;"-3;73178600000";"-38;50231000000";mq_qgis
359591;4;6;2020;15:56;0;RUA BOA VISTA;;;643;;ColisÃ£o;Luz do Dia;;;Meio de Quadra;;;0;1;0;1;0;0;0;0;0;1;0;0;"-3;76882550000";"-38;58643650000";mq_qgis
359592;4;6;2020;16:05;0;RUA JUVENCIO BARROSO;;;812;;Atropelamento;Luz do Dia;;;Meio de Quadra;;;0;1;0;0;0;0;0;0;0;0;0;0;"-3;71705000000";"-38;54967000000";mq_gpsv
359593;4;6;2020;16:27;0;AV JOAO PESSOA;;;5920;;ColisÃ£o;Luz do Dia;;;Meio de Quadra;;;0;1;0;0;0;0;0;0;0;0;0;0;"-3;76210250000";"-38;55768620000";mq_qgis
359594;4;6;2020;17:12;10406;AV GENIBAU;RUA PERILIO TEIXEIRA;;;;ColisÃ£o;Anoitecer;;;Cruz;Pare;Comercial;0;1;0;1;0;0;0;0;0;1;0;0;"-3;76037300000";"-38;60205000000";inter_match
359595;4;6;2020;17:29;0;AV DIOGUINHO;;;2214;;Queda;Anoitecer;;;Meio de Quadra;;;0;1;0;0;0;1;0;0;0;0;0;0;"-3;73629100000";"-38;45628700000";mq_match
359596;4;6;2020;17:42;0;RUA JOAO CORDEIRO;;;1904;;ColisÃ£o;Anoitecer;;;Meio de Quadra;;;0;1;0;1;0;0;0;0;0;1;0;0;"-3;73704100000";"-38;51698700000";mq_match
359631;4;6;2020;14:30;0;RUA EURICO MEDINA;;;435;;Atropelamento;Luz do Dia;;;Meio de Quadra;;;1;0;1;0;0;0;0;0;0;0;0;0;"-3;75862220000";"-38;58601100000";mq_qgis
359035;4;6;2020;9:10;0;AV MIN JOSE AMERICO;;;2;;ColisÃ£o;Luz do Dia;;Seca;Meio de Quadra;;;0;0;3;1;0;0;0;0;0;0;0;0;"-3;81291000000";"-38;49932000000";mq_gpsv
359038;5;6;2020;16:00;0;RD CE-060;;;;KM-01;ColisÃ£o;Luz do Dia;;Seca;Meio de Quadra;;;0;0;2;1;0;0;0;0;0;0;0;0;"-3;82613600000";"-38;57950000000";rod_match
358814;5;6;2020;15:00;0;RD CE-060;;;;;ColisÃ£o;Luz do Dia;;;Meio de Quadra;;;0;0;2;0;0;0;0;0;0;0;0;0;;;