COD_ACIDENTE;DIA;MES;ANO;HORA;INTERSECAO;LOG1;LOG2;LOG3;NUMERO;REFERENCIA;NATUREZA;ILUMINACAO;TEMPO;SUPERFICIEPISTA;TIPOCRUZAMENTO;CONTROLETRAFEGO;USOSOLO;MORTOS;FERIDOS;ILESOS;AUTOMOVEL;ONIBUS;BICICLETA;CAMINHAO;MICROONIBUS;CICLOMOTOR;MOTOCICLETA;TRACAOANIMAL;TREM;LATITUDE;LONGITUDE;METODO
359270;13;6;2020;21:11;0;AV ENG HUMBERTO MONTE;;;1065;;ColisÃ£o;;;;Meio de Quadra;;;0;2;0;0;0;0;0;0;0;0;0;0;"-3;74970816300";"-38;56001896000";mq_match
357395;13;6;2020;10:15;0;RUA CEL JOAQUIM FRANKLIN;;;930;;ColisÃ£o Traseira;Luz do Dia;Bom;Seca;Meio de Quadra;NÃ£o HÃ¡ Controle;Comercial;0;1;0;1;0;0;0;0;0;1;0;0;"-3;74350800000";"-38;59501000000";mq_qgis
357396;13;6;2020;14:13;0;AV CARAPINIMA;;;2023;;ColisÃ£o Lateral;Luz do Dia;Bom;Seca;Meio de Quadra;NÃ£o HÃ¡ Controle;Comercial;0;1;1;1;0;0;0;0;0;1;0;0;"-3;73869607000";"-38;53879600000";mq_qgis
357397;13;6;2020;14:28;0;RUA CARLOS VASCONCELOS;;;0;;ColisÃ£o Transversal;Luz do Dia;Bom;Seca;Cruz;SemÃ¡foro;Residencial;0;0;2;1;0;0;0;0;0;0;0;0;"-3;72987650000";"-38;50977800000";mq_boat
357398;13;6;2020;15:24;0;RUA ESTEFANIA M MOTA;RUA VINICIUS DE MORAES;;0;;ColisÃ£o Transversal;Luz do Dia;Bom;Seca;Meio de Quadra;Pare;Residencial;0;1;1;0;0;0;0;0;0;1;0;0;"-3;73179000000";"-38;55609000000";inter_gpsv
357399;13;6;2020;19:10;0;RUA DR JOAQUIM BENTO;;;0;;ColisÃ£o Frontal;Via Iluminada;Bom;Seca;Outros;NÃ£o HÃ¡ Controle;Comercial;0;1;1;1;0;0;0;0;0;0;0;0;"-3;82830930000";"-38;48485000000";mq_match
357400;14;6;2020;7:30;0;RUA NEREU RAMOS;;;196;;Choque c/ ObstÃ¡culo Fixo;Luz do Dia;Bom;Seca;Meio de Quadra;NÃ£o HÃ¡ Controle;Residencial;0;1;0;1;0;0;0;0;0;0;0;0;"-3;78670800000";"-38;56830750000";mq_qgis
357401;14;6;2020;19:56;5448;RUA BAR ARATANHA;RUA METON DE ALENCAR;;;;ColisÃ£o Transversal;Via Iluminada;Bom;Seca;Cruz;Gesto;Comercial;0;1;1;1;0;0;0;0;0;1;0;0;"-3;73484700000";"-38;52702800000";inter_match
359020;14;6;2020;3:00;10909;RUA PORTO VELHO;RUA BRI TORRES;;;;ColisÃ£o Lateral;;Nublado;Molhada;Cruz;NÃ£o HÃ¡ Controle;Rural;0;0;2;1;0;0;0;0;0;1;0;0;"-3;76887500000";"-38;58159200000";inter_match
359023;14;6;2020;0:20;0;RUA PORTO VELHO;;;135;;ColisÃ£o;Via Iluminada;Bom;Molhada;Meio de Quadra;NÃ£o HÃ¡ Controle;Residencial;0;1;1;1;0;1;0;0;0;0;0;0;"-3;76870622000";"-38;58190460000";mq_qgis
359026;14;6;2020;20:00;1467;AV SANTOS DUMONT;RUA MON CATAO;;;;ColisÃ£o Lateral;Via Iluminada;Bom;Seca;Cruz;SemÃ¡foro;Comercial;0;0;2;0;0;0;0;0;0;1;0;0;"-3;73874500000";"-38;49056400000";inter_match
359288;14;6;2020;5:02;0;RUA MOURA MATOS;;;1703;;Queda;Amanhecer;;;Meio de Quadra;;;0;1;0;0;0;0;0;0;0;1;0;0;"-3;81082193000";"-38;54467140000";mq_qgis
359289;14;6;2020;5:54;0;AV MAJ ASSIS;;;1132;;ColisÃ£o;Amanhecer;;;Meio de Quadra;;;0;1;0;0;0;0;0;0;0;0;0;0;"-3;72359200000";"-38;58918100000";mq_match
359290;14;6;2020;10:46;0;RUA MONTE PASCOAL;;;160;;ColisÃ£o;Luz do Dia;;;Meio de Quadra;;;0;1;0;1;0;0;0;0;0;0;0;0;"-3;80425000000";"-38;60068000000";mq_gpsv
359291;14;6;2020;12:40;0;RUA FRANCISCO CALACA;;;;COL. SAO JOSE DOS ARPOADORES;Queda;Luz do Dia;;;Meio de Quadra;;;0;1;0;0;0;1;0;0;0;0;0;0;"-3;70321500000";"-38;56894800000";ref_gpsv
359292;14;6;2020;15:30;0;RUA REINO UNIDO;;;434;;Atropelamento;Luz do Dia;;;Meio de Quadra;;;0;1;0;1;0;0;0;0;0;0;0;0;"-3;78677527000";"-38;50480480000";mq_qgis
359293;14;6;2020;16:26;0;RUA BOM JESUS (GRANJA LISBOA);;;3730;;ColisÃ£o;Luz do Dia;;;Meio de Quadra;;;0;1;0;0;0;0;0;0;0;0;0;0;"-3;78665000000";"-38;62617000000";mq_gpsv
359294;14;6;2020;18:04;0;RUA JACARANDA;;;;;Queda;Anoitecer;;;Meio de Quadra;;;0;1;0;0;0;0;0;0;0;1;0;0;;;
359295;14;6;2020;18:57;0;RUA VALPARAISO;;;471;;ColisÃ£o;;;;Meio de Quadra;;;0;1;0;1;0;0;0;0;0;1;0;0;"-3;84504773000";"-38;52471860000";mq_qgis
359296;14;6;2020;19:07;25665;RUA MARVIN;RUA ANTENOR ROCHA ALEXANDRE;;;;ColisÃ£o;;;;Cruz;Pare;Residencial;0;1;0;1;0;0;0;0;0;1;0;0;"-3;79225100000";"-38;48363500000";inter_match
359297;14;6;2020;20:26;0;AV PRO JOSE ARTHUR CARVALHO;;;;;ColisÃ£o;;;;Meio de Quadra;;;0;1;0;1;0;0;0;0;0;1;0;0;;;
359298;14;6;2020;21:54;0;RUA CON DE CASTRO;;;3501;;Queda;;;;Meio de Quadra;;;0;1;0;0;0;1;0;0;0;0;0;0;"-3;79827800000";"-38;58571800000";mq_match
359299;14;6;2020;23:06;0;RUA OSCAR ARARIPE;;;385;;ColisÃ£o;;;;Meio de Quadra;;;0;1;0;1;0;0;0;0;0;1;0;0;"-3;79265748000";"-38;59473530000";mq_qgis
358844;14;6;2020;1:50;0;RUA VITAL BRASIL;;;409;;ColisÃ£o;;;;Meio de Quadra;;;0;1;1;0;0;0;0;0;0;1;0;0;"-3;78167866000";"-38;58507290000";mq_qgis
358845;14;6;2020;2:30;0;RUA PORTO VELHO;;;24;;ColisÃ£o;;;;Meio de Quadra;;;1;0;1;1;0;1;0;0;0;0;0;0;"-3;72532490000";"-38;55634100000";mq_gpsv
358846;14;6;2020;11:00;0;RUA JOAQUIM MOREIRA D36;;;;;ColisÃ£o;Luz do Dia;;;Meio de Quadra;;;0;0;2;1;0;0;0;0;0;0;0;0;;;
358848;15;6;2020;0:40;0;RUA OSCAR ARARIPE;;;377;;ColisÃ£o;;;;Meio de Quadra;;;0;1;1;0;0;0;0;0;0;1;0;0;"-3;79268649000";"-38;59464510000";mq_qgis
359300;15;6;2020;0:47;0;RUA TEODOMIRO DE CASTRO;;;6317;;ColisÃ£o;;;;Meio de Quadra;;;0;1;0;1;0;0;0;0;0;1;0;0;"-3;71694800000";"-38;57654500000";mq_match
359301;15;6;2020;1:18;0;RUA CEL VIRGILIO NOGUEIRA (BOM JARDIM);;;304;;Queda;;;;Meio de Quadra;;;0;1;0;0;0;0;0;0;0;1;0;0;"-3;78572000000";"-38;60776000000";mq_gpsv
359302;15;6;2020;7:39;0;RUA ANTONIO AUGUSTO;;;2190;;ColisÃ£o;Luz do Dia;;;Meio de Quadra;;;0;2;0;1;0;0;0;0;0;0;0;0;"-3;74029000000";"-38;51676000000";mq_gpsv
359303;15;6;2020;8:26;0;AV MR HULL;;;5649;;ColisÃ£o;Luz do Dia;;;Meio de Quadra;;;0;1;0;1;0;0;0;0;0;1;0;0;"-3;74020189000";"-38;59526160000";mq_qgis
359304;15;6;2020;9:10;0;RD QUARTO ANEL VIARIO;;;;;Queda;Luz do Dia;;;Meio de Quadra;;;0;1;0;0;0;0;0;0;1;0;0;0;;;
359305;15;6;2020;9:36;0;AV SEN FERNANDES TAVORA;;;;;Queda;Luz do Dia;;;Meio de Quadra;;;0;2;0;0;0;0;0;0;0;1;0;0;;;
359306;15;6;2020;10:55;0;RUA COS LAFAYETE;;;404;;ColisÃ£o;Luz do Dia;;;Meio de Quadra;;;0;1;0;0;0;0;0;0;0;1;0;0;"-3;71811529000";"-38;58148780000";mq_qgis
359307;15;6;2020;12:02;0;AV ABOLICAO;;;2900;;Atropelamento;Luz do Dia;;;Meio de Quadra;;;0;1;0;1;0;0;0;0;0;0;0;0;"-3;72698900000";"-38;49331700000";mq_match
359308;15;6;2020;12:09;0;RUA SAO MATEUS D14;;;306;;Queda;Luz do Dia;;;Meio de Quadra;;;0;1;0;0;0;0;0;0;0;1;0;0;"-3;76187819700";"-38;53797275000";mq_gpsv
359309;15;6;2020;14:40;0;RUA EDGAR FALCAO;;;138;;Atropelamento;Luz do Dia;;;Meio de Quadra;;;0;1;0;0;0;0;0;0;0;0;0;0;"-3;73118150000";"-38;57178160000";mq_qgis
359310;15;6;2020;15:02;0;AV FRANCISCO SA;;;3636;;ColisÃ£o;Luz do Dia;;;Meio de Quadra;;;0;1;0;0;0;0;0;0;0;0;0;0;"-3;71741315400";"-38;55731858000";mq_match
359311;15;6;2020;17:05;0;AV CARAPINIMA;;;2424;;ColisÃ£o;Anoitecer;;;Meio de Quadra;;;0;1;0;0;0;0;0;0;0;0;0;0;"-3;74093600000";"-38;54117000000";mq_match
359025;15;6;2020;17:15;0;AV PENETRACAO NORTE SUL;;;62;;Atropelamento;Anoitecer;Bom;Seca;Meio de Quadra;Outros;Residencial;2;0;0;0;1;0;0;0;0;0;0;0;"-3;81206700000";"-38;59071690000";mq_qgis
359066;15;6;2020;10:40;0;AV SEN CARLOS JEREISSATI (AEROPORTO);;;;KM 02;ColisÃ£o;Luz do Dia;;Seca;Meio de Quadra;;;0;0;3;1;0;0;0;0;0;0;0;0;"-3;78219400000";"-38;53542400000";rod_match
359067;15;6;2020;12:10;0;RD CE-040;;;;KM-07;ColisÃ£o;Luz do Dia;;Seca;Meio de Quadra;;;0;0;1;1;0;0;0;0;0;0;0;0;"-3;81715944500";"-38;48303286000";rod_match
359315;15;6;2020;17:20;13378;AV ANTONIO SALES;RUA NOGUEIRA ACIOLI;;;;Atropelamento;Anoitecer;;;Cruz;SemÃ¡foro;Comercial;0;1;0;0;0;0;0;0;0;0;0;0;"-3;73986600000";"-38;52031600000";inter_match
359317;15;6;2020;17:37;0;AV ENG SANTANA JUNIOR;;;2828;;Atropelamento;Anoitecer;;;Meio de Quadra;;;0;1;0;0;0;0;0;0;0;1;0;0;"-3;74619460000";"-38;48953600000";mq_match
359318;15;6;2020;18:06;0;AV B CJ HAB ST SAO JOAO;;;910;;Queda;Anoitecer;;;Meio de Quadra;;;0;1;0;0;0;0;0;0;0;1;0;0;"-3;76917560000";"-38;60783560000";mq_gpsv
359319;15;6;2020;19:29;0;RUA GOIANESA;;;316;;Queda;;;;Meio de Quadra;;;0;1;0;0;0;0;0;0;0;1;0;0;"-3;76420000000";"-38;58544000000";mq_gpsv
359320;15;6;2020;19:38;1305;RUA OSVALDO CRUZ (ALDEOTA);RUA MARIA TOMASIA;;;;ColisÃ£o;;;;Cruz;Pare;Comercial;0;2;0;1;0;0;0;0;0;1;0;0;"-3;73458000000";"-38;49998900000";inter_match
359321;15;6;2020;23:11;0;AV ABOLICAO;;;2950;;Queda;;;;Meio de Quadra;;;0;1;0;0;0;0;0;0;0;1;0;0;"-3;72707030000";"-38;49286300000";mq_match
357402;15;6;2020;8:26;19714;RUA ERICO MOTA;RUA GUSTAVO SAMPAIO;;0;;Capotamento;Luz do Dia;Bom;Seca;Cruz;SemÃ¡foro;Residencial;0;2;0;1;0;0;0;0;0;0;0;0;"-3;73652240000";"-38;56260300000";inter_match
357403;15;6;2020;9:02;1280;RUA ILDEFONSO ALBANO;RUA PINTO MADEIRA;;;;ColisÃ£o Transversal;Luz do Dia;Bom;Seca;Cruz;SemÃ¡foro;Residencial;0;2;1;1;0;0;0;0;0;1;0;0;"-3;73361000000";"-38;51331700000";inter_match
357429;15;6;2020;14:38;0;AV D CJ CEARA;;;1284;;ColisÃ£o;Luz do Dia;Bom;Seca;Meio de Quadra;Pare;Comercial;0;1;1;1;0;0;0;0;0;1;0;0;"-3;76346933000";"-38;60238460000";mq_qgis
357404;16;6;2020;9:30;25182;AV DOMINGOS OLIMPIO;RUA DOM GERONIMO;;;;Atropelamento;Luz do Dia;Bom;Seca;Cruz;Pare;Residencial;0;1;1;1;0;0;0;0;0;0;0;0;"-3;73321000000";"-38;54346000000";inter_gpsv
357405;16;6;2020;9:01;22200;AV SGT HERMINIO SAMPAIO;RUA CEL MOZART GONDIM;;;;ColisÃ£o;Luz do Dia;Bom;Seca;;;;0;2;2;1;0;0;0;0;0;1;0;0;"-3;72651600000";"-38;56132700000";inter_match
357406;16;6;2020;8:50;22951;AV DR SILAS MUNGUBA;RUA DR JUSTA ARAUJO D45;;;;ColisÃ£o Traseira;Luz do Dia;Bom;Seca;Cruz;SemÃ¡foro;Comercial;0;1;2;1;0;0;0;0;0;1;0;0;"-3;78458600000";"-38;55342600000";inter_match
357408;16;6;2020;11:53;0;AV AUGUSTO DOS ANJOS;;;1000;;ColisÃ£o Lateral;Luz do Dia;Bom;Seca;Meio de Quadra;SemÃ¡foro;Comercial;0;2;1;1;0;0;0;0;0;1;0;0;"-3;77677900000";"-38;57619300000";mq_match
357409;16;6;2020;16:15;632;AV PASTEUR;RUA ENG JOAO NOGUEIRA;;;;ColisÃ£o Lateral;Luz do Dia;Bom;Seca;Cruz;Pare;Residencial;0;1;1;0;0;0;0;0;0;1;0;0;"-3;71292700000";"-38;55941500000";inter_match
359055;16;6;2020;9:34;0;AV PONTES VIEIRA;;;2631;;Queda;Luz do Dia;;;Meio de Quadra;;;0;1;0;0;0;0;0;0;0;1;0;0;"-3;75091066700";"-38;49787100000";mq_match
359056;16;6;2020;11:24;0;RUA MANUEL F DE SAMPAIO;;;135;;Queda;Luz do Dia;;;Meio de Quadra;;;0;1;0;0;0;0;0;0;0;1;0;0;"-3;76074978000";"-38;48509430000";mq_qgis
359057;16;6;2020;12:21;1491;RUA CEL LINHARES;RUA EDUARDO GARCIA;;;;ColisÃ£o;Luz do Dia;;;Cruz;Pare;Escola;0;1;1;0;0;0;0;0;0;1;0;0;"-3;73948000000";"-38;49507700000";inter_match
359168;16;6;2020;19:20;0;RUA GUSTAVO BRAGA;;;133;;ColisÃ£o;;;;Meio de Quadra;;;0;2;0;0;0;0;0;0;0;1;0;0;"-3;75078308000";"-38;55286780000";mq_qgis
359169;16;6;2020;19:20;0;AV SEN VIRGILIO TAVORA;;;1055;;ColisÃ£o;;;;Meio de Quadra;;;0;2;0;0;0;0;0;0;0;1;0;0;"-3;73584300000";"-38;49284500000";mq_qgis
359170;16;6;2020;23:05;19686;RUA ERICO MOTA;AV BEZERRA DE MENEZES;;;;Queda;;;;T;SemÃ¡foro;Comercial;0;1;0;0;0;1;0;0;0;0;0;0;"-3;73535700000";"-38;56299100000";inter_match
359155;16;6;2020;16:49;19539;RUA EQUADOR;AV DR SILAS MUNGUBA;;;;ColisÃ£o;Luz do Dia;;;Cruz;SemÃ¡foro;Comercial;0;2;1;0;0;0;1;0;0;1;0;0;"-3;78240600000";"-38;55546000000";inter_match
359156;16;6;2020;17:34;0;AV ALBERTO CRAVEIRO;;;3300;;ColisÃ£o;Anoitecer;;;Meio de Quadra;;;0;1;1;1;0;1;0;0;0;0;0;0;;;
359157;16;6;2020;17:55;0;RUA VALPARAISO;;;1366;;ColisÃ£o;Anoitecer;;;Meio de Quadra;;;0;2;0;0;0;0;0;0;0;1;0;0;"-3;84032400000";"-38;53051400000";mq_qgis
359151;16;6;2020;14:57;0;RUA PRO LINO ENCARNACAO;;;1819;;ColisÃ£o;Luz do Dia;;;Meio de Quadra;;;0;1;1;1;0;0;0;0;0;1;0;0;;;
359152;16;6;2020;16:14;0;AV JOSE BASTOS;;;4400;;ColisÃ£o;Luz do Dia;;;Meio de Quadra;;;0;1;1;1;0;1;0;0;0;0;0;0;"-3;75526000000";"-38;55574150000";mq_match
359153;16;6;2020;16:30;0;RUA CACILDA BECKER;;;436;;ColisÃ£o;Luz do Dia;;;Meio de Quadra;;;0;2;1;1;0;0;0;0;0;1;0;0;"-3;77153000000";"-38;58905600000";mq_match
358849;16;6;2020;9:00;0;AV JOSE BASTOS;;;;;ColisÃ£o;Luz do Dia;;;Meio de Quadra;;;0;1;1;1;0;0;0;0;0;1;0;0;;;
358874;16;6;2020;10:00;0;AV AGUANAMBI;;;282;;ColisÃ£o Lateral;Luz do Dia;Bom;Seca;Meio de Quadra;SemÃ¡foro Manual;Comercial;0;1;1;1;1;0;0;0;0;0;0;0;"-3;73937460000";"-38;52447000000";mq_match
358928;16;6;2020;13:40;0;RUA JOAQUIM LEITAO;;;;;ColisÃ£o;Luz do Dia;;;Meio de Quadra;;;0;1;1;1;0;0;0;0;0;0;0;0;;;
358929;16;6;2020;14:50;0;AV DR SILAS MUNGUBA;;;2227;;ColisÃ£o;Luz do Dia;;;Meio de Quadra;;;0;0;2;1;0;0;0;0;0;0;0;0;"-3;78580373000";"-38;55129560000";mq_qgis
358930;17;6;2020;14:09;21885;RUA PDE PERDIGAO SAMPAIO;RUA GAL ALIPIO DOS SANTOS;;;;ColisÃ£o;Luz do Dia;Bom;Molhada;Cruz;Pare;Residencial;0;2;0;0;0;0;0;0;0;1;0;0;"-3;73345000000";"-38;59639000000";inter_gpsv
358761;17;6;2020;11:00;0;RD BR 116;;;6000;KM-06;ColisÃ£o Transversal;Luz do Dia;;;Meio de Quadra;;;0;2;1;1;0;0;0;0;0;1;0;0;"-3;80469100000";"-38;50305300000";rod_match
359171;17;6;2020;6:55;0;RUA EMILIO DE MENESES;;;3051;;Queda;Luz do Dia;;;Meio de Quadra;;;0;1;0;0;0;0;0;0;0;1;0;0;"-3;77586124000";"-38;60827830000";mq_qgis
359173;17;6;2020;7:57;5394;RUA METON DE ALENCAR;AV TRISTAO GONCALVES;;;;ColisÃ£o;Luz do Dia;;;Cruz;SemÃ¡foro;Comercial;0;1;1;0;0;0;0;0;0;1;0;0;"-3;73232700000";"-38;53477700000";inter_match
359176;17;6;2020;9:32;0;RUA LORENA;;;96;;ColisÃ£o;Luz do Dia;;;Meio de Quadra;;;0;1;1;0;0;0;0;0;0;0;0;0;"-3;75966827000";"-38;55847140000";mq_qgis
359177;17;6;2020;9:44;0;RUA VALPARAISO;;;128;;Queda;Luz do Dia;;;Meio de Quadra;;;0;1;0;0;0;0;0;0;0;1;0;0;"-3;84607920000";"-38;52155090000";mq_match
359178;17;6;2020;12:31;20514;AV CONTORNO SUL;RUA 17 CJ ALTO ALEGRE;;;;ColisÃ£o;Luz do Dia;;;;;;0;1;1;1;0;0;0;0;0;1;0;0;"-3;85676400000";"-38;48437600000";inter_gpsv
359179;17;6;2020;14:51;5159;RUA GUILHERME ROCHA;AV IMPERADOR;;;;Queda;Luz do Dia;;;Cruz;SemÃ¡foro;Comercial;0;1;0;0;0;0;0;0;0;1;0;0;"-3;72508100000";"-38;53382900000";inter_match
359190;17;6;2020;20:17;0;RUA PDE BARBOSA DE JESUS;;;1636;;ColisÃ£o;;;;Meio de Quadra;;;0;2;0;1;0;0;0;0;0;1;0;0;"-3;84101570000";"-38;46951790000";mq_gpsv
359191;17;6;2020;20:27;0;RUA ROSINHA SAMPAIO;;;1199;;ColisÃ£o;;;;Meio de Quadra;;;0;1;1;0;0;0;0;0;0;0;0;0;"-3;72653000000";"-38;58942000000";mq_match
359192;17;6;2020;20:41;0;RUA ANTONIO COSTA MENDES (PQ SÃƒO JOSÃ‰);;;330;;Atropelamento;;;;Meio de Quadra;;;0;1;1;0;1;0;0;0;0;0;0;0;"-3;78926968400";"-38;58308865000";mq_gpsv
359193;17;6;2020;22:27;0;RUA BAR RIO BRANCO;;;2050;;Atropelamento;;;;Meio de Quadra;;;0;1;1;0;0;0;0;0;0;0;0;0;"-3;73657900000";"-38;53149400000";mq_qgis
359181;17;6;2020;15:06;3820;AV 13 DE MAIO;AV CARAPINIMA;;;;Queda;Luz do Dia;;;Cruz;SemÃ¡foro;Comercial;0;1;0;0;0;0;0;0;0;1;0;0;"-3;74000100000";"-38;54023900000";inter_match
359182;17;6;2020;17:51;91;RUA PRS PRUDENTE;RUA TOMAS RODRIGUES;;;;ColisÃ£o;Anoitecer;;;Cruz;;Residencial;0;1;1;0;0;0;0;0;0;1;0;0;"-3;73802300000";"-38;59420500000";inter_match
359183;17;6;2020;17:55;0;RD QUARTO ANEL VIARIO;;;5499;;ColisÃ£o;Anoitecer;;;Meio de Quadra;;;0;1;1;1;0;0;0;0;0;1;0;0;"-3;83776700000";"-38;60393500000";rod_match
359184;17;6;2020;18:10;0;AV DR SILAS MUNGUBA;;;;IGREJA CANAÃƒ;ColisÃ£o;Anoitecer;;;Meio de Quadra;;;0;1;1;0;0;0;0;0;0;1;0;0;"-3;80179200000";"-38;52971300000";ref_gpsv
359187;17;6;2020;18:45;17350;RUA BAR SOBRAL;RUA JOAO FIRMINO;;;;ColisÃ£o;;;;Cruz;Pare;Residencial;0;1;1;1;0;0;0;0;0;1;0;0;"-3;76571400000";"-38;55653100000";inter_match
359188;17;6;2020;19:30;0;RUA CASTRO DE ALENCAR;;;1231;;ColisÃ£o;;;;Meio de Quadra;;;0;1;1;0;0;0;0;0;0;0;0;0;"-3;78228300000";"-38;50529500000";mq_match
359085;17;6;2020;18:33;0;RD CE-060;;;;KM-02;ColisÃ£o;Luz do Dia;;Molhada;Meio de Quadra;;;0;2;1;0;0;0;0;0;0;1;0;0;"-3;83406400000";"-38;58211100000";rod_match
359044;17;6;2020;14:42;10935;RUA BAR CANINDE;RUA ELCIAS LOPES;;;;ColisÃ£o Transversal;Luz do Dia;Bom;Seca;Cruz;Pare;Residencial;0;1;1;0;0;0;0;0;0;1;0;0;"-3;77047300000";"-38;55742600000";inter_match
359194;18;6;2020;6:47;0;AV PRS CASTELO BRANCO;;;749;PEFOCE;ColisÃ£o;Luz do Dia;;;Meio de Quadra;;;0;1;1;1;0;1;0;0;0;0;0;0;"-3;71805550000";"-38;53527770000";mq_match
359195;18;6;2020;8:15;0;RUA STA LIDUINA D42;;;330;;ColisÃ£o;Luz do Dia;;;Meio de Quadra;;;0;1;1;1;0;0;0;0;0;1;0;0;"-3;80081475000";"-38;58501860000";mq_qgis
359196;18;6;2020;8:50;0;RUA POMPILIO GOMES;;;637;;ColisÃ£o;Luz do Dia;;;Meio de Quadra;;;0;1;1;1;0;0;0;0;0;1;0;0;;;
359236;18;6;2020;15:21;10795;AV SEN FERNANDES TAVORA;RUA TUPI D35;;;;ColisÃ£o;Luz do Dia;;;Cruz;SemÃ¡foro;Residencial;0;1;1;1;0;0;0;0;0;1;0;0;"-3;76313000000";"-38;58041000000";inter_match
359237;18;6;2020;15:27;0;RUA MARIA JULIA;;;331;;Queda;Luz do Dia;;;Meio de Quadra;;;0;1;0;0;0;0;0;0;0;1;0;0;"-3;78862463000";"-38;59872030000";mq_qgis
359238;18;6;2020;16:02;0;AV BORGES DE MELO;;;1152;;Queda;Luz do Dia;;;Meio de Quadra;;;0;1;0;0;0;0;0;0;0;1;0;0;"-3;75992918000";"-38;53005860000";mq_qgis
359239;18;6;2020;16:17;0;RUA ANTONIO PEREIRA;;;391;;ColisÃ£o;Luz do Dia;;;Meio de Quadra;;;0;1;1;1;0;0;0;0;0;1;0;0;"-3;83346000000";"-38;56404000000";mq_gpsv
359240;18;6;2020;17:27;0;RUA DIONISIO SERQUEIRA;;;995;;ColisÃ£o;Anoitecer;;;Meio de Quadra;;;0;2;1;1;0;0;0;0;0;1;0;0;"-3;81011360000";"-38;58841540000";mq_gpsv
359241;18;6;2020;18:00;0;RUA NELSON COELHO;;;300;;ColisÃ£o;Anoitecer;;;Meio de Quadra;;;0;1;1;0;0;0;0;0;0;1;0;0;"-3;82835300000";"-38;46366675000";mq_match
359242;18;6;2020;18:43;0;AV ENG HUMBERTO MONTE;;;1299;;ColisÃ£o;;;;Meio de Quadra;;;0;1;1;0;0;0;0;0;0;1;0;0;"-3;74807400000";"-38;56131800000";mq_qgis
359243;18;6;2020;19:22;0;AV B CJ CEARA;;;410;;Atropelamento;;;;Meio de Quadra;;;0;1;1;1;0;0;0;0;0;0;0;0;"-3;76544100000";"-38;60540850000";mq_qgis
359244;18;6;2020;21:51;0;AV ALM HENRIQUE SABOIA;;;164;;Atropelamento;;;;Meio de Quadra;;;0;1;1;0;0;0;0;0;0;1;0;0;"-3;72312580600";"-38;47999366000";mq_match
359228;18;6;2020;10:09;26246;RUA JOSE ABILIO;RUA ANTONIO NERY;;;;ColisÃ£o;Luz do Dia;;;Cruz;Pare;Residencial;0;1;1;1;0;0;0;0;0;1;0;0;"-3;78302080000";"-38;60157270000";inter_match
359229;18;6;2020;11:15;5451;AV DOM MANUEL;RUA BARBARA DE ALENCAR;;;;ColisÃ£o;Luz do Dia;;;Cruz;SemÃ¡foro;Comercial;0;1;1;1;0;0;0;0;0;1;0;0;"-3;73497200000";"-38;52326200000";inter_match
359230;18;6;2020;13:02;0;RUA RUI MONTE;;;1070;;ColisÃ£o;Luz do Dia;;;Meio de Quadra;;;0;1;1;1;0;0;0;0;0;1;0;0;"-3;74801000000";"-38;58530000000";mq_match
359231;18;6;2020;13:09;0;AV MOZART PINHEIRO DE LUCENA;;;1696;;ColisÃ£o;Luz do Dia;;;Meio de Quadra;;;0;1;1;1;0;0;0;0;0;1;0;0;"-3;71742258800";"-38;59545482400";mq_match
359232;18;6;2020;14:33;0;RUA VITAL BRASIL;;;2740;;ColisÃ£o;Luz do Dia;;;Meio de Quadra;;;0;2;1;1;0;0;0;0;0;1;0;0;"-3;77608262600";"-38;60480650000";mq_match
359233;18;6;2020;14:36;0;RUA 7 DE SETEMBRO;;;191;;Choque c/ ObstÃ¡culo Fixo;Luz do Dia;;;Meio de Quadra;;;0;1;1;1;0;0;0;0;0;1;0;0;"-3;77433790000";"-38;56379380000";mq_qgis
357410;18;6;2020;8:36;3769;AV DOMINGOS OLIMPIO;RUA SEN POMPEU;;;;ColisÃ£o Traseira;Luz do Dia;Bom;Seca;Cruz;SemÃ¡foro;Comercial;0;1;2;1;1;0;0;0;0;0;0;0;"-3;73625400000";"-38;53245500000";inter_match
357411;18;6;2020;9:21;0;AV E CJ CEARA;;;298;;ColisÃ£o Traseira;Luz do Dia;Bom;Seca;Meio de Quadra;NÃ£o HÃ¡ Controle;Residencial;0;1;1;0;1;0;0;0;0;1;0;0;"-3;75905500000";"-38;60662100000";mq_qgis
357412;19;6;2020;6:20;5504;RUA PDE VALDEVINO;RUA JOAO CORDEIRO;;;;ColisÃ£o Transversal;Luz do Dia;Bom;Seca;Cruz;SemÃ¡foro;Comercial;0;1;1;1;0;0;0;0;0;1;0;0;"-3;73889600000";"-38;51755000000";inter_match
357413;19;6;2020;5:52;25271;AV CEL CARVALHO;RUA ADOLFO SALES D24;;;;ColisÃ£o Transversal;Amanhecer;Bom;Molhada;Cruz;SemÃ¡foro;Residencial;0;1;1;0;1;0;0;0;0;1;0;0;"-3;70889000000";"-38;59008000000";inter_gpsv