COD_ACIDENTE;DIA;MES;ANO;HORA;INTERSECAO;LOG1;LOG2;LOG3;NUMERO;REFERENCIA;NATUREZA;ILUMINACAO;TEMPO;SUPERFICIEPISTA;TIPOCRUZAMENTO;CONTROLETRAFEGO;USOSOLO;MORTOS;FERIDOS;ILESOS;AUTOMOVEL;ONIBUS;BICICLETA;CAMINHAO;MICROONIBUS;CICLOMOTOR;MOTOCICLETA;TRACAOANIMAL;TREM;LATITUDE;LONGITUDE;METODO
359420;27;6;2020;12:46;0;AV JOSE JATAHY;;;614;;ColisÃ£o;Luz do Dia;;;Meio de Quadra;;;0;1;1;1;0;0;0;0;0;1;0;0;"-3;73207710000";"-38;54445860000";mq_gpsv
359421;27;6;2020;13:57;0;AV PRO JOSE ARTHUR CARVALHO;;;560;;ColisÃ£o;Luz do Dia;;;Meio de Quadra;;;0;1;1;0;0;0;1;0;0;1;0;0;"-3;82647900000";"-38;47349800000";mq_match
359401;27;6;2020;7:14;12837;AV DOMINGOS OLIMPIO;RUA JAIME BENEVOLO;;;;Queda;Luz do Dia;;;Cruz;SemÃ¡foro;Comercial;0;1;0;0;0;0;0;0;0;1;0;0;"-3;73778000000";"-38;52724500000";inter_match
359402;27;6;2020;9:32;0;RUA CANDIDO MAIA;;;294;;ColisÃ£o;Luz do Dia;;;Meio de Quadra;;;0;1;1;1;0;0;0;0;0;1;0;0;"-3;73742800000";"-38;59040720000";mq_match
359455;27;6;2020;22:39;0;RUA GONCALVES DIAS;;;306;;ColisÃ£o;;;;Meio de Quadra;;;0;1;0;0;0;0;0;0;0;0;0;0;"-3;74209579000";"-38;55399310000";mq_qgis
359445;27;6;2020;21:14;0;RD BR 020;;;;;ColisÃ£o;;;;Meio de Quadra;;;0;1;1;1;0;0;0;0;0;1;0;0;;;
359446;27;6;2020;21:27;0;RUA JULIO SILVA;;;;;Queda;;;;Meio de Quadra;;;0;1;0;0;0;0;0;0;0;1;0;0;;;
359447;27;6;2020;21:39;0;AV CASTELO DE CASTRO;;;772;;ColisÃ£o;;;;Meio de Quadra;;;0;1;1;1;0;0;0;0;0;1;0;0;"-3;83619500000";"-38;52166800000";mq_qgis
359448;27;6;2020;21:52;10406;AV GENIBAU;RUA PERILIO TEIXEIRA;;;;ColisÃ£o;;;;Cruz;Pare;Comercial;0;1;1;1;0;0;0;0;0;1;0;0;"-3;76037300000";"-38;60205000000";inter_match
359449;27;6;2020;22:05;0;AV PRS CASTELO BRANCO;;;563;;Queda;;;;Meio de Quadra;;;0;1;0;0;0;1;0;0;0;0;0;0;"-3;72104000000";"-38;52853000000";mq_gpsv
359436;27;6;2020;21:04;0;RUA MANUEL DIAS BRANCO;;;99;;ColisÃ£o;;;;Meio de Quadra;;;0;1;1;1;0;0;0;0;0;1;0;0;"-3;72217000000";"-38;47795000000";mq_gpsv
359437;27;6;2020;21:09;0;AV SEN FERNANDES TAVORA;;;;;Atropelamento;;;;Meio de Quadra;;;0;1;1;0;0;0;0;0;0;1;0;0;;;
359478;27;6;2020;23:11;0;AV SEN FERNANDES TAVORA;;;2433;;Atropelamento;;;;Meio de Quadra;;;0;1;1;0;0;0;0;0;0;1;0;0;"-3;75595300000";"-38;59388900000";mq_match
357438;27;6;2020;0:56;0;RUA MIN ALBUQUERQUE LIMA;;;0;;NÃ£o Informado;Via Iluminada;Bom;Seca;Meio de Quadra;SemÃ¡foro;Comercial;0;1;1;1;0;0;0;0;0;1;0;0;"-3;76620960000";"-38;61102300000";mq_match
357439;27;6;2020;7:00;0;AV SEN FERNANDES TAVORA;RUA PROF. MANOEL LOURENCO;;0;;ColisÃ£o Transversal;Luz do Dia;Bom;Seca;Meio de Quadra;Pare;Comercial;0;1;1;1;0;0;0;0;0;1;0;0;"-3;75578000000";"-38;59457000000";inter_gpsv
357440;27;6;2020;20:47;0;AV PRS COSTA E SILVA;;;287;;ColisÃ£o Traseira;Anoitecer;Bom;Seca;Meio de Quadra;SemÃ¡foro;Comercial;0;1;1;0;0;0;0;0;0;1;0;0;"-3;81230000000";"-38;57278000000";mq_gpsv
357441;27;6;2020;21:44;22070;RUA JOSE FACANHA;RUA PAPI JUNIOR;;;;ColisÃ£o Transversal;Via Iluminada;Bom;Seca;Cruz;Pare;Residencial;0;0;2;1;0;0;0;0;0;1;0;0;"-3;75213600000";"-38;55726500000";inter_match
357442;28;6;2020;14:05;0;RUA TABAJARAS;;;138;;Choque c/ ObstÃ¡culo Fixo;Luz do Dia;Bom;Seca;Meio de Quadra;Pare;Residencial;0;0;1;1;0;0;0;0;0;0;0;0;"-3;71894400000";"-38;51851100000";mq_qgis
357443;28;6;2020;15:59;3584;RUA PAULINA ARRUDA;RUA PORTUGAL D63;;;;ColisÃ£o Traseira;Luz do Dia;Bom;Seca;T;NÃ£o HÃ¡ Controle;Residencial;0;1;1;1;0;0;0;0;0;1;0;0;"-3;82774000000";"-38;51174000000";inter_gpsv
357444;28;6;2020;19:00;0;RUA RECANTO VERDE;;;2022;;ColisÃ£o Traseira;Via Iluminada;Bom;Seca;Meio de Quadra;Gesto;Residencial;0;0;2;1;0;0;0;0;0;1;0;0;"-3;84551700000";"-38;51440300000";mq_qgis
357445;28;6;2020;20:13;1350;RUA TORRES CAMARA;RUA SILVA PAULET;;0;;ColisÃ£o Lateral;Via Iluminada;Bom;Seca;Cruz;SemÃ¡foro;Comercial;0;0;1;1;0;0;0;0;0;1;0;0;"-3;73595800000";"-38;50590500000";inter_match
359506;28;6;2020;16:11;0;AV SEN FERNANDES TAVORA;;;;;ColisÃ£o;Luz do Dia;;;Meio de Quadra;;;0;1;1;1;0;0;0;0;0;1;0;0;;;
359507;28;6;2020;17:20;0;RUA BEM VINDA;;;50;;Queda;Anoitecer;;;Meio de Quadra;;;0;1;0;0;0;0;0;0;0;1;0;0;"-3;77399000000";"-38;57521000000";mq_gpsv
359508;28;6;2020;17:34;0;AV PRO JOSE ARTHUR CARVALHO;;;510;;ColisÃ£o;Anoitecer;;;Meio de Quadra;;;0;1;1;1;0;0;0;0;0;1;0;0;"-3;82641150000";"-38;47414400000";mq_match
359509;28;6;2020;18:05;0;AV SIQUEIRA CAMPOS;;;1415;;ColisÃ£o;Anoitecer;;;Meio de Quadra;;;0;1;1;1;0;0;0;0;0;1;0;0;"-3;81354802900";"-38;62825799000";mq_match
359510;28;6;2020;18:52;0;RUA CESAR CORREIA;;;137;;ColisÃ£o;;;;Meio de Quadra;;;0;1;1;1;0;0;0;0;0;1;0;0;"-3;70773000000";"-38;57176000000";mq_gpsv
359511;28;6;2020;19:09;0;VL STA ELISA D04;;;632;;Queda;;;;Meio de Quadra;;;0;1;0;0;0;0;0;0;0;1;0;0;"-3;70682000000";"-38;55883000000";mq_gpsv
359512;28;6;2020;19:20;0;RUA SEMENTE COITE;;;2731;;ColisÃ£o;;;;Meio de Quadra;;;0;1;1;1;0;0;0;0;0;1;0;0;"-3;72663000000";"-38;60500000000";mq_gpsv
359513;28;6;2020;19:35;1350;RUA TORRES CAMARA;RUA SILVA PAULET;;;;ColisÃ£o;;;;Cruz;SemÃ¡foro;Comercial;0;1;1;1;0;0;0;0;0;1;0;0;"-3;73595800000";"-38;50590500000";inter_match
359514;28;6;2020;19:43;0;RUA CEL FABRICIANO;;;1205;;Atropelamento;;;;Meio de Quadra;;;0;1;1;0;1;0;0;0;0;0;0;0;"-3;78430100000";"-38;60235000000";mq_qgis
359500;28;6;2020;13:54;1566;RUA SILVA PAULET;RUA PDE VALDEVINO;;;;ColisÃ£o;Luz do Dia;;;Cruz;NÃ£o HÃ¡ Controle;Comercial;0;1;1;0;0;0;0;0;0;1;0;0;"-3;74195700000";"-38;50785100000";inter_match
359501;28;6;2020;14:23;0;AV ROGACIANO LEITE;;;2723;;ColisÃ£o;Luz do Dia;;;Meio de Quadra;;;0;1;1;0;0;0;0;0;0;1;0;0;"-3;78234900000";"-38;50210400000";mq_match
359503;28;6;2020;15:14;0;RUA CEL JOSE FILOMENO GOMES;;;1275;;Queda;Luz do Dia;;;Meio de Quadra;;;0;1;0;0;0;0;0;0;0;1;0;0;"-3;78223000000";"-38;48843000000";mq_gpsv
359504;28;6;2020;15:51;0;AV MOZART PINHEIRO DE LUCENA;;;2653;;ColisÃ£o;Luz do Dia;;;Meio de Quadra;;;0;1;0;0;0;0;0;0;0;0;0;0;"-3;72754300000";"-38;59833900000";mq_match
359516;28;6;2020;19:53;0;RUA 8 DE JULHO;;;67;;Queda;;;;Meio de Quadra;;;0;1;0;0;0;0;0;0;0;1;0;0;"-3;72348000000";"-38;57053000000";mq_gpsv
359517;28;6;2020;19:56;1332;AV DOM LUIS;RUA CEL LINHARES;;;;ColisÃ£o;;;;Cruz;Pare;Comercial;0;1;0;0;0;0;0;0;0;0;0;0;"-3;73451300000";"-38;49350300000";inter_match
359518;28;6;2020;5:47;0;RUA BERNARDO MANUEL;;;7842;;Queda;Amanhecer;;;Meio de Quadra;;;0;1;0;0;0;0;0;0;0;1;0;0;"-3;78616020000";"-38;54764600000";mq_match
359497;28;6;2020;13:48;64;RUA PDE PERDIGAO SAMPAIO;RUA MARTINS NETO;;;;ColisÃ£o;Luz do Dia;;;Cruz;Pare;Residencial;0;1;1;1;0;0;0;0;0;1;0;0;"-3;74109240000";"-38;59442000000";inter_match
359498;28;6;2020;13:54;0;AV BORGES DE MELO;;;1160;;Queda;Luz do Dia;;;Meio de Quadra;;;0;1;0;0;0;0;0;0;0;1;0;0;"-3;75984050000";"-38;53011300000";mq_match
359491;28;6;2020;12:22;0;RUA DES OTACILIO PEIXOTO;;;;;ColisÃ£o;Luz do Dia;;;Meio de Quadra;;;0;1;1;1;0;0;0;0;0;1;0;0;;;
359480;28;6;2020;2:03;0;RUA ALBERTO MAGNO;;;1590;;Queda;;;;Meio de Quadra;;;0;1;0;0;0;0;0;0;0;1;0;0;"-3;76799100000";"-38;55241700000";mq_match
359481;28;6;2020;4:00;0;AV GOV RAUL BARBOSA;;;1180;;Queda;;;;Meio de Quadra;;;0;1;0;0;0;0;0;0;0;1;0;0;"-3;76127000000";"-38;50666000000";mq_match
359483;28;6;2020;5:02;0;RUA VITAL BRASIL;;;1783;;Queda;Amanhecer;;;Meio de Quadra;;;1;0;0;0;0;0;0;0;0;1;0;0;"-3;77835821000";"-38;59677595300";mq_match
359485;28;6;2020;9:13;0;RUA PEDRO MARTINS;;;166;;ColisÃ£o;Luz do Dia;;;Meio de Quadra;;;0;1;1;1;0;0;0;0;0;1;0;0;"-3;80033874000";"-38;59949830000";mq_qgis
359486;28;6;2020;9:14;0;AV GENIBAU;;;790;;ColisÃ£o;Luz do Dia;;;Meio de Quadra;;;0;1;1;1;0;0;0;0;0;1;0;0;"-3;76039520000";"-38;60189920000";mq_match
359488;28;6;2020;9:31;0;RUA SOLON PINHEIRO;;;763;;Atropelamento;Luz do Dia;;;Meio de Quadra;;;0;1;1;1;0;0;0;0;0;0;0;0;"-3;73717367000";"-38;52856760000";mq_qgis
359489;28;6;2020;11:45;6766;AV PDE ANTONIO TOMAS;RUA PRO OTAVIO LOBO;;;;Queda;Luz do Dia;;;Cruz;SemÃ¡foro;Comercial;0;1;0;0;0;0;0;0;0;1;0;0;"-3;74654800000";"-38;47994000000";inter_match
358954;28;6;2020;9:00;0;RUA ALVES BEZERRA;;;704;;ColisÃ£o;Luz do Dia;;;Meio de Quadra;;;0;0;2;1;0;0;1;0;0;0;0;0;"-3;80533900000";"-38;61135900000";mq_qgis
358955;28;6;2020;15:59;5451;AV DOM MANUEL;RUA BARBARA DE ALENCAR;;;;ColisÃ£o;Luz do Dia;Bom;Seca;Cruz;SemÃ¡foro;Comercial;0;1;1;1;0;0;0;0;0;1;0;0;"-3;73497200000";"-38;52326200000";inter_match
359041;28;6;2020;13:40;0;RUA GERMANO FRANCK;;;375;;Atropelamento;Luz do Dia;Bom;Seca;Meio de Quadra;NÃ£o HÃ¡ Controle;Residencial;0;2;0;0;0;0;0;0;0;1;0;0;"-3;77519150000";"-38;55966600000";mq_match
358766;29;6;2020;17:30;0;RD BR 222;;;;KM-03;Queda;Anoitecer;;;Meio de Quadra;;;0;1;0;0;0;0;0;0;0;1;0;0;"-3;74030084800";"-38;59594097000";rod_match
359533;29;6;2020;17:26;13304;AV G CJ JOSE WALTER;AV I CJ JOSE WALTER;;;;ColisÃ£o;Anoitecer;;;Cruz;Pare;Residencial;0;1;1;1;0;0;0;0;0;1;0;0;"-3;83906100000";"-38;55495600000";inter_match
359534;29;6;2020;17:29;0;AV MON TABOSA;;;1281;;ColisÃ£o;Anoitecer;;;Meio de Quadra;;;0;1;0;0;0;0;0;0;0;0;0;0;"-3;72430500000";"-38;50775460000";mq_qgis
359535;29;6;2020;18:02;10998;RUA ALBERTO MAGNO;RUA DOM CARLOTO TAVORA;;;;ColisÃ£o;Anoitecer;;;Cruz;Pare;Residencial;0;2;0;1;0;0;0;0;0;1;0;0;"-3;77083200000";"-38;55349500000";inter_match
359536;29;6;2020;18:04;0;AV MR HULL;;;5436;;ColisÃ£o;Anoitecer;;;Meio de Quadra;;;0;1;0;0;0;0;0;0;0;0;0;0;"-3;73993650000";"-38;59343750000";mq_match
359537;29;6;2020;18:22;0;AV GODOFREDO MACIEL;;;1170;;ColisÃ£o;Anoitecer;;;Meio de Quadra;;;0;1;1;1;0;1;0;0;0;0;0;0;"-3;78578400000";"-38;56659100000";mq_match
359538;29;6;2020;18:27;0;AV PRS CASTELO BRANCO;;;;;ColisÃ£o;Anoitecer;;;Meio de Quadra;;;0;1;1;1;0;0;0;0;0;1;0;0;;;
359539;29;6;2020;18:29;1441;AV SANTOS DUMONT;RUA PRO DIAS DA ROCHA;;;;ColisÃ£o;Anoitecer;;;Cruz;Pare;Comercial;0;1;0;0;0;0;0;0;0;0;0;0;"-3;73811300000";"-38;49250200000";inter_match
359520;29;6;2020;9:02;0;AV DR SILAS MUNGUBA;;;3038;;Atropelamento;Luz do Dia;;;Meio de Quadra;;;0;1;1;0;0;0;0;0;0;1;0;0;"-3;78821822200";"-38;54649978000";mq_match
359521;29;6;2020;10:32;0;AV AUGUSTO DOS ANJOS;;;1340;;ColisÃ£o;Luz do Dia;;;Meio de Quadra;;;0;1;1;0;0;0;0;0;0;1;0;0;"-3;77856000000";"-38;57774800000";mq_match
359522;29;6;2020;13:05;0;RUA PINTO MADEIRA;;;166;;ColisÃ£o;Luz do Dia;;;Meio de Quadra;;;0;1;1;1;0;0;0;0;0;1;0;0;"-3;73058000000";"-38;52328000000";mq_gpsv
359523;29;6;2020;13:06;0;AV GENIBAU;;;85;;ColisÃ£o;Luz do Dia;;;Meio de Quadra;;;0;0;2;1;0;0;0;0;0;0;0;0;;;
359525;29;6;2020;13:23;0;AV GOV RAUL BARBOSA;;;7220;;ColisÃ£o;Luz do Dia;;;Meio de Quadra;;;0;1;1;1;0;0;0;0;0;1;0;0;"-3;77545100000";"-38;51302000000";mq_match
359526;29;6;2020;14:04;0;RUA OSCAR FRANCA;;;223;;ColisÃ£o;Luz do Dia;;;Meio de Quadra;;;0;1;1;1;0;0;0;0;0;1;0;0;"-3;79384314000";"-38;59383720000";mq_qgis
359528;29;6;2020;14:40;0;AV DR SILAS MUNGUBA;;;55;;ColisÃ£o;Luz do Dia;;;Meio de Quadra;;;0;1;1;1;0;0;0;0;0;1;0;0;"-3;77993000000";"-38;56026000000";mq_gpsv
359529;29;6;2020;15:56;0;AV AUGUSTO DOS ANJOS;;;1284;;ColisÃ£o;Luz do Dia;;;Meio de Quadra;;;0;1;1;1;0;0;0;0;0;1;0;0;"-3;77828990000";"-38;57751230000";mq_qgis
359551;29;6;2020;18:33;0;RUA DEMETRIO MENEZES;;;3681;;ColisÃ£o;;;;Meio de Quadra;;;0;1;1;1;0;0;0;0;0;1;0;0;"-3;73591000000";"-38;58409600000";mq_qgis
359552;29;6;2020;19:22;0;AV PERIMETRAL;;;;;Atropelamento;;;;Meio de Quadra;;;0;1;1;1;0;0;0;0;0;0;0;0;;;
359553;29;6;2020;19:24;0;AV DOS EXPEDICIONARIOS;;;4469;;ColisÃ£o;;;;Meio de Quadra;;;0;1;1;1;0;0;0;0;0;1;0;0;"-3;75743400000";"-38;53890000000";mq_match
359554;29;6;2020;19:35;0;RUA SAO PAULO;;;1401;;ColisÃ£o;;;;Meio de Quadra;;;0;1;1;1;0;0;0;0;0;1;0;0;"-3;72281000000";"-38;53790000000";mq_gpsv
359555;29;6;2020;22:45;3901;AV EDUARDO GIRAO;RUA JORGE DUMAR;;;;ColisÃ£o;;;;Cruz;SemÃ¡foro;Residencial;0;1;1;1;0;1;0;0;0;0;0;0;"-3;74969100000";"-38;53869500000";inter_match
357446;29;6;2020;1:42;35;RUA JOAQUIM LEITAO;RUA PEDRO MELO;;;;ColisÃ£o Transversal;Via Iluminada;Bom;Seca;Cruz;Pare;Residencial;0;0;3;1;0;0;0;0;0;0;0;0;"-3;74417400000";"-38;59210000000";inter_match
357447;29;6;2020;12:40;24990;AV PRS COSTA E SILVA;AV PRS JUSCELINO KUBITSCHEK (PASSARÃ‰);;;;ColisÃ£o Traseira;Luz do Dia;Nublado;Seca;T;SemÃ¡foro;Residencial;0;1;1;1;0;0;0;0;0;1;0;0;"-3;82564800000";"-38;53951600000";inter_match
357448;29;6;2020;19:26;0;AV SANTOS DUMONT;;;0;;ColisÃ£o Frontal;Via Iluminada;Bom;Seca;Meio de Quadra;Pare;Comercial;0;1;1;1;0;0;0;0;0;1;0;0;"-3;73161820000";"-38;51247800000";mq_match
357449;30;6;2020;18:41;0;RUA AMADEU FURTADO;;;165;;ColisÃ£o Lateral;Via Iluminada;Bom;Seca;Meio de Quadra;NÃ£o HÃ¡ Controle;Residencial;0;1;1;1;0;0;0;0;0;1;0;0;"-3;73701552000";"-38;56377680000";mq_qgis
359556;30;6;2020;0:51;0;RUA EUSEBIO DE SOUZA;;;377;;Queda;;;;Meio de Quadra;;;0;1;0;0;0;0;0;0;0;1;0;0;"-3;74045364000";"-38;52639570000";mq_qgis
359557;30;6;2020;6:55;0;AV CARNEIRO DE MENDONCA;;;1728;;Atropelamento;Luz do Dia;;;Meio de Quadra;;;0;1;1;0;0;0;0;0;0;0;0;0;"-3;76075100000";"-38;57320550000";mq_qgis
359558;30;6;2020;8:13;0;RD BR 116;;;9800;;Atropelamento;Luz do Dia;;;Meio de Quadra;;;0;2;0;0;0;0;0;0;0;1;0;0;"-3;83443500000";"-38;50337300000";rod_match
359559;30;6;2020;8:54;0;RUA CON DE CASTRO;;;;;Queda;Luz do Dia;;;Meio de Quadra;;;0;1;0;0;0;0;0;0;0;1;0;0;;;
359560;30;6;2020;9:58;21756;RUA JOAO TINOCO;RUA CARLOS ARAUJO;;;;ColisÃ£o;Luz do Dia;;;Cruz;Pare;Misto;0;1;1;1;0;0;0;0;0;1;0;0;"-3;72878400000";"-38;58982000000";inter_match
359561;30;6;2020;10:15;0;AV BEZERRA DE MENEZES;;;1811;;Queda;Luz do Dia;;;Meio de Quadra;;;0;1;0;0;0;1;0;0;0;0;0;0;"-3;73491200000";"-38;56082200000";mq_match
359576;30;6;2020;10:35;0;RUA JACAUNA;;;741;;Queda;Luz do Dia;;;Meio de Quadra;;;0;1;0;0;0;0;0;0;0;1;0;0;"-3;70586000000";"-38;58302000000";mq_gpsv
359577;30;6;2020;11:43;0;RUA RUI MONTE;;;494;;ColisÃ£o;Luz do Dia;;;Meio de Quadra;;;0;1;0;0;0;0;0;0;0;0;0;0;"-3;74339339000";"-38;58724860000";mq_qgis
359578;30;6;2020;12:00;0;AV CEL CARVALHO;;;1950;;ColisÃ£o;Luz do Dia;;;Meio de Quadra;;;0;1;1;1;0;0;0;0;0;1;0;0;"-3;71952683000";"-38;58739980000";mq_qgis
359579;30;6;2020;12:37;0;AV DR THEBERGE;;;399;;ColisÃ£o;Luz do Dia;;;Meio de Quadra;;;0;1;1;1;0;1;0;0;0;0;0;0;"-3;70781900000";"-38;56269600000";mq_match
359580;30;6;2020;13:19;25041;RUA JOSE HIPOLITO;RUA BAR AQUIRAZ;;;;ColisÃ£o;Luz do Dia;;;Cruz;SemÃ¡foro;Comercial;0;1;1;1;0;0;0;0;0;1;0;0;"-3;83372500000";"-38;48993300000";inter_match
359581;30;6;2020;14:31;0;RUA ALM RUBIM;;;474;;ColisÃ£o;Luz do Dia;;;Meio de Quadra;;;0;1;1;1;0;1;0;0;0;0;0;0;"-3;76254000000";"-38;55146000000";mq_gpsv
359583;30;6;2020;16:30;0;AV DUQ CAXIAS;;;483;;ColisÃ£o;Luz do Dia;;;Meio de Quadra;;;0;1;1;1;0;0;0;0;0;1;0;0;"-3;73216200000";"-38;52873100000";mq_qgis
359584;30;6;2020;18:53;0;RUA PORTO VELHO;;;960;;Queda;;;;Meio de Quadra;;;0;1;0;0;0;0;0;0;0;1;0;0;"-3;76502953000";"-38;58878810000";mq_qgis
359585;30;6;2020;19:04;0;RUA 15 DE NOVEMBRO;;;813;;Queda;;;;Meio de Quadra;;;0;1;0;0;0;0;0;0;0;1;0;0;"-3;76990900000";"-38;55316900000";mq_match
359391;1;7;2020;;0;AV MIN JOSE AMERICO;;;2223;;ColisÃ£o;Luz do Dia;;Seca;Meio de Quadra;;;0;1;1;1;0;0;0;0;0;1;0;0;"-3;81156483800";"-38;48130805000";mq_match
359392;1;7;2020;13:00;0;RD CE-040;;;;KM-05;Engavetamento;Luz do Dia;;Seca;Meio de Quadra;;;0;0;3;1;0;0;0;0;0;0;0;0;"-3;80059582300";"-38;47953463000";rod_match
359393;1;7;2020;16:20;0;RD CE-040;;;;KM-07;Atropelamento;Luz do Dia;;;Meio de Quadra;;;0;1;1;0;0;0;0;0;0;1;0;0;"-3;81715944500";"-38;48303286000";rod_match
359348;1;7;2020;14:00;35;RUA JOAQUIM LEITAO;RUA PEDRO MELO;;;;ColisÃ£o Transversal;Luz do Dia;Bom;Seca;Cruz;Pare;Comercial;0;1;1;1;0;0;0;0;0;0;0;0;"-3;74417400000";"-38;59210000000";inter_match
359710;1;7;2020;8:25;0;AV MIN JOSE AMERICO;;;2223;;ColisÃ£o;Luz do Dia;;;Meio de Quadra;;;0;0;2;1;0;0;0;0;0;1;0;0;"-3;81156483800";"-38;48130805000";mq_match
359711;1;7;2020;18:00;0;AV WASHINGTON SOARES;;;4294;;Atropelamento;Anoitecer;;;Meio de Quadra;;;0;1;1;0;0;0;0;0;0;1;0;0;"-3;79493500000";"-38;47997900000";mq_match
359841;1;7;2020;5:02;0;RUA NOSSA SRA DAS GRACAS;;;484;;ColisÃ£o;Amanhecer;;;Meio de Quadra;;;0;1;0;1;0;0;0;0;0;1;0;0;"-3;71037174000";"-38;55271020000";mq_qgis
359842;1;7;2020;8:03;0;RD BR 116;;;3000;KM-03;ColisÃ£o;Luz do Dia;;;Meio de Quadra;;;0;1;0;1;0;0;0;0;0;1;0;0;"-3;77983800000";"-38;51437200000";rod_match
359843;1;7;2020;8:08;0;RUA GAL CLARINDO DE QUEIROZ;;;;;ColisÃ£o;Luz do Dia;;;Meio de Quadra;;;0;1;0;0;0;0;0;0;0;1;0;0;;;
360386;1;7;2020;0:34;0;RUA PRO OTAVIO LOBO;;;;;ColisÃ£o;;;;Meio de Quadra;;;0;1;0;1;0;0;0;0;0;1;0;0;;;
360387;1;7;2020;11:47;7496;RUA PEDRO DANTAS;RUA JOAO FONSECA;;;;Queda;Luz do Dia;;;Cruz;Pare;Comercial;0;1;0;0;0;0;0;0;0;1;0;0;"-3;78573300000";"-38;52290300000";inter_match
360388;1;7;2020;13:04;0;AV FRANCISCO SA;;;2080;;Atropelamento;Luz do Dia;;;Meio de Quadra;;;0;1;1;0;0;1;0;0;0;0;0;0;"-3;72174435000";"-38;54412840000";mq_qgis
358778;1;7;2020;8:00;0;RD BR 116;;;1000;KM-01;ColisÃ£o Lateral;Luz do Dia;;;Meio de Quadra;;;0;1;2;1;0;0;0;0;0;1;0;0;"-3;76255400000";"-38;51870200000";rod_match
358336;1;7;2020;8:51;6751;RUA VILEBALDO AGUIAR;RUA PRO OTAVIO LOBO;;;;ColisÃ£o;Luz do Dia;Bom;Seca;Cruz;Pare;Residencial;0;0;2;0;0;0;0;0;0;1;0;0;"-3;74359600000";"-38;47830300000";inter_match
358337;1;7;2020;11:07;10406;AV GENIBAU;RUA PERILIO TEIXEIRA;;0;;ColisÃ£o Transversal;Luz do Dia;Bom;Seca;Cruz;Pare;Comercial;0;0;2;1;0;0;0;0;0;0;0;0;"-3;76037300000";"-38;60205000000";inter_match
358338;1;7;2020;17:16;0;AV JOAO PESSOA;;;6943;;Choque c/ ObstÃ¡culo Fixo;Luz do Dia;Bom;Seca;Outros;NÃ£o HÃ¡ Controle;Residencial;0;0;1;0;0;0;0;0;0;0;0;0;"-3;77104400000";"-38;56137900000";mq_match
358339;1;7;2020;20:10;0;AV PRUDENTE BRASIL;;;633;;ColisÃ£o Lateral;Via Iluminada;Bom;Seca;Outros;NÃ£o HÃ¡ Controle;Residencial;0;0;2;1;0;0;0;0;0;1;0;0;"-3;80870900000";"-38;53410200000";mq_match
358340;1;7;2020;22:01;0;AV ROGACIANO LEITE;;;0;;ColisÃ£o Lateral;Via Iluminada;Bom;Seca;Meio de Quadra;NÃ£o HÃ¡ Controle;Residencial;0;0;2;1;0;0;0;0;0;0;0;0;"-3;77254870000";"-38;49875000000";mq_match
360725;1;7;2020;13:07;7717;AV JOAO PESSOA;RUA PACAEMBU;;;;ColisÃ£o;Luz do Dia;;;T;Outros;Comercial;0;1;0;1;0;0;0;0;0;1;0;0;"-3;76530800000";"-38;55901400000";inter_match
360727;1;7;2020;15:11;0;RUA PORTO VELHO;;;534;;ColisÃ£o;Luz do Dia;;;Meio de Quadra;;;0;1;0;1;0;0;0;0;0;1;0;0;"-3;76675100000";"-38;58554800000";mq_match
360730;1;7;2020;16:44;0;AV WASHINGTON SOARES;;;;;Atropelamento;Luz do Dia;;;Meio de Quadra;;;0;1;0;0;0;0;0;0;0;1;0;0;;;
360731;1;7;2020;16:20;0;RUA DAS PALMEIRAS;;;1011;;ColisÃ£o;Luz do Dia;;;Meio de Quadra;;;0;1;0;0;0;0;0;0;0;0;0;0;;;
360733;1;7;2020;17:53;0;AV FRANCISCO SA;;;6059;;ColisÃ£o;Anoitecer;;;Meio de Quadra;;;0;1;0;0;0;0;0;0;0;0;0;0;"-3;70992920000";"-38;57915440000";mq_qgis
360734;1;7;2020;10:53;0;RUA CEL FRANCISCO ALVES RIBEIRO;;;723;;ColisÃ£o;Luz do Dia;;;Meio de Quadra;;;0;1;0;0;0;0;0;0;0;0;0;0;"-3;82291000000";"-38;50157000000";mq_gpsv
360748;1;7;2020;;0;RUA TEA SILVANO SERRA;;;555;;ColisÃ£o;;;;Meio de Quadra;;;0;1;0;1;0;0;0;0;0;1;0;0;"-3;74109000000";"-38;46362000000";mq_gpsv
360996;1;7;2020;20:08;10681;AV MIGUEL DIAS;RUA FIRMINO ROCHA AGUIAR;;;;ColisÃ£o;;;;RotatÃ³ria;DÃª PreferÃªncia;Escola;0;1;0;1;0;0;0;0;0;1;0;0;"-3;76351700000";"-38;48770800000";inter_match
361298;1;7;2020;20:36;0;RUA EMILIA GONCALVES;;;590;;Atropelamento;;;;Meio de Quadra;;;0;1;0;0;0;0;0;0;0;1;0;0;"-3;72839607000";"-38;59480828000";mq_match