COD_ACIDENTE;DIA;MES;ANO;HORA;INTERSECAO;LOG1;LOG2;LOG3;NUMERO;REFERENCIA;NATUREZA;ILUMINACAO;TEMPO;SUPERFICIEPISTA;TIPOCRUZAMENTO;CONTROLETRAFEGO;USOSOLO;MORTOS;FERIDOS;ILESOS;AUTOMOVEL;ONIBUS;BICICLETA;CAMINHAO;MICROONIBUS;CICLOMOTOR;MOTOCICLETA;TRACAOANIMAL;TREM;LATITUDE;LONGITUDE;METODO
358456;26;7;2020;14:21;14653;RUA LIDIA BRIGIDO;RUA LOURIVAL C PINHO;;;;ColisÃ£o Lateral;Luz do Dia;Bom;Seca;Cruz;Pare;Residencial;0;2;0;1;0;0;0;0;0;1;0;0;"-3;79355400000";"-38;48436800000";inter_match
358457;26;7;2020;17:00;0;RUA WALDIR DIOGO;;;938;;ColisÃ£o Lateral;Luz do Dia;Bom;Seca;Meio de Quadra;NÃ£o HÃ¡ Controle;Residencial;0;1;1;0;0;1;0;0;0;1;0;0;"-3;80359771000";"-38;58655670000";mq_qgis
358488;26;7;2020;9:18;25006;RUA LEONARDO MOTA;RUA BENI DE CARVALHO;;0;;ColisÃ£o Transversal;Luz do Dia;NÃ£o Informado;Seca;Cruz;SemÃ¡foro;Comercial;0;1;1;1;0;0;0;0;0;0;0;0;"-3;74473900000";"-38;49893100000";inter_match
359479;26;7;2020;21:45;0;RD CE-025;;;;KM-01;ColisÃ£o;;;Seca;Meio de Quadra;;;0;2;1;0;0;0;0;0;0;1;0;0;"-3;80781144300";"-38;47004860000";rod_match
359657;26;7;2020;14:20;0;AV ALBERTO CRAVEIRO;;;2770;CASTELAO;ColisÃ£o Lateral;Luz do Dia;Bom;Seca;Meio de Quadra;DÃª PreferÃªncia;Lazer;0;0;2;1;0;0;1;0;0;0;0;0;"-3;80561650100";"-38;52346999800";mq_match
359646;26;7;2020;17:30;25607;AV MOZART PINHEIRO DE LUCENA;RUA BARCA VELHA;;;;Choque c/ ObstÃ¡culo Fixo;Via Iluminada;Bom;Seca;Cruz;Pare;Residencial;0;0;1;1;0;0;0;0;0;0;0;0;"-3;73333100000";"-38;59986400000";inter_match
361605;26;7;2020;17:43;0;RUA VALVERDE;;;1355;;ColisÃ£o;Anoitecer;;;Meio de Quadra;;;0;1;1;1;0;0;0;0;0;1;0;0;"-3;79545000000";"-38;60596000000";mq_gpsv
361608;26;7;2020;17:51;2019;RUA DO POENTE;RUA ABEL FERREIRA;;;;Queda;Anoitecer;;;;;;0;1;0;0;0;1;0;0;0;0;0;0;"-3;69700000000";"-38;57996000000";inter_gpsv
361610;26;7;2020;18:32;0;RUA NAT FEIJO;;;717;;Queda;;;;Meio de Quadra;;;0;1;0;0;0;0;0;0;0;1;0;0;"-3;72169576000";"-38;55544370000";mq_qgis
361616;26;7;2020;18:50;15155;AV BEIRA MAR;RUA NUNES VALENTE;;;;Queda;;;;T;NÃ£o HÃ¡ Controle;Comercial;0;1;0;0;0;0;0;0;0;1;0;0;"-3;72496150000";"-38;50020600000";inter_match
361617;26;7;2020;18:55;0;RUA PLANALTINA (PL AYRTON SENNA);;;1470;;ColisÃ£o;;;;Meio de Quadra;;;0;1;1;1;0;0;0;0;0;1;0;0;"-3;83544000000";"-38;57068000000";mq_gpsv
361584;26;7;2020;10:49;0;RUA BOM JESUS (GRANJA LISBOA);;;684;;ColisÃ£o;Luz do Dia;;;Meio de Quadra;;;0;1;1;1;0;0;0;0;0;1;0;0;"-3;79479373000";"-38;60013050000";mq_qgis
361585;26;7;2020;12:29;0;RUA PORTO VELHO;;;134;;ColisÃ£o;Luz do Dia;;;Meio de Quadra;;;0;2;1;1;0;0;0;0;0;1;0;0;"-3;76865800000";"-38;58199400000";mq_qgis
361588;26;7;2020;13:44;0;RUA MIGUEL CALMON;;;229;;Queda;Luz do Dia;;;Meio de Quadra;;;0;1;0;0;0;1;0;0;0;0;0;0;"-3;72657000000";"-38;46158000000";mq_gpsv
361590;26;7;2020;13:46;0;RUA CEL JOAQUIM FRANKLIN;;;1002;;Queda;Luz do Dia;;;Meio de Quadra;;;0;1;0;0;0;1;0;0;0;0;0;0;"-3;74368257000";"-38;59621050000";mq_qgis
361591;26;7;2020;14:07;0;AL TULIPAS;;;80;;ColisÃ£o;Luz do Dia;;;Meio de Quadra;;;0;1;0;0;0;0;0;0;0;0;0;0;"-3;75190927000";"-38;47075080000";mq_qgis
361596;26;7;2020;14:51;0;RUA LUCIMAR DE OLIVEIRA;;;179;;Queda;Luz do Dia;;;Meio de Quadra;;;0;1;0;0;0;1;0;0;0;0;0;0;"-3;83063000000";"-38;46374000000";mq_gpsv
361597;26;7;2020;16:53;0;RUA WALDIR DIOGO;;;495;;ColisÃ£o;Luz do Dia;;;Meio de Quadra;;;0;0;2;0;0;0;0;0;0;0;0;0;"-3;80628582000";"-38;58238660000";mq_qgis
361601;26;7;2020;17:15;0;RUA DEMETRIO MENEZES;;;266;;ColisÃ£o;Anoitecer;;;Meio de Quadra;;;0;1;1;1;0;0;0;0;0;1;0;0;"-3;74100970000";"-38;58499500000";mq_match
361602;26;7;2020;17:39;0;AV MOZART PINHEIRO DE LUCENA;;;3284;;ColisÃ£o;Anoitecer;;;Meio de Quadra;;;0;1;1;0;0;0;0;0;0;0;0;0;"-3;73341000000";"-38;59988500000";mq_match
361572;26;7;2020;1:02;0;RUA JOSE ALEXANDRE D20;;;121;;ColisÃ£o;;;;Meio de Quadra;;;0;1;1;0;0;0;0;0;0;1;0;0;"-3;72130686000";"-38;55647960000";mq_qgis
361575;26;7;2020;1:51;0;AV IMPERADOR;;;;;ColisÃ£o;;;;Meio de Quadra;;;0;1;1;1;0;0;0;0;0;1;0;0;;;
361577;26;7;2020;1:59;0;AV CEL CARVALHO;;;1423;;ColisÃ£o;;;;Meio de Quadra;;;0;1;1;1;0;0;0;0;0;1;0;0;"-3;71526800000";"-38;58849500000";mq_match
361580;26;7;2020;5:47;0;RUA MANUEL GALDINO;;;3987;;Queda;Amanhecer;;;Meio de Quadra;;;0;1;0;0;0;0;0;0;0;1;0;0;;;
361582;26;7;2020;9:40;0;RUA DR JOSE LOURENCO;;;1840;;ColisÃ£o;Luz do Dia;;;Meio de Quadra;;;0;1;1;1;0;0;0;0;0;1;0;0;"-3;73959946000";"-38;50937140000";mq_qgis
361626;26;7;2020;19:20;0;AV JOSE JATAHY;;;517;;Queda;;;;Meio de Quadra;;;0;1;0;0;0;0;0;0;0;1;0;0;"-3;72534000000";"-38;54576000000";mq_gpsv
361637;26;7;2020;19:24;0;RUA CEL FABRICIANO;;;654;;ColisÃ£o;;;;Meio de Quadra;;;0;1;1;1;0;0;0;0;0;1;0;0;"-3;78600886000";"-38;59654150000";mq_qgis
361639;26;7;2020;19:26;0;AV DR SILAS MUNGUBA;;;3490;;ColisÃ£o;;;;Meio de Quadra;;;0;1;1;1;0;0;0;0;0;1;0;0;"-3;78975800000";"-38;54214300000";mq_match
361641;26;7;2020;21:29;0;RUA OSCAR ARARIPE;;;3215;;Atropelamento;;;;Meio de Quadra;;;0;2;0;0;0;0;0;0;0;1;0;0;"-3;78486200000";"-38;61944590000";mq_qgis
361677;26;7;2020;21:52;0;AV GAL OSORIO DE PAIVA;;;7051;;ColisÃ£o;;;;Meio de Quadra;;;0;1;1;1;0;0;0;0;0;1;0;0;"-3;81584550000";"-38;61285360000";mq_qgis
361679;26;7;2020;22:02;0;AV MAE LISBOA;;;800;;ColisÃ£o;;;;Meio de Quadra;;;0;1;1;1;0;0;0;0;0;1;0;0;"-3;80787800000";"-38;47473900000";mq_match
361681;26;7;2020;22:46;0;TR STA INES D20;;;98;;Queda;;;;Meio de Quadra;;;0;1;0;0;0;1;0;0;0;0;0;0;;;
361688;27;7;2020;6:47;0;RUA URUCUTUBA;;;1268;;Queda;Luz do Dia;;;Meio de Quadra;;;0;1;0;0;0;0;0;0;0;1;0;0;"-3;79730900000";"-38;60602400000";mq_match
361692;27;7;2020;7:33;0;AV JOSE BASTOS;;;;;ColisÃ£o;Luz do Dia;;;Meio de Quadra;;;0;0;2;0;0;0;0;0;0;0;0;0;;;
361760;27;7;2020;8:20;9168;AV BORGES DE MELO;AV LUCIANO CARNEIRO;;;;ColisÃ£o;Luz do Dia;;;Cruz;SemÃ¡foro;Comercial;0;1;1;1;0;0;0;0;0;1;0;0;"-3;75646500000";"-38;53409700000";inter_match
361816;27;7;2020;10:40;0;RUA VER PEDRO PAULO MOREIRA;;;832;;ColisÃ£o;Luz do Dia;;;Meio de Quadra;;;0;1;1;1;0;0;0;0;0;1;0;0;"-3;78710000000";"-38;48792710000";mq_qgis
361819;27;7;2020;11:09;0;AV DOM LUIS;;;816;;ColisÃ£o;Luz do Dia;;;Meio de Quadra;;;0;1;1;1;0;0;0;0;0;1;0;0;"-3;73431076000";"-38;49411990000";mq_qgis
361938;27;7;2020;11:10;0;AV AUGUSTO DOS ANJOS;;;1599;;ColisÃ£o;Luz do Dia;;;Meio de Quadra;;;0;1;1;1;0;0;0;0;0;1;0;0;"-3;78044500000";"-38;57940700000";mq_match
361939;27;7;2020;12:24;0;RUA VICENTE PADILHA;;;110;;Queda;Luz do Dia;;;Meio de Quadra;;;0;1;0;0;0;0;0;0;0;1;0;0;"-3;76423219000";"-38;53720200000";mq_qgis
361940;27;7;2020;13:11;13070;AV JOAO DE ARAUJO LIMA;AV C CJ JOSE WALTER;;;;ColisÃ£o;Luz do Dia;;;Outros;SemÃ¡foro;Residencial;0;1;1;1;0;0;0;0;0;0;0;0;"-3;82760400000";"-38;55936800000";inter_match
361942;27;7;2020;15:23;0;AV JOAO PESSOA;;;6287;;ColisÃ£o;Luz do Dia;;;Meio de Quadra;;;0;1;1;1;0;0;0;0;0;1;0;0;"-3;76530800000";"-38;55901400000";mq_match
361943;27;7;2020;15:53;0;AV MR HULL;;;38;;Queda;Luz do Dia;;;Meio de Quadra;;;0;2;0;0;0;0;0;0;0;1;0;0;"-3;73660000000";"-38;56955000000";mq_gpsv
361944;27;7;2020;16:15;0;RUA LUIS VIEIRA;;;1048;;Atropelamento;Luz do Dia;;;Meio de Quadra;;;0;1;1;1;0;0;0;0;0;0;0;0;"-3;78918940000";"-38;58929330000";mq_qgis
361945;27;7;2020;17:11;0;RUA ANTONIO ARRUDA;;;518;;ColisÃ£o;Anoitecer;;;Meio de Quadra;;;0;1;1;0;0;0;0;0;0;1;0;0;"-3;71192000000";"-38;59158000000";mq_gpsv
361946;27;7;2020;17:22;0;AV SGT HERMINIO SAMPAIO;;;1846;;Atropelamento;Anoitecer;;;Meio de Quadra;;;0;1;1;0;0;0;0;0;0;1;0;0;"-3;72572700000";"-38;55701600000";mq_match
361947;27;7;2020;18:04;0;AV ABOLICAO;;;;;ColisÃ£o;Anoitecer;;;Meio de Quadra;;;0;1;1;0;0;0;0;0;0;0;0;0;;;
361948;27;7;2020;18:35;0;AV JOSE BASTOS;;;690;;ColisÃ£o;;;;Meio de Quadra;;;0;0;2;0;0;0;0;0;0;1;0;0;;;
361950;27;7;2020;18:54;0;RUA PDE MORORO;;;601;;ColisÃ£o;;;;Meio de Quadra;;;0;1;1;1;0;1;0;0;0;0;0;0;"-3;72217000000";"-38;53622000000";mq_gpsv
361955;27;7;2020;19:06;0;AV IMPERADOR;;;853;;ColisÃ£o;;;;Meio de Quadra;;;0;1;1;1;0;0;0;0;0;1;0;0;"-3;72881299000";"-38;53493250000";mq_qgis
361956;27;7;2020;19:41;0;AV PAROARAS;;;479;;ColisÃ£o;;;;;;;0;1;0;1;0;0;0;0;0;1;0;0;"-3;81036126000";"-38;53923500000";mq_qgis
359484;27;7;2020;14:42;0;RD CE-040;;;;KM-06;Queda;Luz do Dia;;Seca;Meio de Quadra;;;0;1;0;0;0;0;0;0;0;1;0;0;"-3;80959680400";"-38;47873348000";rod_match
359482;27;7;2020;14:50;0;AV MIN JOSE AMERICO;;;;;ColisÃ£o;Luz do Dia;;Seca;Meio de Quadra;;;0;0;2;1;0;0;1;0;0;0;0;0;;;
359728;27;7;2020;18:05;0;RUA ARISTOBULO QUEVEDO;;;195;;ColisÃ£o;Anoitecer;;;Meio de Quadra;;;0;0;2;0;0;0;1;0;0;0;0;0;"-3;80301710000";"-38;57311200000";mq_match
363784;27;7;2020;18:00;0;AV VICENTE DE CASTRO;;;5301;NEWLAND;ColisÃ£o;Anoitecer;;;Meio de Quadra;;;1;0;1;0;0;0;1;0;0;1;0;0;"-3;71882552300";"-38;47517813000";mq_match
358797;27;7;2020;0:00;0;RD BR 020;;;;KM 426;Tombamento;;;;Meio de Quadra;;;0;0;1;0;0;0;1;0;0;0;0;0;"-3;86300000000";"-38;52400000000";rod_match
358458;27;7;2020;5:32;0;AV ROGACIANO LEITE;;;0;;Choque c/ ObstÃ¡culo Fixo;Amanhecer;Bom;Seca;Meio de Quadra;SemÃ¡foro;Comercial;0;1;0;1;0;0;0;0;0;0;0;0;"-3;77254870000";"-38;49875000000";mq_match
358459;27;7;2020;8:54;0;AV JOSE BASTOS;;;3030;;ColisÃ£o Lateral;Luz do Dia;Bom;Seca;Meio de Quadra;NÃ£o HÃ¡ Controle;Comercial;0;2;0;0;0;0;0;0;0;1;0;0;"-3;74685500000";"-38;54729550000";mq_match
358460;27;7;2020;7:30;9168;AV LUCIANO CARNEIRO;AV BORGES DE MELO;;;;ColisÃ£o Transversal;Luz do Dia;Bom;Seca;Cruz;SemÃ¡foro;Comercial;0;2;0;0;0;0;0;0;0;1;0;0;"-3;75646500000";"-38;53409700000";inter_match
358461;27;7;2020;9:00;0;RUA PDE PERDIGAO SAMPAIO;;;374;;ColisÃ£o Lateral;Luz do Dia;Bom;Seca;Meio de Quadra;SemÃ¡foro;Comercial;0;0;2;1;0;0;0;0;0;0;0;0;"-3;73942100000";"-38;59473100000";mq_qgis
358462;27;7;2020;11:15;13937;RUA IEDA PEREIRA;RUA VER PEDRO PAULO MOREIRA;;;;ColisÃ£o Transversal;Luz do Dia;Bom;Molhada;Cruz;Pare;Residencial;0;1;1;1;0;0;0;0;0;1;0;0;"-3;78707000000";"-38;48815100000";inter_match
358463;27;7;2020;7:45;22159;AV JOSE BASTOS;RUA PRO COSTA MENDES;;;;Atropelamento;Luz do Dia;Bom;Seca;Meio de Quadra;NÃ£o HÃ¡ Controle;Comercial;0;2;0;0;0;0;0;0;0;1;0;0;"-3;75078400000";"-38;55124700000";inter_match
358464;27;7;2020;11:31;0;RUA MANUEL ARRUDA;;;90;;Choque c/ ObstÃ¡culo Fixo;Luz do Dia;Bom;Seca;Meio de Quadra;NÃ£o HÃ¡ Controle;Comercial;0;0;3;0;0;0;0;0;0;0;0;0;"-3;82873416000";"-38;50483030000";mq_qgis
358465;27;7;2020;13:00;12842;RUA CARLOS GOMES;RUA JAIME BENEVOLO;;;;ColisÃ£o Transversal;Luz do Dia;Bom;Seca;Cruz;Pare;Residencial;0;1;1;1;0;0;0;0;0;0;0;0;"-3;74095500000";"-38;52829800000";inter_match
358466;27;7;2020;11:00;0;AV AUGUSTO DOS ANJOS;RUA SOBREIRA FILHO;RUA NEREU RAMOS;0;;ColisÃ£o Transversal;Luz do Dia;Bom;Seca;Meio de Quadra;Pare;Comercial;0;1;2;0;0;0;0;0;0;1;0;0;"-3;78027200000";"-38;57926000000";inter_match
358467;27;7;2020;14:25;0;AV JOAO PESSOA;;;6302;;ColisÃ£o Lateral;Luz do Dia;Bom;Seca;Meio de Quadra;NÃ£o HÃ¡ Controle;Comercial;0;1;1;1;0;0;0;0;0;1;0;0;"-3;76549900000";"-38;55909200000";mq_qgis
358468;27;7;2020;16:55;13261;AV JOAO DE ARAUJO LIMA;AV G CJ JOSE WALTER;;0;;ColisÃ£o Lateral;Luz do Dia;Bom;Seca;T;SemÃ¡foro;Comercial;0;1;1;0;0;0;0;0;0;1;0;0;"-3;83703400000";"-38;56148700000";inter_match
358469;27;7;2020;19:24;23342;RUA TIBURCIO CAVALCANTE;RUA EDUARDO BEZERRA;;;;ColisÃ£o Transversal;Via Iluminada;Bom;Seca;Cruz;Pare;Residencial;0;0;2;1;0;0;0;0;0;1;0;0;"-3;75332900000";"-38;50814500000";inter_match
358470;27;7;2020;18:30;5067;RUA PDE MORORO;RUA SEN ALENCAR;;;;ColisÃ£o Transversal;Via Iluminada;Bom;Seca;Cruz;Pare;Residencial;0;0;2;0;1;0;0;0;0;0;0;0;"-3;72216000000";"-38;53647500000";inter_match
358475;27;7;2020;3:40;0;AV DUQ CAXIAS;;;950;;Choque c/ ObstÃ¡culo Fixo;Luz do Dia;Bom;Seca;Meio de Quadra;NÃ£o HÃ¡ Controle;Comercial;0;0;4;1;0;0;0;0;0;0;0;0;"-3;73080141000";"-38;53294080000";mq_qgis
358471;28;7;2020;9:51;0;RUA PIN ANTONIO BANDEIRA;;;1660;;NÃ£o Informado;Luz do Dia;Bom;Seca;Cruz;Pare;Residencial;0;0;2;1;0;0;0;0;0;1;0;0;"-3;73485000000";"-38;45891000000";mq_gpsv
358472;28;7;2020;13:00;0;AV ALBERTO CRAVEIRO;;;786;;Choque c/ ObstÃ¡culo Fixo;Luz do Dia;Bom;Seca;Meio de Quadra;NÃ£o HÃ¡ Controle;Comercial;0;0;1;0;0;0;0;0;0;0;0;0;"-3;78514960000";"-38;51705600000";mq_match
358473;28;7;2020;19:10;0;RUA 15 DE NOVEMBRO;;;786;;ColisÃ£o Transversal;Via Iluminada;Bom;Seca;Cruz;Pare;Residencial;0;0;2;1;0;0;0;0;0;0;0;0;"-3;76990900000";"-38;55316900000";mq_qgis
358474;29;7;2020;9:41;659;RUA ANA FACO;RUA CRUZEIRO DO SUL;;;;ColisÃ£o;Luz do Dia;Bom;Seca;Cruz;Pare;Comercial;0;1;1;1;0;0;0;0;0;1;0;0;"-3;71436800000";"-38;56231400000";inter_match
358476;29;7;2020;19:16;659;RUA ANA FACO;RUA CRUZEIRO DO SUL;;;;NÃ£o Informado;Via Iluminada;Bom;Seca;Cruz;Pare;Residencial;0;1;1;1;0;0;0;0;0;1;0;0;"-3;71436800000";"-38;56231400000";inter_match
358479;29;7;2020;9:30;7983;AV JOAO PESSOA;RUA JOAO SORONGO;;;;ColisÃ£o Transversal;Luz do Dia;Bom;Seca;Cruz;Pare;Residencial;0;0;2;1;0;0;0;1;0;0;0;0;"-3;74866300000";"-38;54606900000";inter_match
359727;29;7;2020;11:00;25486;AV SEN CARLOS JEREISSATI (AEROPORTO);AV ALBERTO CRAVEIRO;;;;ColisÃ£o;Luz do Dia;;;Y;SemÃ¡foro Intermitente;Outros;0;0;2;0;0;0;0;0;0;0;0;0;"-3;78376700000";"-38;51687400000";inter_match
359724;29;7;2020;15:17;0;AV PRS CASTELO BRANCO;;;;;ColisÃ£o;Luz do Dia;;;Meio de Quadra;;;0;1;1;0;0;0;0;0;0;1;0;0;;;
359490;29;7;2020;10:55;0;RD CE-040;;;;KM-04;Engavetamento;Luz do Dia;;Seca;Meio de Quadra;;;0;0;2;1;0;0;0;0;0;1;0;0;"-3;79161315600";"-38;48033084000";rod_match
359487;29;7;2020;6:20;0;AV SEN CARLOS JEREISSATI (AEROPORTO);;;;KM 01;ColisÃ£o;Luz do Dia;;Seca;Meio de Quadra;;;0;1;2;1;0;0;0;0;0;1;0;0;"-3;78375300000";"-38;52685000000";rod_match
361785;29;7;2020;21:45;0;RUA JOAQUIM LEITAO;;;750;;Atropelamento;Luz do Dia;;;Meio de Quadra;;;1;0;1;1;0;0;0;0;0;1;0;0;"-3;74450000000";"-38;59211000000";mq_gpsv
359723;30;7;2020;13:22;13376;RUA GONCALVES LEDO;RUA JOAO BRIGIDO;;;;ColisÃ£o;Luz do Dia;;;Cruz;Pare;Residencial;0;1;1;1;0;0;0;0;0;1;0;0;"-3;73961100000";"-38;51895500000";inter_match
360366;30;7;2020;13:18;0;RUA D CJ ITAPERI;;;978;;ColisÃ£o;Luz do Dia;;;Meio de Quadra;;;0;1;1;1;0;0;0;0;0;1;0;0;;;
360368;30;7;2020;15:36;7328;RUA PRO EDGAR DE ARRUDA;RUA MANAUS;;;;ColisÃ£o;Luz do Dia;;;Cruz;Pare;Residencial;0;1;1;1;0;0;0;0;0;1;0;0;"-3;75454200000";"-38;59167600000";inter_match
360369;30;7;2020;16:24;0;RUA NOVA JERUSALEM;;;190;;Queda;Luz do Dia;;;Meio de Quadra;;;0;1;0;0;0;0;0;0;0;1;0;0;"-3;76342000000";"-38;59536000000";mq_gpsv
360370;30;7;2020;17:14;0;AV DOM LUIS;;;1200;;Atropelamento;Anoitecer;;;Meio de Quadra;;;0;1;1;1;0;0;0;0;0;0;0;0;"-3;73545200000";"-38;49057900000";mq_match
360371;30;7;2020;17:58;0;AV ALBERTO CRAVEIRO;;;;;Queda;Anoitecer;;;Meio de Quadra;;;0;1;0;0;0;0;0;0;0;1;0;0;;;
360372;30;7;2020;18:30;0;RUA RECANTO VERDE;;;2110;;ColisÃ£o;Anoitecer;;;Meio de Quadra;;;0;1;1;1;0;0;0;0;0;1;0;0;"-3;84650247000";"-38;51480260000";mq_qgis
360373;30;7;2020;21:11;0;RUA SEN ROBERT KENNEDY;;;201;;Atropelamento;;;;Meio de Quadra;;;0;1;1;0;0;0;0;0;0;1;0;0;"-3;70158200000";"-38;57784600000";mq_match
360374;30;7;2020;21:50;0;RUA COS LAFAYETE;;;1173;;ColisÃ£o;;;;Meio de Quadra;;;0;2;0;0;0;0;0;0;0;0;0;0;;;
360361;30;7;2020;1:04;0;AV JOSE LEON;;;472;;Atropelamento;;;;Meio de Quadra;;;0;1;1;0;0;0;0;0;0;0;0;0;"-3;78667500000";"-38;50725000000";mq_qgis
360362;30;7;2020;2:04;0;RUA RAIMUNDO MAIA;;;346;;ColisÃ£o;;;;Meio de Quadra;;;0;1;1;1;0;0;0;0;0;1;0;0;"-3;81490000000";"-38;56079000000";mq_gpsv
360363;30;7;2020;6:54;0;AV BEIRA MAR;;;3430;;Queda;Luz do Dia;;;Meio de Quadra;;;0;1;0;0;0;1;0;0;0;0;0;0;"-3;72473600000";"-38;49038350000";mq_match
360364;30;7;2020;9:24;0;AV RUI BARBOSA;;;4230;;ColisÃ£o;Luz do Dia;;;Meio de Quadra;;;0;1;1;1;0;0;0;0;0;1;0;0;;;
358480;30;7;2020;8:40;7871;RUA LEONARDO MOTA;RUA PRO FRANCISCO GONCALVES;;;;ColisÃ£o Transversal;Luz do Dia;Bom;Seca;Cruz;Pare;Comercial;0;1;1;1;0;0;0;0;0;1;0;0;"-3;74730800000";"-38;49974800000";inter_match
358481;30;7;2020;15:03;7432;RUA CAPRICHO;RUA PEDRO DANTAS;;;;ColisÃ£o Lateral;Luz do Dia;Bom;Seca;T;Pare;Residencial;0;1;1;0;1;0;0;0;0;1;0;0;"-3;78538200000";"-38;52490600000";inter_match
358482;30;7;2020;11:08;7983;AV JOAO PESSOA;RUA JOAO SORONGO;;;;ColisÃ£o Transversal;Luz do Dia;Bom;Seca;Cruz;Pare;Comercial;0;1;1;1;1;0;0;0;0;0;0;0;"-3;74866300000";"-38;54606900000";inter_match
358483;30;7;2020;7:18;22201;AV SGT HERMINIO SAMPAIO;RUA DR GILBERTO CAMARA;;;;ColisÃ£o Transversal;Luz do Dia;Bom;Seca;Cruz;Pare;Comercial;0;1;1;1;0;0;0;0;0;1;0;0;"-3;72664500000";"-38;56202800000";inter_match
358485;30;7;2020;17:37;1485;RUA PDE VALDEVINO;RUA ANTONIO AUGUSTO;;;;Capotamento;Luz do Dia;Bom;Seca;Cruz;Pare;Residencial;0;2;0;1;0;0;0;0;0;0;0;0;"-3;73923900000";"-38;51648900000";inter_match
358477;30;7;2020;7:13;17852;RUA BARBACENA D68;RUA BOLEVAR;;;;Choque c/ ObstÃ¡culo Fixo;Luz do Dia;Outros;Molhada;T;NÃ£o HÃ¡ Controle;Residencial;0;1;0;1;0;0;0;0;0;0;0;0;"-3;81365000000";"-38;55453000000";inter_gpsv
358478;30;7;2020;7:37;25170;AV LINEU MACHADO;RUA PRO EDGAR DE ARRUDA;;;;ColisÃ£o Traseira;Luz do Dia;Bom;Seca;Cruz;SemÃ¡foro;Comercial;0;1;1;1;0;0;0;0;0;1;0;0;"-3;76320900000";"-38;57548000000";inter_match
358486;31;7;2020;16:08;13366;RUA JOAO BRIGIDO;RUA DNA LEOPOLDINA;;;;ColisÃ£o Transversal;Luz do Dia;Bom;Seca;Cruz;SemÃ¡foro;Residencial;1;0;1;0;1;0;0;0;0;1;0;0;"-3;73864600000";"-38;52220300000";inter_match
358487;31;7;2020;21:10;0;RUA BORIS;;;537;;ColisÃ£o;Anoitecer;Bom;Seca;Meio de Quadra;NÃ£o HÃ¡ Controle;Comercial;0;1;1;0;1;0;0;0;0;1;0;0;;;
358484;31;7;2020;14:26;13386;RUA JOAO BRIGIDO;RUA ANTONIO AUGUSTO;;;;ColisÃ£o Transversal;Luz do Dia;Bom;Seca;Cruz;Pare;Comercial;0;0;2;1;0;0;0;0;0;0;0;0;"-3;74027900000";"-38;51681300000";inter_match
358798;31;7;2020;2:55;0;RD BR 116;;;3000;KM-03;ColisÃ£o Traseira;;;;Meio de Quadra;;;0;2;2;1;0;0;0;0;0;0;0;0;"-3;77983800000";"-38;51437200000";rod_match
358799;31;7;2020;7:30;0;RD BR 116;;;6000;KM-06;ColisÃ£o;Luz do Dia;;;Meio de Quadra;;;0;3;0;0;0;0;0;0;0;1;0;0;"-3;80469100000";"-38;50305300000";rod_match
358800;31;7;2020;7:40;0;RD BR 116;;;8000;KM-08;ColisÃ£o Traseira;Luz do Dia;;;Meio de Quadra;;;0;2;1;1;0;0;0;0;0;1;0;0;"-3;82201800000";"-38;50326900000";rod_match
358801;31;7;2020;8:33;0;RD BR 116;;;8000;KM-08;ColisÃ£o Traseira;Luz do Dia;;;Meio de Quadra;;;0;2;1;1;0;0;0;0;0;1;0;0;"-3;82201800000";"-38;50326900000";rod_match
358802;31;7;2020;12:45;0;RD BR 116;;;12000;KM-12;ColisÃ£o Traseira;Luz do Dia;;;Meio de Quadra;;;0;0;1;1;0;0;0;0;0;0;0;0;"-3;85574000000";"-38;49606600000";rod_match
358803;31;7;2020;16:15;0;RD BR 020;;;;KM 430;ColisÃ£o Traseira;Luz do Dia;;;Meio de Quadra;;;0;1;1;1;0;0;0;0;0;1;0;0;"-3;86876900000";"-38;50833300000";rod_match
358804;31;7;2020;21:30;0;RD BR 222;;;5888;KM-03;Tombamento;;;;Meio de Quadra;;;0;1;1;1;0;1;0;0;0;0;0;0;"-3;74030084800";"-38;59594097000";rod_match
360355;31;7;2020;22:19;0;RUA CON DE CASTRO;;;2431;;ColisÃ£o;;;;Meio de Quadra;;;0;1;1;1;0;0;0;0;0;1;0;0;"-3;79104062000";"-38;57902020000";mq_qgis
360356;31;7;2020;22:32;0;RUA OLIMPIO NORONHA;;;614;;Atropelamento;;;;Meio de Quadra;;;0;1;1;0;0;0;0;0;0;1;0;0;"-3;81117000000";"-38;56282000000";mq_gpsv
360357;31;7;2020;22:38;0;RD BR 116;;;8000;KM-08;ColisÃ£o;;;;Meio de Quadra;;;0;1;1;1;0;0;0;0;0;1;0;0;"-3;82201800000";"-38;50326900000";rod_match
360358;31;7;2020;23:21;0;RUA BERNARDO MANUEL;;;;;ColisÃ£o;;;;Meio de Quadra;;;0;1;1;0;0;0;0;0;0;0;0;0;;;