COD_ACIDENTE;DIA;MES;ANO;HORA;INTERSECAO;LOG1;LOG2;LOG3;NUMERO;REFERENCIA;NATUREZA;ILUMINACAO;TEMPO;SUPERFICIEPISTA;TIPOCRUZAMENTO;CONTROLETRAFEGO;USOSOLO;MORTOS;FERIDOS;ILESOS;AUTOMOVEL;ONIBUS;BICICLETA;CAMINHAO;MICROONIBUS;CICLOMOTOR;MOTOCICLETA;TRACAOANIMAL;TREM;LATITUDE;LONGITUDE;METODO
360467;11;8;2020;7:56;0;RD BR 116;;;4000;KM-04;ColisÃ£o Traseira;Luz do Dia;;;Meio de Quadra;;;0;4;1;1;0;0;0;0;0;1;0;0;"-3;80235400000";"-38;50386900000";rod_match
360410;11;8;2020;8:10;0;AV ENG SANTANA JUNIOR;;;55;IGUATEMI EMPRESARIAL;ColisÃ£o;Luz do Dia;;;Meio de Quadra;;;0;0;2;1;0;0;0;0;0;0;0;0;"-3;72950682600";"-38;47822439000";mq_match
359967;11;8;2020;15:00;10726;RUA PRO HERIBALDO COSTA;RUA CURITIBA;;;;ColisÃ£o Transversal;Luz do Dia;Bom;Seca;Cruz;Pare;Residencial;0;1;1;0;0;0;0;0;0;1;0;0;"-3;75999200000";"-38;58385300000";inter_match
359968;11;8;2020;14:27;0;RUA ANDRE DALL OLIO;;;707;;ColisÃ£o;Luz do Dia;Bom;Seca;Meio de Quadra;NÃ£o HÃ¡ Controle;Residencial;0;1;2;1;0;0;0;0;0;1;0;0;"-3;73734000000";"-38;47870000000";mq_gpsv
359969;11;8;2020;14:14;23518;RUA FLORO BARTOLOMEU;RUA BELISARIO TAVORA;;;;ColisÃ£o;Luz do Dia;Bom;Seca;Cruz;NÃ£o HÃ¡ Controle;Residencial;0;1;3;1;0;0;0;0;0;1;0;0;"-3;75978600000";"-38;50558400000";inter_match
359970;11;8;2020;17:40;26235;AV JOR THOMAZ COELHO;RUA FRANCISCO NEPOMUCENO;;;;ColisÃ£o Transversal;Via Iluminada;Bom;Seca;T;DÃª PreferÃªncia;Comercial;0;1;1;0;0;0;0;0;0;1;0;0;"-3;83019900000";"-38;50800500000";inter_match
359779;11;8;2020;8:55;5246;RUA PEREIRA FILGUEIRAS;RUA GONCALVES LEDO;;;;ColisÃ£o Transversal;Luz do Dia;Bom;Seca;Cruz;Pare;Residencial;0;1;1;1;0;0;0;0;0;1;0;0;"-3;72766700000";"-38;51500400000";inter_match
360944;11;8;2020;6:44;0;RD DR MENDEL STEINBRUCH;;;6330;;ColisÃ£o;Luz do Dia;;;Meio de Quadra;;;0;1;1;0;0;0;0;0;0;0;0;0;"-3;83090700000";"-38;58103100000";rod_match
360945;11;8;2020;6:45;0;RUA TOMAS RODRIGUES;;;460;;Atropelamento;Luz do Dia;;;Meio de Quadra;;;0;1;1;1;0;0;0;0;0;0;0;0;"-3;74106300000";"-38;59377100000";mq_qgis
360946;11;8;2020;12:07;2337;RUA GAL MUNIZ ARAGAO;RUA ESTEVAO DE CAMPOS;;;;ColisÃ£o;Luz do Dia;;;;;;0;1;1;1;0;0;0;0;0;1;0;0;"-3;70452000000";"-38;58089000000";inter_gpsv
360954;11;8;2020;12:27;0;RUA PDE JANUARIO CAMPOS;;;315;;ColisÃ£o;Luz do Dia;;;Meio de Quadra;;;0;1;1;1;0;0;0;0;0;1;0;0;"-3;79455880000";"-38;48947890000";mq_qgis
360955;11;8;2020;12:40;0;AV AMERICO BARREIRA;;;559;;ColisÃ£o;Luz do Dia;;;Meio de Quadra;;;0;1;1;1;0;0;0;0;0;1;0;0;;;
360956;11;8;2020;12:52;2494;RUA GRACA ARANHA;AV 20 DE JANEIRO;;;;ColisÃ£o;Luz do Dia;;;Cruz;Pare;Residencial;0;1;1;1;0;0;0;0;0;1;0;0;"-3;70947900000";"-38;57360300000";inter_match
360957;11;8;2020;12:58;0;AV SEN FERNANDES TAVORA;;;2826;;ColisÃ£o;Luz do Dia;;;Meio de Quadra;;;0;1;1;0;0;0;0;0;0;1;0;0;"-3;75533045000";"-38;59716900000";mq_qgis
360992;11;8;2020;18:35;4612;AV WASHINGTON SOARES;AV OLIVEIRA PAIVA;;;;Atropelamento;;;;;;;0;1;1;0;0;0;0;0;0;1;0;0;"-3;79569500000";"-38;47990800000";inter_match
360993;11;8;2020;20:29;0;AV GODOFREDO MACIEL;;;6340;;Queda;;;;Meio de Quadra;;;0;1;0;0;0;1;0;0;0;0;0;0;"-3;83120700000";"-38;58102800000";mq_match
360994;11;8;2020;22:11;20129;RUA POMPILIO GOMES;AV DEP PAULINO ROCHA;;;;Queda;;;;T;SemÃ¡foro;Residencial;0;1;0;0;0;0;0;0;0;1;0;0;"-3;81007600000";"-38;51965200000";inter_match
360987;11;8;2020;14:41;3928;RUA ANTONIO POMPEU;AV IMPERADOR;;;;ColisÃ£o;Luz do Dia;;;Cruz;SemÃ¡foro;Escola;0;1;1;0;0;0;1;0;0;1;0;0;"-3;73304500000";"-38;53617900000";inter_match
360988;11;8;2020;16:21;0;AV FRANCISCO SA;;;5951;;ColisÃ£o;Luz do Dia;;;Meio de Quadra;;;0;1;1;1;0;0;0;0;0;1;0;0;"-3;71032365200";"-38;57804857000";mq_match
360989;11;8;2020;16:35;23791;RUA COSTA FREIRE;RUA RAIMUNDO NERY;;;;ColisÃ£o;Luz do Dia;;;Cruz;NÃ£o HÃ¡ Controle;Comercial;0;2;1;1;0;0;0;0;0;1;0;0;"-3;79414400000";"-38;58642300000";inter_match
360951;11;8;2020;12:19;0;RUA CON DE CASTRO;;;5506;;ColisÃ£o;Luz do Dia;;;Meio de Quadra;;;0;2;1;1;0;0;0;0;0;1;0;0;"-3;81200800000";"-38;59747800000";mq_match
360995;12;8;2020;6:21;0;AV GODOFREDO MACIEL;;;6061;;ColisÃ£o;Luz do Dia;;;Meio de Quadra;;;0;1;1;0;0;0;0;0;0;1;0;0;"-3;82725825000";"-38;57975248100";mq_match
360997;12;8;2020;7:14;0;AV PRS COSTA E SILVA;;;3929;;ColisÃ£o;Luz do Dia;;;Meio de Quadra;;;0;4;1;1;0;0;0;0;0;1;0;0;"-3;82865630000";"-38;53131470000";mq_match
361026;12;8;2020;22:43;0;RUA PEDRO MUNIZ;;;;;Queda;;;;Meio de Quadra;;;0;1;0;0;0;0;0;0;0;1;0;0;;;
361027;12;8;2020;23:51;0;RUA PRO JOAQUIM ANTONIO;;;650;;ColisÃ£o;;;;Meio de Quadra;;;0;1;1;1;0;0;0;0;0;1;0;0;"-3;72680050000";"-38;56396100000";mq_match
361016;12;8;2020;17:53;0;AV G CJ CEARA;;;41;;ColisÃ£o;Anoitecer;;;Meio de Quadra;;;0;1;1;1;0;1;0;0;0;0;0;0;"-3;77017946000";"-38;61352230000";mq_qgis
361022;12;8;2020;22:07;0;RUA ALVES BATISTA;;;11;;ColisÃ£o;;;;Meio de Quadra;;;0;1;1;1;0;0;0;0;0;1;0;0;"-3;76420000000";"-38;60206000000";mq_gpsv
361023;12;8;2020;22:09;0;AV ALM HENRIQUE SABOIA;;;700;;Choque c/ ObstÃ¡culo Fixo;;;;Meio de Quadra;;;0;1;0;1;0;0;0;0;0;0;0;0;"-3;72919420000";"-38;48093400000";mq_match
361013;12;8;2020;17:17;0;AV JOR JOAO RAMOS;;;2430;;ColisÃ£o;Anoitecer;;;Meio de Quadra;;;0;1;1;1;0;0;0;0;0;1;0;0;"-3;84072900000";"-38;57810000000";mq_match
361018;12;8;2020;18:55;0;RUA ILDEFONSO ALBANO;;;2388;;Queda;;;;Meio de Quadra;;;0;1;0;0;0;1;0;0;0;0;0;0;"-3;74203100000";"-38;51618900000";mq_match
361019;12;8;2020;20:42;0;RUA ESPERANTINA;;;255;;Atropelamento;;;;Meio de Quadra;;;0;1;1;0;0;0;0;0;0;1;0;0;"-3;72237000000";"-38;47351000000";mq_gpsv
361020;12;8;2020;21:00;0;AV BENJAMIM BRASIL;;;200;;Queda;;;;Meio de Quadra;;;0;1;0;0;0;1;0;0;0;0;0;0;;;
360999;12;8;2020;7:37;0;AV PRO GOMES DE MATOS;;;1290;;ColisÃ£o;Luz do Dia;;;Meio de Quadra;;;0;1;1;1;0;0;0;0;0;1;0;0;"-3;76365600000";"-38;54775500000";mq_match
361001;12;8;2020;8:10;0;RUA ANTONIO NERY;;;914;;ColisÃ£o;Luz do Dia;;;Meio de Quadra;;;0;1;1;0;0;0;0;0;0;0;0;0;"-3;78026014300";"-38;60078121400";mq_match
361002;12;8;2020;8:48;0;RUA ADEMAR PAULA;;;;;ColisÃ£o;Luz do Dia;;;Meio de Quadra;;;0;1;1;0;0;0;1;0;0;1;0;0;;;
361003;12;8;2020;8:58;0;AV N CJ JOSE WALTER;;;1952;;ColisÃ£o;Luz do Dia;;;Meio de Quadra;;;0;1;1;1;0;0;0;0;0;1;0;0;;;
361004;12;8;2020;9:58;0;AV HERACLITO GRACA;;;136;;Atropelamento;Luz do Dia;;;Meio de Quadra;;;0;1;1;1;0;0;0;0;0;0;0;0;"-3;73392300000";"-38;52322900000";mq_match
361005;12;8;2020;12:52;0;RUA LIBERATO BARROSO;;;887;;Atropelamento;Luz do Dia;;;Meio de Quadra;;;0;1;1;0;0;0;0;0;0;1;0;0;"-3;72643000000";"-38;53506000000";mq_gpsv
361006;12;8;2020;13:38;0;AV CASTELO DE CASTRO;;;;;Outros;Luz do Dia;;;Meio de Quadra;;;0;1;0;0;0;0;0;0;0;1;0;0;;;
361007;12;8;2020;14:02;0;RUA BERNARDO MANUEL;;;;;ColisÃ£o;Luz do Dia;;;Meio de Quadra;;;0;1;1;0;0;0;0;0;0;0;0;0;;;
361008;12;8;2020;16:47;0;RUA STA LIGIA;;;159;;ColisÃ£o;Luz do Dia;;;Meio de Quadra;;;0;1;1;1;0;0;0;0;0;1;0;0;"-3;77635881000";"-38;57437460000";mq_qgis
362088;12;8;2020;15:50;0;AV JOR THOMAZ COELHO;;;2245;;ColisÃ£o;Luz do Dia;;;Meio de Quadra;;;0;1;1;1;0;0;0;0;0;1;0;0;"-3;82802288000";"-38;51584960000";mq_qgis
359971;12;8;2020;8:18;9077;AV AGUANAMBI;RUA BONFIM SOBRINHO;;0;;ColisÃ£o Traseira;Luz do Dia;Bom;Seca;T;Pare;Comercial;0;1;2;1;0;0;0;0;0;1;0;0;"-3;75103900000";"-38;52355100000";inter_match
359972;12;8;2020;6:39;0;AV GAL OSORIO DE PAIVA;;;1127;FROTINHA DA PARANGABA;ColisÃ£o Transversal;Luz do Dia;Bom;Seca;Meio de Quadra;NÃ£o HÃ¡ Controle;Comercial;0;2;0;0;0;0;0;0;0;1;0;0;"-3;77914552500";"-38;57207319000";mq_match
359973;12;8;2020;8:49;0;RUA ALEUDA;;;152;;ColisÃ£o Traseira;Luz do Dia;Bom;Seca;Meio de Quadra;NÃ£o HÃ¡ Controle;Residencial;0;1;2;1;0;0;0;0;0;1;0;0;"-3;83783753000";"-38;49238750000";mq_qgis
359974;12;8;2020;9:37;0;AV DR JOAO MACIEL FILHO;;;207;;ColisÃ£o Transversal;Luz do Dia;Bom;Seca;Meio de Quadra;;;0;1;1;1;0;0;0;0;0;1;0;0;"-3;78479976000";"-38;49532550000";mq_qgis
359975;12;8;2020;16:32;22076;RUA FRE MARCELINO;RUA ANTONIO MARTINS;;;;ColisÃ£o Transversal;Luz do Dia;Bom;Seca;Cruz;Pare;Residencial;0;1;1;1;0;0;0;0;0;1;0;0;"-3;75002800000";"-38;55811400000";inter_match
359976;12;8;2020;16:20;10418;AV D CJ CEARA;RUA JOSE MENDONCA;;;;ColisÃ£o Frontal;Luz do Dia;Bom;Seca;Outros;SemÃ¡foro;Comercial;0;1;1;0;1;0;0;0;0;1;0;0;"-3;76173100000";"-38;60305600000";inter_match
360468;12;8;2020;7:20;0;RD BR 116;;;5000;KM-05;ColisÃ£o;Luz do Dia;;;Meio de Quadra;;;0;1;1;0;0;0;0;0;0;1;0;0;"-3;79650200000";"-38;50678700000";rod_match
360392;13;8;2020;18:05;0;AV RAD JOSE LIMA VERDE;;;;;ColisÃ£o;Anoitecer;;;Meio de Quadra;;;0;0;1;1;0;0;0;0;0;0;0;0;;;
360393;13;8;2020;19:35;0;RUA MANUEL CASTELO BRANCO;;;399;;ColisÃ£o;;;;Meio de Quadra;;;0;0;1;0;0;0;1;0;0;0;0;0;"-3;83193400000";"-38;49182900000";mq_qgis
360389;13;8;2020;14:45;0;RUA PRO HERIBALDO COSTA;;;2179;;ColisÃ£o;Luz do Dia;;;Meio de Quadra;;;0;0;1;0;0;0;1;0;0;0;0;0;"-3;77065331000";"-38;58943250000";mq_qgis
359977;13;8;2020;14:10;13107;AV C CJ JOSE WALTER;AV J CJ JOSE WALTER;;;;ColisÃ£o;Luz do Dia;Bom;Seca;RotatÃ³ria;Pare;Misto;0;1;1;0;1;0;0;0;0;1;0;0;"-3;82893900000";"-38;55502500000";inter_match
359978;13;8;2020;14:11;0;AV PRS COSTA E SILVA;;;2721;CHURR. VIEIRA ALVES;ColisÃ£o Lateral;Luz do Dia;Bom;Seca;Meio de Quadra;SemÃ¡foro;Comercial;0;1;1;1;0;0;0;0;0;0;0;0;"-3;82147770000";"-38;55735800000";mq_match
359979;13;8;2020;15:00;15722;RUA MEM DE SA;RUA DR JOAQUIM BENTO;;;;ColisÃ£o Transversal;Luz do Dia;Bom;Seca;T;SemÃ¡foro;Comercial;0;1;1;0;0;0;0;0;0;1;0;0;"-3;82828000000";"-38;48539000000";inter_gpsv
359980;13;8;2020;21:30;0;RUA DELMIRO FARIAS;;;2027;;Capotamento;Via Iluminada;Bom;Seca;Meio de Quadra;Pare;Residencial;0;0;1;1;0;0;0;0;0;0;0;0;"-3;74363833000";"-38;55486830000";mq_qgis
359780;13;8;2020;0:30;0;AV 13 DE MAIO;;;2032;;ColisÃ£o Traseira;Via Iluminada;Bom;Seca;Meio de Quadra;NÃ£o HÃ¡ Controle;Residencial;0;0;2;0;0;0;1;0;0;1;0;0;"-3;74416280000";"-38;53534300000";mq_match
359782;13;8;2020;19:00;0;RUA JOSE MENDONCA;;;100;;ColisÃ£o;Via Iluminada;Bom;Seca;Meio de Quadra;SemÃ¡foro;Residencial;0;0;2;1;0;0;0;0;0;1;0;0;"-3;76135100000";"-38;60297900000";mq_match
361035;13;8;2020;7:03;0;RUA CESAR ROSSAS;;;249;;ColisÃ£o;Luz do Dia;;;Meio de Quadra;;;0;1;1;1;0;0;0;0;0;1;0;0;"-3;76890600000";"-38;55386900000";mq_qgis
361036;13;8;2020;8:37;0;RUA JUNIOR ROCHA;;;1180;;Queda;Luz do Dia;;;Meio de Quadra;;;0;1;0;0;0;0;0;0;0;1;0;0;"-3;79413524000";"-38;48800820000";mq_qgis
361037;13;8;2020;9:14;0;RUA CEL VIRGILIO NOGUEIRA (BOM JARDIM);;;367;;ColisÃ£o;Luz do Dia;;;Meio de Quadra;;;0;3;0;0;0;0;0;0;0;1;0;0;;;
361038;13;8;2020;9:43;9243;AV EDUARDO GIRAO;AV DOS EXPEDICIONARIOS;;;;ColisÃ£o;Luz do Dia;;;Cruz;SemÃ¡foro;Comercial;0;2;0;1;0;0;0;0;0;1;0;0;"-3;75071200000";"-38;53684900000";inter_match
361039;13;8;2020;11:17;0;AV GODOFREDO MACIEL;;;6395;;ColisÃ£o;Luz do Dia;;;Meio de Quadra;;;0;1;1;1;0;0;0;0;0;1;0;0;"-3;83215500000";"-38;58133400000";mq_match
361040;13;8;2020;11:34;0;RUA BOA VISTA;;;1487;;ColisÃ£o;Luz do Dia;;;Meio de Quadra;;;0;1;1;0;0;0;0;0;0;1;0;0;"-3;76525000000";"-38;59304810000";mq_qgis
361041;13;8;2020;12:04;0;RUA SGT JOAO PINHEIRO;;;;;Atropelamento;Luz do Dia;;;Meio de Quadra;;;0;1;1;0;0;0;0;0;0;0;0;0;;;
361030;13;8;2020;0:20;0;RUA DOM MANUEL DE MEDEIROS;;;;;ColisÃ£o;;;;Meio de Quadra;;;0;1;1;1;0;0;0;0;0;1;0;0;;;
361045;13;8;2020;12:42;3769;AV DOMINGOS OLIMPIO;RUA SEN POMPEU;;;;ColisÃ£o;Luz do Dia;;;Cruz;SemÃ¡foro;Comercial;0;1;1;0;0;0;0;0;0;1;0;0;"-3;73625400000";"-38;53245500000";inter_match
361033;13;8;2020;6:58;0;AV JOAO PESSOA;;;6153;;ColisÃ£o;Luz do Dia;;;Meio de Quadra;;;0;1;1;1;0;0;0;0;0;1;0;0;"-3;76425300000";"-38;55858400000";mq_match
361047;13;8;2020;12:45;1413;RUA BARBARA DE ALENCAR;RUA JOAO CORDEIRO;;;;ColisÃ£o;Luz do Dia;;;Cruz;Pare;Comercial;0;1;1;1;0;0;0;0;0;1;0;0;"-3;73704100000";"-38;51698700000";inter_match
361048;13;8;2020;13:25;0;AV C CJ JOSE WALTER;;;340;;ColisÃ£o;Luz do Dia;;;Meio de Quadra;;;0;1;1;0;0;0;0;0;0;0;0;0;"-3;82900650000";"-38;55480900000";mq_qgis
361050;13;8;2020;14:07;0;AV ALBERTO CRAVEIRO;;;2553;;ColisÃ£o;Luz do Dia;;;Meio de Quadra;;;0;1;1;1;0;0;0;0;0;1;0;0;"-3;80258285400";"-38;52104192100";mq_match
361051;13;8;2020;15:19;0;AV ALM BARROSO;;;;;ColisÃ£o;Luz do Dia;;;Meio de Quadra;;;0;1;1;0;0;0;0;0;0;0;0;0;;;
361052;13;8;2020;17:01;0;RD BR 116;;;8000;KM-08;ColisÃ£o;Anoitecer;;;Meio de Quadra;;;0;1;1;1;0;0;0;0;0;1;0;0;"-3;82201800000";"-38;50326900000";rod_match
361053;13;8;2020;17:22;0;AV WASHINGTON SOARES;;;2937;;ColisÃ£o;Anoitecer;;;Meio de Quadra;;;0;2;0;1;0;0;0;0;0;1;0;0;"-3;78402000000";"-38;48072000000";mq_gpsv
361054;13;8;2020;18:34;0;AV DR THEBERGE;;;1118;;ColisÃ£o;;;;Meio de Quadra;;;0;1;1;1;0;0;0;0;0;1;0;0;"-3;71270400000";"-38;56431300000";mq_qgis
361071;13;8;2020;20:33;0;RUA UM (MONDUBIM);;;321;;ColisÃ£o;;;;Meio de Quadra;;;0;1;1;1;0;0;0;0;0;1;0;0;"-3;82323000000";"-38;56052000000";mq_gpsv
361073;13;8;2020;21:31;0;RUA CARLOS AMORA;;;;TRILHO;Atropelamento;;;;Meio de Quadra;;;0;1;1;0;0;0;0;0;0;0;0;1;"-3;77544600000";"-38;56346700000";ref_gpsv
361075;13;8;2020;23:17;21501;RUA ANTONIO MONTEIRO;RUA RAIMUNDO ARISTIDES;;;;ColisÃ£o;;;;;;;0;1;1;0;0;0;0;0;0;0;0;0;"-3;81581000000";"-38;59421000000";inter_gpsv
361043;13;8;2020;12:26;0;AV BEZERRA DE MENEZES;;;;;ColisÃ£o;Luz do Dia;;;Meio de Quadra;;;0;1;1;0;0;0;0;0;0;1;0;0;;;
361077;14;8;2020;4:56;0;RUA GUILHERME BLHUM;;;55;;Queda;;;;Meio de Quadra;;;0;1;0;0;0;0;0;0;0;1;0;0;"-3;72037704000";"-38;52211390000";mq_qgis
361080;14;8;2020;7:20;0;AV ENG HUMBERTO MONTE;;;2550;;ColisÃ£o;Luz do Dia;;;Meio de Quadra;;;0;1;1;0;0;0;0;0;0;0;0;0;"-3;74013200000";"-38;56799400000";mq_match
361081;14;8;2020;8:20;0;AV JOR JOAO RAMOS;;;1661;;ColisÃ£o;Luz do Dia;;;Meio de Quadra;;;0;1;1;0;0;0;0;0;0;0;0;0;"-3;84212900000";"-38;57251800000";mq_qgis
361082;14;8;2020;11:36;0;RUA LUIS VIEIRA;;;;;ColisÃ£o;Luz do Dia;;;Meio de Quadra;;;0;1;1;1;0;0;0;0;0;1;0;0;;;
361083;14;8;2020;11:56;0;AV JOAO PESSOA;;;;;Queda;Luz do Dia;;;Meio de Quadra;;;0;1;0;0;0;0;0;0;0;1;0;0;;;
361093;14;8;2020;14:34;0;AV CASTELO DE CASTRO;;;;;Queda;Luz do Dia;;;Meio de Quadra;;;0;1;1;0;0;0;0;0;0;1;0;0;;;
361086;14;8;2020;12:16;0;RD QUARTO ANEL VIARIO;;;2165;;ColisÃ£o;Luz do Dia;;;Meio de Quadra;;;0;1;1;1;0;0;0;0;0;1;0;0;"-3;86662250000";"-38;51334810000";rod_match
361087;14;8;2020;12:30;0;AV PERIMETRAL;;;814;;ColisÃ£o;Luz do Dia;;;Meio de Quadra;;;0;1;1;1;0;0;0;0;0;1;0;0;;;
361089;14;8;2020;12:58;17362;RUA VENEZUELA;AV JOSE DO PATROCINIO;;;;ColisÃ£o;Luz do Dia;;;Cruz;Pare;Residencial;0;1;1;1;0;0;0;0;0;1;0;0;"-3;76617800000";"-38;54693200000";inter_match
361090;14;8;2020;14:00;0;RUA EDUARDO PERDIGAO;;;160;;Queda;Luz do Dia;;;Meio de Quadra;;;0;1;0;0;0;0;0;0;0;1;0;0;"-3;77583720000";"-38;56456400000";mq_match
361091;14;8;2020;14:15;0;AV MIN JOSE AMERICO;;;572;;ColisÃ£o;Luz do Dia;;;Meio de Quadra;;;0;1;1;1;0;0;0;0;0;1;0;0;"-3;81055000000";"-38;49425200000";mq_qgis
361097;14;8;2020;14:41;12403;AV SEN FERNANDES TAVORA;RUA ERNESTO PEDRO SANTOS;;;;ColisÃ£o;Luz do Dia;;;Cruz;Pare;Residencial;0;1;1;1;0;0;0;0;0;1;0;0;"-3;76471000000";"-38;57738000000";inter_gpsv
361098;14;8;2020;15:00;0;AV WASHINGTON LUIS;;;630;;Atropelamento;Luz do Dia;;;Meio de Quadra;;;0;1;1;0;0;0;0;0;0;1;0;0;"-3;71606906000";"-38;59444420000";mq_qgis
361101;14;8;2020;15:23;0;RUA POMPILIO GOMES;;;1624;;ColisÃ£o;Luz do Dia;;;Meio de Quadra;;;0;1;1;0;0;0;0;0;0;0;0;0;"-3;82600791000";"-38;52116520000";mq_qgis
361102;14;8;2020;15:27;0;RUA PORTO DAS ROSAS;;;1221;;ColisÃ£o;Luz do Dia;;;Meio de Quadra;;;0;1;1;1;0;0;0;0;0;1;0;0;"-3;75673000000";"-38;60281000000";mq_gpsv
361105;14;8;2020;15:48;0;AV BENJAMIM BRASIL;;;2112;;ColisÃ£o;Luz do Dia;;;Meio de Quadra;;;0;1;1;1;0;0;0;0;0;1;0;0;"-3;80829200000";"-38;55822900000";mq_match
361106;14;8;2020;16:31;0;AV ROGACIANO LEITE;;;100;;ColisÃ£o;Luz do Dia;;;Meio de Quadra;;;0;1;1;1;0;1;0;0;0;0;0;0;"-3;75732167000";"-38;49161130000";mq_qgis
361107;14;8;2020;16:53;0;AV SGT HERMINIO SAMPAIO;;;4336;;ColisÃ£o;Luz do Dia;;;Meio de Quadra;;;0;3;0;0;0;0;0;0;0;1;0;0;"-3;73139715000";"-38;57895790000";mq_qgis
361108;14;8;2020;17:22;0;AV JULIO VENTURA;;;201;;Atropelamento;Anoitecer;;;Meio de Quadra;;;0;1;1;1;0;0;0;0;0;0;0;0;"-3;73998500000";"-38;50601400000";mq_qgis
361109;14;8;2020;17:44;0;RUA CARLOS AMORA;;;;;Queda;Anoitecer;;;Meio de Quadra;;;0;1;0;0;0;0;0;0;0;1;0;0;;;
361110;14;8;2020;18:26;0;RUA OSCAR BENEVIDES;;;90;;Queda;Anoitecer;;;Meio de Quadra;;;0;1;0;0;0;0;0;0;0;1;0;0;"-3;81043000000";"-38;57328000000";mq_gpsv
361111;14;8;2020;19:10;0;AV 13 DE MAIO;;;1251;;ColisÃ£o;;;;Meio de Quadra;;;0;1;1;1;0;0;0;0;0;1;0;0;"-3;74876300000";"-38;52998100000";mq_match
361112;14;8;2020;21:32;0;RUA MARIA GOMES DE SA;;;1030;;ColisÃ£o;;;;Meio de Quadra;;;0;1;1;1;0;0;0;0;0;1;0;0;"-3;82674000000";"-38;58017000000";mq_gpsv
361113;14;8;2020;21:51;0;RUA ALFREDO MAMEDE;;;901;;ColisÃ£o;;;;Meio de Quadra;;;0;1;1;0;0;0;0;0;0;1;0;0;"-3;81508933000";"-38;58549430000";mq_qgis
361114;14;8;2020;22:41;26091;AV JOSE JATAHY;AV JOVITA FEITOSA;;;;Queda;;;;;;;0;1;0;0;0;1;0;0;0;0;0;0;"-3;73727300000";"-38;54393600000";inter_match
361115;14;8;2020;23:13;0;RUA PERGENTINO MAIA;;;2055;;Queda;;;;Meio de Quadra;;;0;1;0;0;0;0;0;0;0;1;0;0;"-3;83298213000";"-38;47801450000";mq_qgis
359784;14;8;2020;16:40;3177;RUA CARLOS CHAGAS;RUA ANSELMO NOGUEIRA;;;;ColisÃ£o Lateral;Luz do Dia;Bom;Seca;Cruz;Pare;Residencial;0;1;1;1;0;0;0;0;0;1;0;0;"-3;77969800000";"-38;58679700000";inter_match
359981;14;8;2020;6:05;0;AV JOAO PESSOA;;;4414;;ColisÃ£o Lateral;Luz do Dia;NÃ£o Informado;Seca;Meio de Quadra;NÃ£o HÃ¡ Controle;Comercial;0;2;1;0;0;0;0;0;0;1;0;0;"-3;75176900000";"-38;54886900000";mq_match
359982;14;8;2020;11:00;0;AV BORGES DE MELO;;;1881;GRESSE;ColisÃ£o Lateral;Luz do Dia;Bom;Seca;Meio de Quadra;NÃ£o HÃ¡ Controle;Residencial;0;1;1;0;0;0;0;0;0;1;0;0;"-3;75528800000";"-38;53546300000";mq_match
359983;14;8;2020;14:28;0;AV PRS COSTA E SILVA;;;1251;;ColisÃ£o Traseira;Luz do Dia;Bom;Seca;Meio de Quadra;NÃ£o HÃ¡ Controle;Comercial;0;0;2;1;0;0;0;0;0;0;0;0;"-3;81506900000";"-38;56905200000";mq_match
359984;14;8;2020;12:44;7765;RUA DOM EXPEDITO LOPES;RUA TIBURCIO CAVALCANTE;;;;ColisÃ£o Transversal;Luz do Dia;Bom;Seca;Cruz;SemÃ¡foro;Residencial;0;1;1;1;0;0;0;0;0;0;0;0;"-3;74380200000";"-38;50509700000";inter_match
359985;14;8;2020;14:40;0;AV PONTES VIEIRA;;;200;;ColisÃ£o Traseira;Luz do Dia;Bom;Seca;Meio de Quadra;SemÃ¡foro;Comercial;0;1;1;1;0;0;0;0;0;1;0;0;"-3;75328200000";"-38;51820900000";mq_match
359986;14;8;2020;19:15;0;RUA CAP ARAGAO;;;361;;Choque c/ ObstÃ¡culo Fixo;Via Iluminada;Bom;Seca;Meio de Quadra;Pare;Residencial;0;1;0;0;0;0;0;0;0;1;0;0;"-3;76515800000";"-38;51472900000";mq_match
359987;14;8;2020;19:20;0;RUA MAXIMO LINHARES;;;720;;ColisÃ£o Transversal;Via Iluminada;Bom;Seca;Meio de Quadra;Pare;Residencial;0;1;1;1;0;0;0;0;0;1;0;0;"-3;79926082000";"-38;48875150000";mq_qgis
360394;14;8;2020;12:30;9136;RUA MON OTAVIO CASTRO;RUA BONFIM SOBRINHO;;;;ColisÃ£o;Luz do Dia;;;Cruz;Pare;Comercial;0;0;1;1;0;0;0;0;0;1;0;0;"-3;75136700000";"-38;52628700000";inter_match
359988;15;8;2020;9:02;5345;AV VIS RIO BRANCO;RUA PINTO MADEIRA;;0;CIADADE DA CRIANCA;ColisÃ£o Lateral;Luz do Dia;Bom;Seca;Y;NÃ£o HÃ¡ Controle;Comercial;0;0;2;1;0;0;0;0;0;0;0;0;"-3;73080300000";"-38;52519800000";inter_match
359989;15;8;2020;8:00;5346;AV SANTOS DUMONT;RUA JOAO CORDEIRO;;;;ColisÃ£o;Luz do Dia;Bom;Seca;Cruz;SemÃ¡foro;Comercial;0;2;1;1;0;0;0;0;0;1;0;0;"-3;73087800000";"-38;51478100000";inter_match