COD_ACIDENTE;DIA;MES;ANO;HORA;INTERSECAO;LOG1;LOG2;LOG3;NUMERO;REFERENCIA;NATUREZA;ILUMINACAO;TEMPO;SUPERFICIEPISTA;TIPOCRUZAMENTO;CONTROLETRAFEGO;USOSOLO;MORTOS;FERIDOS;ILESOS;AUTOMOVEL;ONIBUS;BICICLETA;CAMINHAO;MICROONIBUS;CICLOMOTOR;MOTOCICLETA;TRACAOANIMAL;TREM;LATITUDE;LONGITUDE;METODO
361433;21;8;2020;20:40;0;AV JOAO PESSOA;;;7015;;Queda;;;;Meio de Quadra;;;0;1;0;0;0;0;0;0;0;1;0;0;"-3;77119800000";"-38;56143900000";mq_match
361431;21;8;2020;20:28;0;RUA CON DE CASTRO;;;4088;;ColisÃ£o;;;;Meio de Quadra;;;0;1;1;1;0;0;0;0;0;1;0;0;"-3;80145400000";"-38;58876300000";mq_qgis
361436;21;8;2020;21:27;0;AV DES GONZAGA;;;402;;ColisÃ£o;;;;Meio de Quadra;;;0;1;1;1;0;0;0;0;0;1;0;0;"-3;79060270000";"-38;50284600000";mq_match
361438;21;8;2020;22:33;0;RUA PORTO ALEGRE;;;1488;;ColisÃ£o;;;;Meio de Quadra;;;0;1;0;0;0;0;0;0;0;0;0;0;"-3;75972740000";"-38;59157030000";mq_qgis
361443;21;8;2020;23:05;4774;RUA MONTE PASCOAL;RUA REV OSMAR LIMA;;;;ColisÃ£o;;;;;;;0;1;0;0;0;0;0;0;0;0;0;0;"-3;80525000000";"-38;59878000000";inter_gpsv
361446;21;8;2020;23:49;0;AV SGT HERMINIO SAMPAIO;;;4223;;ColisÃ£o;;;;Meio de Quadra;;;0;1;0;0;0;0;0;0;0;0;0;0;"-3;73098300000";"-38;57790700000";mq_match
361447;21;8;2020;23:49;0;AV DR SILAS MUNGUBA;;;6453;;Queda;;;;Meio de Quadra;;;0;1;0;0;0;0;0;0;0;1;0;0;"-3;80077000000";"-38;53017000000";mq_match
361448;22;8;2020;1:20;0;AV AUGUSTO DOS ANJOS;;;;;ColisÃ£o;;;;Meio de Quadra;;;0;1;1;0;0;0;0;0;0;1;0;0;;;
361451;22;8;2020;5:16;0;RUA PRO VIRGILIO DE MORAIS;;;364;;Queda;Amanhecer;;;Meio de Quadra;;;0;1;0;0;0;0;0;0;0;1;0;0;"-3;75176467000";"-38;59675270000";mq_qgis
361465;22;8;2020;9:23;0;RUA MENOR JERONIMO;;;106;;Queda;Luz do Dia;;;Meio de Quadra;;;0;1;0;0;0;1;0;0;0;0;0;0;"-3;81385000000";"-38;53526000000";mq_gpsv
361461;22;8;2020;8:42;0;AV AUGUSTO DOS ANJOS;;;1880;;ColisÃ£o;Luz do Dia;;;Meio de Quadra;;;0;1;1;1;0;0;0;0;0;1;0;0;"-3;78241606000";"-38;58111390000";mq_qgis
361458;22;8;2020;8:33;0;AV OLIVEIRA PAIVA;;;;;Queda;Luz do Dia;;;Meio de Quadra;;;0;1;0;0;0;0;0;0;0;1;0;0;;;
361518;22;8;2020;17:31;0;AV PRS COSTA E SILVA;;;5255;;ColisÃ£o;Anoitecer;;;Meio de Quadra;;;0;1;1;1;0;0;0;0;0;1;0;0;"-3;82811700000";"-38;53349100000";mq_match
361519;22;8;2020;18:26;1471;RUA EDUARDO GARCIA;RUA LEONARDO MOTA;;;;ColisÃ£o;Anoitecer;;;Cruz;SemÃ¡foro;Comercial;0;1;1;1;0;0;0;0;0;1;0;0;"-3;73914670000";"-38;49820700000";inter_match
361520;22;8;2020;18:32;0;RUA ROSA CRUZ;;;169;;ColisÃ£o;;;;Meio de Quadra;;;0;1;0;0;0;0;0;0;0;0;0;0;"-3;79914600000";"-38;56610590000";mq_match
361521;22;8;2020;18:46;0;RUA VITORIA;;;1716;;Atropelamento;;;;Meio de Quadra;;;0;1;0;1;0;0;0;0;0;0;0;0;"-3;76774000000";"-38;58982000000";mq_gpsv
361500;22;8;2020;11:06;0;AV JOAO PESSOA;;;5884;;ColisÃ£o;Luz do Dia;;;Meio de Quadra;;;0;2;0;1;0;0;0;0;0;1;0;0;"-3;76174700000";"-38;55753500000";mq_match
361501;22;8;2020;11:29;0;RUA DES HERMES PARAHYBA;;;343;;ColisÃ£o;Luz do Dia;;;Meio de Quadra;Pare;Residencial;0;1;1;0;0;0;0;0;0;1;0;0;"-3;71401000000";"-38;58677500000";mq_qgis
361502;22;8;2020;11:36;0;AV PRS COSTA E SILVA;;;1720;;ColisÃ£o;Luz do Dia;;;Meio de Quadra;;;0;1;0;0;0;0;0;0;0;0;0;0;"-3;81723800000";"-38;56615900000";mq_match
361503;22;8;2020;13:00;0;RUA DEMETRIO MENEZES;;;;;ColisÃ£o;Luz do Dia;;;Meio de Quadra;;;0;1;1;1;0;1;0;0;0;0;0;0;;;
361504;22;8;2020;13:21;0;RD CE-040;;;;;ColisÃ£o;Luz do Dia;;;Meio de Quadra;;;0;1;0;0;0;0;0;0;0;0;0;0;;;
361505;22;8;2020;13:26;14980;RUA FRANCA;RUA LOURENCO PESSOA;;;;ColisÃ£o;Luz do Dia;;;;;;0;1;1;1;0;0;0;0;0;1;0;0;"-3;79099000000";"-38;56312000000";inter_gpsv
361506;22;8;2020;13:30;0;RUA CANDIDO MAIA;;;294;;Atropelamento;Luz do Dia;;;Meio de Quadra;;;0;1;0;0;0;0;0;0;0;0;0;0;"-3;73742800000";"-38;59040720000";mq_match
361507;22;8;2020;14:14;0;AV VICENTE DE CASTRO;;;5051;;ColisÃ£o;Luz do Dia;;;Meio de Quadra;;;0;1;1;0;0;0;1;0;0;1;0;0;"-3;71669334000";"-38;47508540000";mq_qgis
361508;22;8;2020;14:37;0;AV SANTOS DUMONT;;;6500;;ColisÃ£o;Luz do Dia;;;Meio de Quadra;;;0;1;0;0;0;0;0;0;0;0;0;0;"-3;74371200000";"-38;47515300000";mq_match
361468;22;8;2020;9:39;0;AV 13 DE MAIO;;;2158;;ColisÃ£o;Luz do Dia;;;Meio de Quadra;;;0;1;1;1;0;1;0;0;0;0;0;0;"-3;74354232000";"-38;53609200000";mq_qgis
361481;22;8;2020;10:23;0;AV DR SILAS MUNGUBA;;;;;ColisÃ£o;Luz do Dia;;;Meio de Quadra;;;0;1;1;1;0;0;0;0;0;1;0;0;;;
361486;22;8;2020;10:51;12877;RUA BAR RIO BRANCO;RUA JOAQUIM MAGALHAES;;;;ColisÃ£o;Luz do Dia;;;Cruz;Pare;Escola;0;1;1;1;0;0;0;0;0;1;0;0;"-3;73858700000";"-38;53210800000";inter_match
361474;22;8;2020;10:12;0;AV MOZART PINHEIRO DE LUCENA;;;2946;;Atropelamento;Luz do Dia;;;Meio de Quadra;;;0;2;0;0;0;0;0;0;0;1;0;0;"-3;73026618600";"-38;59908124300";mq_match
361527;22;8;2020;19:03;0;AV DUQ CAXIAS;;;235;;ColisÃ£o;;;;Meio de Quadra;;;0;1;0;0;0;0;0;0;0;0;0;0;"-3;73274760000";"-38;52665700000";mq_match
361568;22;8;2020;7:14;0;RUA JORGE MONTEIRO;;;557;;ColisÃ£o;Luz do Dia;;;Meio de Quadra;;;0;1;1;1;0;0;0;0;0;1;0;0;;;
361569;22;8;2020;16:21;0;RUA CAP DIOGENES GONDIM;;;872;;Queda;Luz do Dia;;;Meio de Quadra;;;0;1;0;0;0;0;0;0;0;1;0;0;;;
361570;22;8;2020;17:02;0;RUA DINAJA SEVERO;;;1286;;ColisÃ£o;Anoitecer;;;Meio de Quadra;;;0;4;0;0;0;0;0;0;0;0;0;0;;;
361535;22;8;2020;20:08;0;RUA GAL GOIS MONTEIRO;;;607;;Atropelamento;;;;Meio de Quadra;;;0;1;0;1;0;0;0;0;0;0;0;0;;;
361536;22;8;2020;20:20;22845;RUA GOV JOAO CARLOS;RUA CON LIMA SUCUPIRA;;;;ColisÃ£o;;;;Cruz;Pare;Residencial;0;1;1;1;0;0;0;0;0;1;0;0;"-3;77795100000";"-38;55151800000";inter_match
361537;22;8;2020;22:28;0;RUA PRO EDGAR DE ARRUDA;;;1982;;ColisÃ£o;;;;Meio de Quadra;;;0;1;1;1;0;0;0;0;0;1;0;0;"-3;75439071000";"-38;59194380000";mq_qgis
361538;22;8;2020;23:23;0;AV DR ALDY MENTOR;;;;;Queda;;;;Meio de Quadra;;;0;1;0;0;0;0;0;0;0;1;0;0;;;
361539;22;8;2020;23:33;0;AV NOVE;;;67;;Atropelamento;;;;Meio de Quadra;;;0;2;0;1;0;0;0;0;0;0;0;0;;;
361531;22;8;2020;19:36;0;AV RAD JOSE LIMA VERDE;;;;;ColisÃ£o;;;;Meio de Quadra;;;0;1;1;1;0;0;0;0;0;1;0;0;;;
361532;22;8;2020;19:49;0;RUA HENRIQUE ELERY;;;;;Atropelamento;;;;Meio de Quadra;;;0;1;0;0;0;0;0;0;0;1;0;0;;;
361533;22;8;2020;20:03;0;AV CESAR CALS;;;680;;ColisÃ£o;;;;Meio de Quadra;;;0;1;1;1;0;0;0;0;0;1;0;0;"-3;72455076000";"-38;46264510000";mq_qgis
361529;22;8;2020;19:20;0;RUA SEN ROBERT KENNEDY;;;177;;ColisÃ£o;;;;Meio de Quadra;;;0;2;0;0;0;0;0;0;0;1;0;0;"-3;70097660000";"-38;57756320000";mq_match
359792;22;8;2020;1:52;21379;AV JOVITA FEITOSA;RUA PRO RAIMUNDO ARRUDA;;;;ColisÃ£o Transversal;Via Iluminada;Bom;Seca;Cruz;Gesto;Residencial;0;2;1;1;0;0;0;0;0;1;0;0;"-3;73874200000";"-38;55099800000";inter_match
359793;22;8;2020;20:50;0;RUA SEN ROBERT KENNEDY;;;180;;ColisÃ£o;;;;Meio de Quadra;;;0;0;2;0;0;0;0;0;0;1;0;0;"-3;70116233000";"-38;57765000000";mq_qgis
359794;22;8;2020;22:08;0;RUA PROF. MANOEL LOURENCO;;;;;ColisÃ£o;Via Iluminada;Bom;Seca;Meio de Quadra;NÃ£o HÃ¡ Controle;Comercial;0;0;3;1;0;0;0;0;0;1;0;0;;;
359795;22;8;2020;9:37;0;AV OLIVEIRA PAIVA;;;2455;;ColisÃ£o Traseira;Luz do Dia;;;Meio de Quadra;;;0;1;1;1;0;0;0;0;0;1;0;0;"-3;79608700000";"-38;48413900000";mq_qgis
359834;22;8;2020;22:20;7328;RUA PRO EDGAR DE ARRUDA;RUA MANAUS;;;;ColisÃ£o Transversal;Via Iluminada;Bom;Seca;Cruz;Pare;Residencial;0;1;2;1;0;0;0;0;0;1;0;0;"-3;75454200000";"-38;59167600000";inter_match
360022;22;8;2020;0:23;0;RUA MONTE PASCOAL;;;401;;NÃ£o Informado;Via Iluminada;Bom;Seca;Cruz;Pare;Residencial;0;0;2;0;0;0;0;0;0;1;0;0;"-3;80524150000";"-38;59858830000";mq_match
360023;22;8;2020;7:10;17934;RUA BANVAR BEZERRA;RUA GAL GOIS MONTEIRO;;;;ColisÃ£o Transversal;Luz do Dia;Nublado;Seca;Cruz;Pare;Residencial;0;1;1;1;0;0;0;0;0;1;0;0;"-3;73394500000";"-38;58017100000";inter_match
360024;22;8;2020;11:08;22951;AV DR SILAS MUNGUBA;RUA DR JUSTA ARAUJO D45;;0;;NÃ£o Informado;Luz do Dia;Bom;Seca;Cruz;SemÃ¡foro;Comercial;0;0;2;1;0;0;0;0;0;1;0;0;"-3;78458600000";"-38;55342600000";inter_match
360026;23;8;2020;1:07;0;AV ENG HUMBERTO MONTE;;;737;;NÃ£o Informado;Via Iluminada;Bom;Seca;Meio de Quadra;NÃ£o HÃ¡ Controle;Residencial;0;0;3;1;0;0;0;0;0;0;0;0;"-3;75198904000";"-38;55817630000";mq_qgis
360027;23;8;2020;7:45;0;RUA PRO HERIBALDO COSTA;;;528;;ColisÃ£o Traseira;Luz do Dia;Bom;Seca;Meio de Quadra;SemÃ¡foro;Residencial;0;0;2;1;0;0;0;0;0;0;0;0;"-3;75706900000";"-38;58227500000";mq_qgis
360028;23;8;2020;20:16;23047;AV DR SILAS MUNGUBA;RUA GIRASSOL;;;;NÃ£o Informado;Via Iluminada;Bom;Seca;Cruz;SemÃ¡foro;Comercial;0;0;2;1;0;0;0;0;0;0;0;0;"-3;79120000000";"-38;53782000000";inter_gpsv
360029;23;8;2020;21:47;0;AV SORIANO ALBUQUERQUE;;;870;;ColisÃ£o Traseira;Mal Iluminada;Bom;Seca;Meio de Quadra;NÃ£o HÃ¡ Controle;Residencial;0;0;3;1;0;0;0;0;0;0;0;0;"-3;74932488000";"-38;51418970000";mq_qgis
359836;23;8;2020;16:00;16023;AV BENJAMIM BRASIL;RUA JOAQUIM JERONIMO;;;;ColisÃ£o Lateral;Luz do Dia;Bom;Seca;Cruz;Pare;Residencial;0;0;2;1;0;0;0;0;0;1;0;0;"-3;80548700000";"-38;56500600000";inter_match
359837;23;8;2020;5:15;0;AV SGT HERMINIO SAMPAIO;;;4259;;ColisÃ£o Frontal;Luz do Dia;Bom;Seca;Meio de Quadra;Outros;Comercial;0;2;0;0;0;0;0;0;0;1;0;0;"-3;73119300000";"-38;57843400000";mq_match
359798;23;8;2020;12:30;3419;AV JOAO PESSOA;RUA MIGUEL GONCALVES;;;;ColisÃ£o;Luz do Dia;Bom;Seca;Cruz;SemÃ¡foro;Residencial;0;1;1;0;0;0;0;0;0;1;0;0;"-3;75871000000";"-38;55508000000";inter_match
359799;23;8;2020;3:05;0;AV JOSE LEON;;;2140;;ColisÃ£o;;;;Meio de Quadra;;;0;0;1;0;0;0;0;0;0;0;0;0;"-3;79004000000";"-38;49248600000";mq_match
359800;23;8;2020;2:10;7348;RUA MANAUS;RUA COS ARAUJO LIMA;;;;ColisÃ£o;;;;Cruz;NÃ£o HÃ¡ Controle;Residencial;0;0;3;1;0;0;0;0;0;1;0;0;"-3;75040000000";"-38;58946000000";inter_gpsv
359801;23;8;2020;17:40;0;AV WASHINGTON SOARES;;;;;ColisÃ£o;Anoitecer;;;Meio de Quadra;;;0;0;1;0;0;0;0;0;0;0;0;0;;;
359796;23;8;2020;1:55;0;AV ENG HUMBERTO MONTE;;;749;;ColisÃ£o;;;;Meio de Quadra;;;0;0;2;1;0;0;0;0;0;0;0;0;"-3;75190665000";"-38;55824650000";mq_qgis
360420;23;8;2020;12:00;0;AV SEN CARLOS JEREISSATI (AEROPORTO);;;;;ColisÃ£o;Luz do Dia;;;Meio de Quadra;;;0;0;2;1;0;0;0;0;0;0;0;0;;;
360482;23;8;2020;7:25;0;RD BR 020;;;;KM 427;ColisÃ£o;Luz do Dia;;;Meio de Quadra;;;1;0;1;1;0;0;0;0;0;1;0;0;"-3;86600000000";"-38;51500000000";rod_match
361561;23;8;2020;21:56;0;RUA LEAO VELOSO;;;720;;Queda;;;;Meio de Quadra;;;0;1;0;0;0;0;0;0;0;1;0;0;"-3;80923000000";"-38;49377000000";mq_gpsv
361540;23;8;2020;1:36;0;AV JOSE LEON;;;2111;;ColisÃ£o;;;;Meio de Quadra;;;0;2;0;0;0;0;0;0;0;0;0;0;"-3;79000900000";"-38;49268820000";mq_qgis
361563;23;8;2020;22:13;0;RUA REGINA DE FATIMA;;;2630;;Queda;;;;Meio de Quadra;;;0;1;0;0;0;1;0;0;0;0;0;0;"-3;80978000000";"-38;52419000000";mq_match
361564;23;8;2020;23:52;0;AV PRS CASTELO BRANCO;;;1011;;ColisÃ£o;;;;Meio de Quadra;;;0;1;1;1;0;0;0;0;0;1;0;0;"-3;71922051000";"-38;53268920000";mq_qgis
361544;23;8;2020;4:40;0;RUA ESTADO DO RIO;;;1336;;ColisÃ£o;;;;Meio de Quadra;;;0;1;0;0;0;0;0;0;0;0;0;0;"-3;76026000000";"-38;57201000000";mq_gpsv
361545;23;8;2020;8:09;0;AV CASTELO DE CASTRO;;;;;Queda;Luz do Dia;;;Meio de Quadra;;;0;1;0;0;0;1;0;0;0;0;0;0;;;
361546;23;8;2020;11:10;5100;RUA ALM JACEGUAI;AV MON TABOSA;;;;ColisÃ£o;Luz do Dia;;;;;;0;2;0;0;0;0;0;0;0;0;0;0;"-3;72355400000";"-38;51943900000";inter_match
361547;23;8;2020;11:32;0;AV DIOGUINHO;;;2305;;ColisÃ£o;Luz do Dia;;;Meio de Quadra;;;0;1;1;1;0;0;0;0;0;1;0;0;"-3;73678180000";"-38;45604300000";mq_match
361548;23;8;2020;15:01;0;RUA INACIO PARENTE;;;191;;ColisÃ£o;Luz do Dia;;;Meio de Quadra;;;0;1;1;1;0;0;0;0;0;1;0;0;"-3;78223637000";"-38;54351580000";mq_qgis
361549;23;8;2020;15:35;0;RUA PESSOA ANTA;;;;;Queda;Luz do Dia;;;Meio de Quadra;;;0;1;0;0;0;0;0;0;0;1;0;0;;;
361550;23;8;2020;16:18;0;AV GAL OSORIO DE PAIVA;;;;;ColisÃ£o;Luz do Dia;;;Meio de Quadra;;;0;1;1;1;0;0;0;0;0;1;0;0;;;
361551;23;8;2020;16:54;0;RUA VICENTE NOBRE MACEDO;;;;;Queda;Luz do Dia;;;Meio de Quadra;;;0;1;0;0;0;0;0;0;0;1;0;0;;;
361552;23;8;2020;18:12;21204;RUA ESPIRITO SANTO;RUA PERNAMBUCO;;;;ColisÃ£o;Anoitecer;;;T;Pare;Residencial;0;1;1;1;0;0;0;0;0;1;0;0;"-3;75811300000";"-38;57134500000";inter_match
361553;23;8;2020;18:40;9612;RUA OSCAR ARARIPE;RUA SGT JOAO PINHEIRO;;;;ColisÃ£o;;;;Cruz;Pare;Comercial;0;1;1;1;0;0;0;0;0;1;0;0;"-3;78383300000";"-38;62307300000";inter_match
361554;23;8;2020;19:25;0;RUA JOSE MENDONCA;;;100;;ColisÃ£o;;;;Meio de Quadra;;;0;1;1;1;0;0;0;0;0;1;0;0;"-3;76135100000";"-38;60297900000";mq_match
361555;23;8;2020;19:29;0;AV LINEU MACHADO;;;1389;;Queda;;;;Meio de Quadra;;;0;1;0;0;0;0;0;0;0;1;0;0;"-3;77155696000";"-38;57983920000";mq_qgis
361556;23;8;2020;20:09;0;RUA ANTONIO ARRUDA;;;120;;Queda;;;;Meio de Quadra;;;0;1;0;0;0;0;0;0;0;1;0;0;"-3;70809500000";"-38;59059100000";mq_qgis
361557;23;8;2020;20:45;0;RUA CAPRICHO;;;838;;Queda;;;;Meio de Quadra;;;0;1;0;0;0;0;0;0;0;1;0;0;"-3;78909000000";"-38;52567000000";mq_gpsv
361558;23;8;2020;21:21;0;AV DR THEBERGE;;;;;ColisÃ£o;;;;Meio de Quadra;;;0;2;0;0;0;0;0;0;0;1;0;0;;;
361559;23;8;2020;21:54;0;RUA 8 DE DEZEMBRO;;;81;;ColisÃ£o;;;;Meio de Quadra;;;0;2;0;0;0;0;0;0;0;0;0;0;"-3;75863042000";"-38;57315840000";mq_qgis
361560;24;8;2020;12:48;0;RUA JOSELITA PARENTE;;;158;;Queda;Luz do Dia;;;Meio de Quadra;;;0;1;0;0;0;0;0;0;0;1;0;0;;;
361528;24;8;2020;10:01;0;RUA BERNARDO MANUEL;;;7892;;ColisÃ£o;Luz do Dia;;;Meio de Quadra;;;0;1;0;1;0;0;0;0;0;1;0;0;"-3;78796529000";"-38;54810640000";mq_qgis
361522;24;8;2020;7:56;0;RUA PDE VALDEVINO;;;830;;ColisÃ£o;Luz do Dia;;;Meio de Quadra;;;0;1;0;1;0;0;0;0;0;1;0;0;"-3;73918757000";"-38;51663920000";mq_qgis
361523;24;8;2020;8:10;0;RUA JOAO FIRMINO;;;45;;ColisÃ£o;Luz do Dia;;;Meio de Quadra;;;0;1;0;1;0;0;0;0;0;1;0;0;"-3;75920000000";"-38;55108000000";mq_gpsv
361524;24;8;2020;8:33;0;RUA CRISTAIS PAULISTA;;;1121;;Queda;Luz do Dia;;;Meio de Quadra;;;0;1;0;0;0;0;0;0;0;1;0;0;"-3;81784590000";"-38;52589190000";mq_qgis
361525;24;8;2020;9:03;0;AV PRS COSTA E SILVA;;;;;ColisÃ£o;Luz do Dia;;;Meio de Quadra;;;0;1;0;0;0;0;0;0;0;1;0;0;;;
361526;24;8;2020;9:33;0;RUA MARTINS NETO;;;61;;Queda;Luz do Dia;;;Meio de Quadra;;;0;1;0;0;0;0;0;0;0;1;0;0;"-3;73993328000";"-38;58428390000";mq_qgis
361571;24;8;2020;13:20;0;AV WASHINGTON LUIS;;;7790;;ColisÃ£o;Luz do Dia;;;Meio de Quadra;;;0;1;0;0;0;0;0;0;0;0;0;0;;;
361541;24;8;2020;11:34;0;RUA BAR AQUIRAZ;;;2410;;ColisÃ£o;Luz do Dia;;;Meio de Quadra;;;0;1;1;1;0;1;0;0;0;0;0;0;;;
361542;24;8;2020;11:57;0;RUA EQUADOR;;;890;;Queda;Luz do Dia;;;Meio de Quadra;;;0;1;0;0;0;0;0;0;0;1;0;0;"-3;77542000000";"-38;55283000000";mq_gpsv
361543;24;8;2020;12:29;0;AV OLIVEIRA PAIVA;;;2601;;ColisÃ£o;Luz do Dia;;;Meio de Quadra;;;0;2;0;1;0;0;0;0;0;1;0;0;"-3;79603500000";"-38;48355900000";mq_match
361562;24;8;2020;13:06;0;RUA LUIZ FCO XAVIER;;;851;;ColisÃ£o;Luz do Dia;;;Meio de Quadra;;;0;1;0;1;0;0;0;0;0;1;0;0;"-3;84738238100";"-38;48748967800";mq_match
361530;24;8;2020;11:00;0;RUA JOAQUIM LEITAO;;;594;;Queda;Luz do Dia;;;Meio de Quadra;;;0;1;0;0;0;1;0;0;0;0;0;0;"-3;74211000000";"-38;59236000000";mq_gpsv
361534;24;8;2020;11:16;0;AV ALM MAXIMIANO DA FONSECA;;;;;ColisÃ£o;Luz do Dia;;;Meio de Quadra;;;0;1;0;1;0;0;0;0;0;1;0;0;;;
361619;24;8;2020;13:51;0;AV PLACIDO CASTELO;;;90;;Atropelamento;Luz do Dia;;;Meio de Quadra;;;0;1;0;0;0;0;0;0;0;1;0;0;"-3;78489900000";"-38;51057650000";mq_qgis
361666;24;8;2020;17:27;0;RUA CURITIBA;;;1096;;ColisÃ£o;Anoitecer;;;Meio de Quadra;;;0;1;0;1;0;0;0;0;0;1;0;0;"-3;75519300000";"-38;59283500000";mq_qgis
361667;24;8;2020;17:59;0;RUA LONDRINA;;;1097;;ColisÃ£o;Anoitecer;;;Meio de Quadra;;;0;1;0;0;0;0;0;0;0;1;0;0;"-3;78177000000";"-38;60075000000";mq_gpsv
361668;24;8;2020;18:07;0;AV GODOFREDO MACIEL;;;4965;;Outros;Anoitecer;;;Meio de Quadra;;;0;1;0;0;0;0;0;0;0;0;0;0;"-3;81834000000";"-38;57556000000";mq_gpsv
361669;24;8;2020;18:46;22055;AV JOSE BASTOS;RUA PDE CICERO;;;;ColisÃ£o;;;;T;NÃ£o HÃ¡ Controle;Residencial;0;1;0;1;0;0;0;0;0;1;0;0;"-3;74446200000";"-38;54488700000";inter_match
361670;24;8;2020;19:10;0;RD CE-040;;;;;ColisÃ£o;;;;Meio de Quadra;;;0;1;0;1;0;0;0;0;0;1;0;0;;;
361671;24;8;2020;22:58;0;RD BR 116;;;;;Queda;;;;Meio de Quadra;;;0;1;0;0;0;0;0;0;0;1;0;0;;;
361661;24;8;2020;17:21;0;RUA MAJ WEYNE;;;936;;ColisÃ£o;Anoitecer;;;Meio de Quadra;;;0;2;0;0;0;0;0;0;0;1;0;0;"-3;74866492500";"-38;54442700000";mq_match
361664;24;8;2020;17:24;0;RUA POMPILIO GOMES;;;835;;ColisÃ£o;Anoitecer;;;Meio de Quadra;;;0;1;0;1;0;0;0;0;0;1;0;0;"-3;81967110000";"-38;52083030000";mq_match
361651;24;8;2020;16:36;0;AV GAL OSORIO DE PAIVA;;;;;ColisÃ£o;Luz do Dia;;;Meio de Quadra;;;0;1;0;0;0;0;0;0;0;0;0;0;;;
361652;24;8;2020;17:05;0;RUA POMPILIO GOMES;;;90;;ColisÃ£o;Anoitecer;;;Meio de Quadra;;;0;1;0;1;0;0;0;0;0;1;0;0;"-3;81076090000";"-38;51993030000";mq_match
361654;24;8;2020;17:08;0;AV PRS CASTELO BRANCO;;;5010;;Atropelamento;Anoitecer;;;Meio de Quadra;;;0;2;0;0;0;1;0;0;0;0;0;0;"-3;70520900000";"-38;57669300000";mq_match
361643;24;8;2020;15:42;12355;RUA MON HIPOLITO BRASIL;RUA RIBEIRO LEITAO;;;;ColisÃ£o;Luz do Dia;;;Cruz;Pare;Residencial;0;1;0;0;0;0;0;0;0;1;0;0;"-3;76035900000";"-38;57611000000";inter_match
361644;24;8;2020;16:00;0;RUA 26 BATALHAO;;;16;;Queda;Luz do Dia;;;Meio de Quadra;;;0;1;0;0;0;0;0;0;0;1;0;0;"-3;80479000000";"-38;56776000000";mq_gpsv
361633;24;8;2020;13:54;0;RUA CANDIDO MAIA;;;294;;ColisÃ£o;Luz do Dia;;;Meio de Quadra;;;0;1;1;1;0;1;0;0;0;0;0;0;"-3;73742800000";"-38;59040720000";mq_match
360488;24;8;2020;8:45;0;RD BR 116;;;6600;KM-06;ColisÃ£o Traseira;Luz do Dia;;;Meio de Quadra;;;0;2;1;1;0;0;0;0;0;1;0;0;"-3;80469100000";"-38;50305300000";rod_match
360486;24;8;2020;7:25;0;RD BR 116;;;1700;KM-02;Engavetamento;Luz do Dia;;;Meio de Quadra;;;0;2;3;1;0;0;0;0;0;1;0;0;"-3;77139100000";"-38;51678000000";rod_match
360421;24;8;2020;17:30;0;RD CE-040;;;;KM-03;ColisÃ£o;Anoitecer;;;Meio de Quadra;;;0;1;1;1;0;0;0;0;0;0;0;0;"-3;78261432500";"-38;48108390000";rod_match
360422;24;8;2020;11:29;0;RD CE-040;;;;KM-10;ColisÃ£o;Luz do Dia;;;Meio de Quadra;;;1;0;1;0;0;1;0;0;0;0;0;0;"-3;84257666000";"-38;48088284000";rod_match
359802;24;8;2020;15:03;0;AV DOM MANUEL;;;;;ColisÃ£o;Luz do Dia;;;Meio de Quadra;;;0;0;1;0;0;0;0;0;0;0;0;0;;;
359804;24;8;2020;12:00;0;AV H CJ CEARA;;;2194;;ColisÃ£o;Luz do Dia;;;Meio de Quadra;;;0;1;1;1;0;0;0;0;0;1;0;0;"-3;77664500000";"-38;61776900000";mq_match
359808;24;8;2020;13:30;0;AV GODOFREDO MACIEL;;;4358;;Choque c/ ObstÃ¡culo Fixo;Luz do Dia;;;Meio de Quadra;;;0;1;0;0;0;0;0;0;0;1;0;0;"-3;81331150000";"-38;57517950000";mq_match
360030;24;8;2020;10:36;0;AV BERNARDO MANUEL;;;7911;;ColisÃ£o Traseira;Luz do Dia;Bom;Seca;Meio de Quadra;NÃ£o HÃ¡ Controle;Comercial;0;1;1;0;0;0;0;0;0;1;0;0;"-3;82906000000";"-38;56030000000";mq_gpsv
360033;24;8;2020;17:13;15812;RUA MANUEL CASTELO BRANCO;RUA CEL FRANCISCO PEREIRA (MESSEJANA);;;;ColisÃ£o Lateral;Luz do Dia;Bom;Seca;Cruz;SemÃ¡foro;Comercial;0;1;1;1;0;0;0;0;0;1;0;0;"-3;83177300000";"-38;49292900000";inter_match
360034;24;8;2020;18:30;4559;RUA PDE PAULINO;RD BR 116;;0;;ColisÃ£o Lateral;Via Iluminada;Bom;Seca;T;Pare;Residencial;0;0;1;1;0;0;0;0;0;0;0;0;"-3;79770000000";"-38;50812000000";inter_gpsv
360035;25;8;2020;13:15;22276;RUA PDE ANCHIETA;RUA JOSE MARROCOS;;;;ColisÃ£o Traseira;Luz do Dia;Bom;Seca;Cruz;Pare;Comercial;0;1;1;1;0;0;0;0;0;1;0;0;"-3;73094000000";"-38;55203000000";inter_gpsv
360036;25;8;2020;13:45;0;AV GODOFREDO MACIEL;RUA CEL TIBURCIO;;0;;Choque c/ ObstÃ¡culo Fixo;Luz do Dia;Bom;Seca;Meio de Quadra;NÃ£o HÃ¡ Controle;Residencial;0;1;0;0;0;0;0;0;0;1;0;0;"-3;81536000000";"-38;57466000000";inter_gpsv