COD_ACIDENTE;DIA;MES;ANO;HORA;INTERSECAO;LOG1;LOG2;LOG3;NUMERO;REFERENCIA;NATUREZA;ILUMINACAO;TEMPO;SUPERFICIEPISTA;TIPOCRUZAMENTO;CONTROLETRAFEGO;USOSOLO;MORTOS;FERIDOS;ILESOS;AUTOMOVEL;ONIBUS;BICICLETA;CAMINHAO;MICROONIBUS;CICLOMOTOR;MOTOCICLETA;TRACAOANIMAL;TREM;LATITUDE;LONGITUDE;METODO
360037;25;8;2020;16:04;15214;AV ABOLICAO;RUA LEONARDO MOTA;;;;ColisÃ£o Traseira;Luz do Dia;Bom;Seca;T;NÃ£o HÃ¡ Controle;Comercial;0;1;0;1;0;0;0;0;0;1;0;0;"-3;72697700000";"-38;49323600000";inter_match
360038;25;8;2020;16:54;14364;RUA RAQUEL HOLANDA;RUA DR ATUALPA (V. ELERY);;;;ColisÃ£o;Luz do Dia;Bom;Seca;Cruz;Pare;Residencial;0;1;1;1;0;1;0;0;0;0;0;0;"-3;72334000000";"-38;56306000000";inter_gpsv
359809;25;8;2020;20:00;0;RUA METON DE ALENCAR;;;;;ColisÃ£o;;;;Meio de Quadra;;;0;0;2;1;0;0;0;0;0;0;0;0;;;
359805;25;8;2020;13:00;0;AV FILOMENO GOMES;;;;;ColisÃ£o;Luz do Dia;;;Meio de Quadra;;;0;0;1;0;0;0;0;0;0;0;0;0;;;
359806;25;8;2020;9:50;17326;RUA ALBERTO MAGNO;RUA ALAN KARDEC;;;;ColisÃ£o;Luz do Dia;;;Cruz;Pare;Comercial;0;1;1;1;0;0;0;0;0;1;0;0;"-3;76479600000";"-38;54991800000";inter_match
360423;25;8;2020;8:20;0;RD CE-060;;;;KM-03;ColisÃ£o;Luz do Dia;;;Meio de Quadra;;;0;0;2;1;0;0;1;0;0;0;0;0;"-3;84303800000";"-38;58513300000";rod_match
360492;25;8;2020;20:10;0;RD BR 222;;;1900;KM-01;ColisÃ£o Transversal;;;;Meio de Quadra;;;0;1;3;0;0;0;0;0;0;1;0;0;"-3;73769844400";"-38;57814693000";rod_match
361689;25;8;2020;5:38;0;TERM TERMINAL DA PARANGABA;;;;;ColisÃ£o;Amanhecer;;;Meio de Quadra;;;0;1;0;1;0;0;0;0;0;1;0;0;;;
361690;25;8;2020;6:09;0;RUA EDUARDO PERDIGAO;;;;;Atropelamento;Luz do Dia;;;Meio de Quadra;;;0;1;0;0;0;0;0;0;0;1;0;0;;;
361691;25;8;2020;7:22;0;AV PRS COSTA E SILVA;;;5676;;Queda;Luz do Dia;;;Meio de Quadra;;;0;1;0;0;0;0;0;0;0;1;0;0;"-3;82900586200";"-38;52985432200";mq_match
361683;25;8;2020;4:41;0;RUA POMPILIO GOMES;;;900;;Queda;;;;Meio de Quadra;;;0;1;0;0;0;0;0;0;0;1;0;0;;;
361684;25;8;2020;5:33;0;RUA JORGE DUMAR;;;;;ColisÃ£o;Amanhecer;;;Meio de Quadra;;;0;4;0;1;0;0;0;0;0;0;0;0;;;
361737;25;8;2020;20:22;0;RUA OITICICAS;;;777;;Queda;;;;Meio de Quadra;;;0;1;0;0;0;1;0;0;0;0;0;0;"-3;81091196000";"-38;53769300000";mq_qgis
361739;25;8;2020;21:05;0;AV I CJ CEARA;;;279;;Atropelamento;;;;Meio de Quadra;;;0;1;0;0;0;0;0;0;0;1;0;0;"-3;76609870000";"-38;59778010000";mq_qgis
361741;25;8;2020;21:45;0;RUA GUILHERME ROCHA;;;;;ColisÃ£o;;;;Meio de Quadra;;;0;1;0;0;0;0;0;0;0;0;0;0;;;
361742;25;8;2020;22:11;0;RUA TUPI D35;;;102;;ColisÃ£o;;;;Meio de Quadra;;;0;1;0;1;0;0;0;0;0;1;0;0;"-3;75665700000";"-38;57730700000";mq_gpsv
361702;25;8;2020;8:17;0;RUA PRIMEIRO DE JANEIRO;;;;;ColisÃ£o;Luz do Dia;;;Meio de Quadra;;;0;1;0;1;0;0;0;0;0;1;0;0;;;
361703;25;8;2020;8:45;10989;RUA CON LIMA SUCUPIRA;RUA TOMAS EDSON;;;;ColisÃ£o;Luz do Dia;;;Cruz;NÃ£o HÃ¡ Controle;Residencial;0;1;0;0;0;0;0;0;0;1;0;0;"-3;77704700000";"-38;55427200000";inter_match
361704;25;8;2020;9:00;0;RUA PRO HERIBALDO COSTA;;;687;;ColisÃ£o;Luz do Dia;;;Meio de Quadra;;;0;1;0;1;0;0;0;0;0;1;0;0;"-3;75903540000";"-38;58324620000";mq_match
361708;25;8;2020;11:13;0;AV GAL OSORIO DE PAIVA;;;6028;;ColisÃ£o;Luz do Dia;;;Meio de Quadra;;;0;1;0;1;0;0;0;0;0;1;0;0;"-3;80903278000";"-38;60621630000";mq_qgis
361715;25;8;2020;11:30;0;AV GODOFREDO MACIEL;;;4505;;ColisÃ£o;Luz do Dia;;;Meio de Quadra;;;1;0;1;0;0;0;0;0;0;1;0;0;"-3;81266780000";"-38;57497590000";mq_match
361716;25;8;2020;13:09;0;AV JOAO PESSOA;;;6943;;ColisÃ£o;Luz do Dia;;;Meio de Quadra;;;0;2;0;1;0;0;0;0;0;1;0;0;"-3;77104400000";"-38;56137900000";mq_match
361717;25;8;2020;13:41;0;AV GODOFREDO MACIEL;;;1230;;ColisÃ£o;Luz do Dia;;;Meio de Quadra;;;0;1;0;1;0;0;0;0;0;1;0;0;"-3;78649800000";"-38;56678600000";mq_qgis
361718;25;8;2020;16:58;0;RUA OSCAR ARARIPE;;;545;;ColisÃ£o;Luz do Dia;;;Meio de Quadra;;;0;1;0;1;0;0;0;0;0;1;0;0;"-3;79223000000";"-38;59618000000";mq_gpsv
361719;25;8;2020;17:00;0;BC TEODOMIRO DE CASTRO;;;925;;ColisÃ£o;;;;Meio de Quadra;;;0;1;0;1;0;0;0;0;0;1;0;0;"-3;72031000000";"-38;56955000000";mq_gpsv
361720;25;8;2020;17:17;0;RUA CON DE CASTRO;;;5493;;ColisÃ£o;Anoitecer;;;Meio de Quadra;;;0;1;0;1;0;0;0;0;0;1;0;0;"-3;81131100000";"-38;59706300000";mq_match
361725;25;8;2020;17:35;10682;AV ROGACIANO LEITE;AV ENG SANTANA JUNIOR;;;;ColisÃ£o;Anoitecer;;;;;;0;1;1;1;0;1;0;0;0;0;0;0;"-3;75626000000";"-38;49152000000";inter_gpsv
361726;25;8;2020;17:38;0;RUA 8 DE SETEMBRO;;;1465;;ColisÃ£o;Anoitecer;;;Meio de Quadra;;;0;2;0;1;0;0;0;0;0;1;0;0;;;
361727;25;8;2020;17:50;10018;RUA DUAS NACOES;RUA HUMBERTO LOMEU;;;;ColisÃ£o;Anoitecer;;;;;;0;2;0;1;0;0;0;0;0;1;0;0;"-3;78175000000";"-38;60340000000";inter_gpsv
361728;25;8;2020;18:08;0;RUA MARIA JULIA;;;1700;;ColisÃ£o;Anoitecer;;;Meio de Quadra;;;0;1;0;1;0;0;0;0;0;1;0;0;"-3;80026522000";"-38;60241650000";mq_qgis
361729;25;8;2020;18:33;0;RUA ISMAEL PORDEUS;;;779;;Queda;;;;Meio de Quadra;;;0;1;0;0;0;0;0;0;0;1;0;0;"-3;72316000000";"-38;46954000000";mq_gpsv
361730;25;8;2020;18:53;1542;RUA PDE VALDEVINO;AV RUI BARBOSA;;;;Queda;;;;Cruz;SemÃ¡foro;Comercial;0;1;0;0;0;1;0;0;0;0;0;0;"-3;74110530000";"-38;51109000000";inter_match
361731;25;8;2020;18:58;0;RUA PARAGUACU D45;;;1658;;ColisÃ£o;;;;Meio de Quadra;;;0;1;0;1;0;0;0;0;0;0;0;0;"-3;78913500000";"-38;54031400000";mq_qgis
361711;25;8;2020;11:56;11768;AV PRS CASTELO BRANCO;AV FILOMENO GOMES;;;;ColisÃ£o;Luz do Dia;;;T;SemÃ¡foro;Comercial;0;1;0;1;0;0;0;0;0;1;0;0;"-3;71554200000";"-38;54198200000";inter_match
361713;25;8;2020;12:25;0;RUA COS LAFAYETE;;;323;;ColisÃ£o;Luz do Dia;;;Meio de Quadra;;;0;1;0;0;0;0;0;0;0;1;0;0;"-3;71815180000";"-38;58101700000";mq_qgis
361733;25;8;2020;19:33;0;RUA ALBERTO MONTEZUMA;;;240;;ColisÃ£o;;;;Meio de Quadra;;;0;1;0;1;0;0;0;0;0;1;0;0;"-3;76583800000";"-38;53322180000";mq_qgis
361735;25;8;2020;20:09;0;RUA NUNES VALENTE;;;96;;Queda;;;;Meio de Quadra;;;0;1;0;0;0;0;0;0;0;1;0;0;"-3;75340000000";"-38;50930000000";mq_gpsv
361743;26;8;2020;6:45;0;AV RUI BARBOSA;;;2727;;Atropelamento;Luz do Dia;;;Meio de Quadra;;;0;2;0;0;0;0;0;0;0;1;0;0;"-3;74611200000";"-38;51268400000";mq_qgis
361744;26;8;2020;7:30;0;AV D CJ CEARA;;;1250;;ColisÃ£o;Luz do Dia;;;Meio de Quadra;;;0;1;0;1;0;0;0;0;0;1;0;0;"-3;76310900000";"-38;60252700000";mq_match
361745;26;8;2020;7:50;0;RUA CON DE CASTRO;;;4359;;Atropelamento;Luz do Dia;;;Meio de Quadra;;;0;1;0;1;0;0;0;0;0;0;0;0;"-3;80347037000";"-38;59057300000";mq_match
361746;26;8;2020;7:54;0;AV PONTES VIEIRA;;;340;;Queda;Luz do Dia;;;Meio de Quadra;;;0;1;0;0;0;1;0;0;0;0;0;0;"-3;75316950000";"-38;51693300000";mq_match
361747;26;8;2020;8:22;0;RUA PRO HERIBALDO COSTA;;;400;;ColisÃ£o;Luz do Dia;;;Meio de Quadra;;;0;1;0;0;0;0;0;0;0;1;0;0;"-3;75619550000";"-38;58201600000";mq_match
361748;26;8;2020;9:05;0;RUA FONSECA LOBO;;;560;;Atropelamento;Luz do Dia;;;Meio de Quadra;;;0;1;0;0;0;0;0;0;0;1;0;0;"-3;74209693000";"-38;49057260000";mq_qgis
361749;26;8;2020;9:27;0;RUA PRO HERIBALDO COSTA;;;450;;ColisÃ£o;Luz do Dia;;;Meio de Quadra;;;0;1;0;1;0;0;0;0;0;1;0;0;"-3;75948410000";"-38;58351820000";mq_match
361750;26;8;2020;10:46;0;RUA DR CONDES SANDOVAL;;;281;;ColisÃ£o;Luz do Dia;;;Meio de Quadra;;;0;1;0;0;0;0;0;0;0;0;0;0;"-3;84202348000";"-38;52475150000";mq_qgis
361751;26;8;2020;12:01;0;AV CASTELO DE CASTRO;;;;;Queda;Luz do Dia;;;Meio de Quadra;;;0;1;0;0;0;0;0;0;0;1;0;0;;;
361752;26;8;2020;13:40;0;AV CARAPINIMA;;;2415;;Queda;Luz do Dia;;;Meio de Quadra;;;0;1;0;0;0;0;0;0;0;1;0;0;"-3;74063923500";"-38;54087518000";mq_match
361753;26;8;2020;14:44;0;RUA ASTROGILDO FONTOURA;;;775;;Queda;Luz do Dia;;;Meio de Quadra;;;0;2;0;0;0;1;0;0;0;0;0;0;"-3;71197895000";"-38;58611100000";mq_qgis
361754;26;8;2020;15:20;0;AV CESAR CALS;;;1641;;ColisÃ£o;Luz do Dia;;;Meio de Quadra;;;0;1;0;0;0;0;0;0;0;0;0;0;;;
361755;26;8;2020;16:43;0;AV JOSE BASTOS;;;3938;;ColisÃ£o;Luz do Dia;;;Meio de Quadra;;;0;1;0;1;0;0;0;0;0;1;0;0;"-3;75262550000";"-38;55308500000";mq_qgis
361756;26;8;2020;17:17;0;AV ABOLICAO;;;2021;;ColisÃ£o;Anoitecer;;;Meio de Quadra;;;0;1;0;1;0;0;0;0;0;1;0;0;"-3;72563000000";"-38;50040000000";mq_gpsv
361757;26;8;2020;17:24;0;AV MIN JOSE AMERICO;;;395;;ColisÃ£o;Anoitecer;;;Meio de Quadra;;;0;2;0;1;0;0;0;0;0;1;0;0;"-3;81131220000";"-38;49626380000";mq_match
361771;26;8;2020;17:50;0;AV BEZERRA DE MENEZES;;;2514;;ColisÃ£o;Anoitecer;;;Meio de Quadra;;;0;1;0;0;0;0;0;0;0;1;0;0;"-3;73626400000";"-38;56727000000";mq_qgis
361777;26;8;2020;18:20;0;AV DOS EXPEDICIONARIOS;;;5360;;ColisÃ£o;Anoitecer;;;Meio de Quadra;;;0;1;0;0;0;0;0;0;0;0;0;0;"-3;76664600000";"-38;54169600000";mq_match
361778;26;8;2020;19:59;0;AV PRS CASTELO BRANCO;;;;;Atropelamento;;;;Meio de Quadra;;;0;1;0;0;0;0;0;0;0;0;0;0;;;
361779;26;8;2020;20:24;0;RUA PDE MORORO;;;1123;;ColisÃ£o;;;;Meio de Quadra;;;0;1;0;0;0;0;0;0;0;1;0;0;"-3;72671164000";"-38;53785820000";mq_qgis
361783;26;8;2020;20:44;0;RUA JOAO PAULO;;;202;;ColisÃ£o;;;;Meio de Quadra;;;0;1;0;0;0;0;0;0;0;0;0;0;;;
361795;26;8;2020;23:15;0;RUA ALBERTO MAGNO;;;1640;;ColisÃ£o;;;;Meio de Quadra;;;0;2;0;1;0;0;0;0;0;1;0;0;"-3;76824000000";"-38;55253650000";mq_match
361791;26;8;2020;21:16;0;RUA ANTONIO ALEXANDRINO DOS REIS;;;66;;ColisÃ£o;;;;Meio de Quadra;;;0;1;0;0;0;0;0;0;0;0;0;0;;;
361793;26;8;2020;22:28;0;AV SANTOS DUMONT;;;4000;;Queda;;;;Meio de Quadra;;;0;1;0;0;0;0;0;0;0;1;0;0;"-3;73936800000";"-38;48863800000";mq_match
359810;26;8;2020;1:00;0;RUA JABORANDI;;;;;ColisÃ£o;;;;Meio de Quadra;;;0;0;2;1;0;0;0;0;0;0;0;0;;;
359811;26;8;2020;1:50;0;RUA PDE NOBREGA;;;;;ColisÃ£o;;;;Meio de Quadra;;;0;0;2;1;0;0;0;0;0;0;0;0;;;
359813;26;8;2020;17:00;0;RUA PAULO MENDES;;;;;ColisÃ£o;Anoitecer;;;Meio de Quadra;;;0;0;1;0;0;0;0;0;0;0;0;0;;;
360039;26;8;2020;1:10;22899;RUA GOV JOAO CARLOS;RUA PDE NOBREGA;;;;ColisÃ£o Transversal;Via Iluminada;Nublado;Seca;Cruz;Pare;Residencial;0;1;1;1;0;0;0;0;0;1;0;0;"-3;78209400000";"-38;55317400000";inter_match
360040;26;8;2020;8:24;26075;AV JOSE JATAHY;AV SGT HERMINIO SAMPAIO;;;;ColisÃ£o;Luz do Dia;Bom;Seca;Cruz;Pare;Comercial;0;1;0;0;0;0;0;0;0;1;0;0;"-3;72470970000";"-38;54590490000";inter_match
360041;26;8;2020;8:48;15974;AV GODOFREDO MACIEL;RUA CASTRO MEIRELES;;;;ColisÃ£o Lateral;Luz do Dia;Bom;Seca;Cruz;Pare;Comercial;0;0;3;1;0;0;0;0;0;0;0;0;"-3;80641300000";"-38;57301900000";inter_match
360042;26;8;2020;5:40;0;AV GODOFREDO MACIEL;;;4190;;ColisÃ£o Traseira;Luz do Dia;Bom;Seca;Meio de Quadra;SemÃ¡foro;Comercial;0;0;1;1;0;0;0;0;0;0;0;0;"-3;81104950000";"-38;57458290000";mq_match
360043;26;8;2020;9:10;0;RUA MANUEL CASTELO BRANCO;;;533;;ColisÃ£o Lateral;Luz do Dia;Bom;Seca;Meio de Quadra;NÃ£o HÃ¡ Controle;Comercial;0;2;1;1;0;0;0;0;0;1;0;0;"-3;83234972000";"-38;49041950000";mq_qgis
360044;26;8;2020;14:05;0;RUA CRISANTO M DA ROCHA;RUA DR VALDEMAR DE ALCANTARA;;0;;ColisÃ£o Transversal;Luz do Dia;Bom;Seca;Meio de Quadra;Pare;Comercial;0;1;0;1;0;0;0;0;0;1;0;0;"-3;79923360000";"-38;48085000000";inter_match
360045;26;8;2020;18:15;17400;RUA BAR SOBRAL;RUA EDITE BRAGA;;0;;ColisÃ£o Transversal;Via Iluminada;Bom;Seca;Cruz;Pare;Comercial;0;1;0;1;0;0;0;0;0;1;0;0;"-3;76752100000";"-38;55327800000";inter_match
360046;27;8;2020;7:38;0;AV GOV RAUL BARBOSA;;;0;;ColisÃ£o Lateral;Luz do Dia;Bom;Seca;Outros;NÃ£o HÃ¡ Controle;Residencial;0;1;1;0;0;0;0;0;0;1;0;0;"-3;75784700000";"-38;50450500000";mq_match
360047;27;8;2020;17:15;3098;AV LINEU MACHADO;RUA SEIXAS CORREIA;;;;NÃ£o Informado;Luz do Dia;Bom;Seca;Cruz;Pare;Residencial;0;0;2;0;0;0;0;0;0;0;0;0;"-3;77699000000";"-38;58272000000";inter_gpsv
360049;27;8;2020;20:41;7409;RUA AUDISIO PINHEIRO;RUA PRO PAULO LOPES;;;;Atropelamento;Via Iluminada;Bom;Seca;Cruz;Pare;Residencial;0;1;1;0;0;0;0;0;0;0;0;0;"-3;75563400000";"-38;58731900000";inter_match
360050;27;8;2020;22:26;5340;AV DUQ CAXIAS;RUA VINTE E QUATRO DE MAIO;;;;ColisÃ£o Transversal;Via Iluminada;Bom;Seca;Cruz;SemÃ¡foro;Comercial;0;1;1;0;1;0;0;0;0;1;0;0;"-3;73070800000";"-38;53323000000";inter_match
359814;27;8;2020;2:00;17412;RUA ALBERTO MAGNO;RUA BAR SOBRAL;;;;ColisÃ£o;;;;Cruz;SemÃ¡foro;Comercial;0;0;1;0;0;0;0;0;0;0;0;0;"-3;76799100000";"-38;55241700000";inter_match
359815;27;8;2020;19:20;0;RUA PDE VALDEVINO;;;;;Choque c/ ObstÃ¡culo Fixo;;;;Meio de Quadra;;;0;0;1;1;0;0;0;0;0;0;0;0;;;
359816;27;8;2020;11:05;0;RD CE-060;;;4;;ColisÃ£o;Luz do Dia;;;Meio de Quadra;;;0;0;4;1;0;0;0;0;0;0;0;0;"-3;82613600000";"-38;57950000000";rod_match
359818;27;8;2020;2:47;0;RD DR MENDEL STEINBRUCH;;;6866;;ColisÃ£o;;;;Meio de Quadra;;;0;0;1;0;0;0;0;0;0;0;0;0;"-3;83750300000";"-38;58323100000";rod_match
360424;27;8;2020;15:50;0;AV SEN CARLOS JEREISSATI (AEROPORTO);;;;;ColisÃ£o;Luz do Dia;;;Meio de Quadra;;;0;0;2;1;0;0;0;0;0;0;0;0;;;
360425;27;8;2020;19:30;0;RD CE-040;;;;KM-03;ColisÃ£o;;;;Meio de Quadra;;;0;1;1;1;0;0;0;0;0;1;0;0;"-3;78261432500";"-38;48108390000";rod_match
361806;27;8;2020;7:44;0;AV DA INDEPENDENCIA;;;1707;;ColisÃ£o;Luz do Dia;;;Meio de Quadra;;;0;1;0;1;0;0;0;0;0;1;0;0;"-3;72542471000";"-38;59599650000";mq_qgis
361807;27;8;2020;7:53;0;RUA PINTO MADEIRA;;;1183;;ColisÃ£o;Luz do Dia;;;Meio de Quadra;;;0;1;0;0;0;0;0;0;0;0;0;0;"-3;73304000000";"-38;51498000000";mq_gpsv
361808;27;8;2020;8:22;0;ET DO JATOBA;;;3761;;ColisÃ£o;Luz do Dia;;;Meio de Quadra;;;0;1;0;1;0;0;0;0;0;1;0;0;"-3;80448000000";"-38;62824800000";mq_qgis
361809;27;8;2020;8:58;0;AV CARNEIRO DE MENDONCA;;;1354;;ColisÃ£o;Luz do Dia;;;Meio de Quadra;;;0;1;0;1;0;0;0;0;0;1;0;0;"-3;76173350000";"-38;57119300000";mq_match
361810;27;8;2020;9:30;0;AV SEN FERNANDES TAVORA;;;2813;;ColisÃ£o;Luz do Dia;;;Meio de Quadra;;;0;1;0;0;0;0;0;0;0;1;0;0;"-3;75530800000";"-38;59729000000";mq_match
361802;27;8;2020;7:00;0;RUA DES AVELAR;;;1013;;ColisÃ£o;Luz do Dia;;;Meio de Quadra;;;0;1;0;0;0;0;0;0;0;1;0;0;"-3;79402350000";"-38;49330000000";mq_match
361803;27;8;2020;7:32;0;AV GOV RAUL BARBOSA;;;;;ColisÃ£o;Luz do Dia;;;Meio de Quadra;;;0;1;0;1;0;0;0;0;0;0;0;0;;;
361812;27;8;2020;10:23;0;RUA ILDEFONSO ALBANO;;;2525;;Queda;Luz do Dia;;;Meio de Quadra;;;0;1;0;0;0;0;0;0;0;1;0;0;"-3;74321000000";"-38;51655300000";mq_qgis
361813;27;8;2020;10:51;0;AV DOS EXPEDICIONARIOS;;;3226;;ColisÃ£o;Luz do Dia;;;Meio de Quadra;;;0;1;0;1;0;0;0;0;0;1;0;0;"-3;74685800000";"-38;53567950000";mq_match
361814;27;8;2020;11:12;0;RUA DES PRAXEDES;;;2001;;ColisÃ£o;Luz do Dia;;;Meio de Quadra;;;0;1;0;0;0;0;0;0;0;0;0;0;"-3;76493400000";"-38;53667900000";mq_qgis
361796;27;8;2020;6:07;0;AV GODOFREDO MACIEL;;;1005;;ColisÃ£o;Luz do Dia;;;Meio de Quadra;;;0;1;0;0;0;0;0;0;0;0;0;0;"-3;78498609500";"-38;56635171400";mq_match
361797;27;8;2020;6:49;0;ROD CE 010;;;;;Queda;Luz do Dia;;;Meio de Quadra;;;0;1;0;0;0;1;0;0;0;0;0;0;;;
361827;27;8;2020;12:33;5351;AV IMPERADOR;RUA GAL CLARINDO DE QUEIROZ;;;;ColisÃ£o;Luz do Dia;;;Cruz;SemÃ¡foro;Comercial;0;1;0;1;0;0;0;0;0;1;0;0;"-3;73096200000";"-38;53556600000";inter_match
361828;27;8;2020;14:30;0;RUA COM GARCIA;;;561;;ColisÃ£o;Luz do Dia;;;Meio de Quadra;;;0;1;0;0;0;0;0;0;0;1;0;0;"-3;78993635000";"-38;58026230000";mq_qgis
361831;27;8;2020;14:32;0;AV GODOFREDO MACIEL;;;;;ColisÃ£o;Luz do Dia;;;Meio de Quadra;;;0;1;0;1;0;0;0;0;0;1;0;0;;;
361855;27;8;2020;18:54;2844;RUA CEL VIRGILIO NOGUEIRA (BOM JARDIM);RUA DESCARTES BRAGA;;;;ColisÃ£o;;;;RotatÃ³ria;NÃ£o HÃ¡ Controle;Comercial;0;2;0;0;0;0;0;0;0;0;0;0;"-3;79513000000";"-38;61076000000";inter_gpsv
361856;27;8;2020;19:59;0;RUA AUDISIO PINHEIRO;;;364;;Atropelamento;;;;Meio de Quadra;;;0;1;0;0;0;0;0;0;0;1;0;0;"-3;75571475000";"-38;58736290000";mq_qgis
361857;27;8;2020;20:42;0;AV OLIVEIRA PAIVA;;;1463;;ColisÃ£o;;;;Meio de Quadra;;;0;1;0;1;0;0;0;0;0;1;0;0;"-3;79541770000";"-38;49360870000";mq_match
361858;27;8;2020;20:52;0;AV MR HULL;;;3556;;Queda;;;;Meio de Quadra;;;0;1;0;0;0;0;0;0;0;1;0;0;"-3;73757300000";"-38;57645000000";mq_match
361859;27;8;2020;22:18;0;RUA CEL QUEIROZ;;;211;;ColisÃ£o;;;;Meio de Quadra;;;0;1;0;0;0;0;0;0;0;0;0;0;"-3;78281000000";"-38;45668000000";mq_gpsv
361860;27;8;2020;22:27;0;AV ANTONIO SALES;;;;;ColisÃ£o;;;;Meio de Quadra;;;0;1;0;1;0;0;0;0;0;1;0;0;;;
361844;27;8;2020;16:06;0;AV LINEU MACHADO;;;2030;;ColisÃ£o;Luz do Dia;;;Meio de Quadra;;;0;1;0;1;0;0;0;0;0;1;0;0;"-3;77700800000";"-38;58272000000";mq_qgis
361851;27;8;2020;16:31;0;RUA MARIA JULIA;;;4092;;ColisÃ£o;Luz do Dia;;;Meio de Quadra;;;0;2;0;1;0;0;0;0;0;1;0;0;;;
361852;27;8;2020;17:06;0;RUA NICOLAU COELHO;;;931;;Queda;Anoitecer;;;Meio de Quadra;;;0;1;0;0;0;1;0;0;0;0;0;0;"-3;82291556000";"-38;49256450000";mq_qgis
361853;27;8;2020;18:28;1542;AV RUI BARBOSA;RUA PDE VALDEVINO;;;;ColisÃ£o;Anoitecer;;;Cruz;SemÃ¡foro;Comercial;0;1;0;1;0;0;0;0;0;1;0;0;"-3;74096400000";"-38;51102900000";inter_match
361888;28;8;2020;15:46;0;AV PRS COSTA E SILVA;;;;;ColisÃ£o;Luz do Dia;;;Meio de Quadra;;;0;1;0;1;0;0;0;0;0;1;0;0;;;
361889;28;8;2020;17:27;0;AV ALBERTO CRAVEIRO;;;2333;;Queda;Anoitecer;;;Meio de Quadra;;;1;1;0;0;0;0;0;0;0;1;0;0;"-3;80156900000";"-38;52024800000";mq_match
361908;28;8;2020;19:59;0;AV H CJ JOSE WALTER;;;267;;ColisÃ£o;;;;Meio de Quadra;;;0;1;0;0;0;0;0;0;0;0;0;0;"-3;84141639000";"-38;55815160000";mq_qgis
361909;28;8;2020;22:04;0;RUA MANUEL MOURA;;;67;;ColisÃ£o;;;;Meio de Quadra;;;0;1;0;0;0;0;0;0;0;0;0;0;;;
361906;28;8;2020;19:20;0;RUA JOAO TINOCO;;;88;;ColisÃ£o;;;;Meio de Quadra;;;0;1;0;1;0;0;0;0;0;1;0;0;"-3;72846118000";"-38;58909390000";mq_qgis
361918;28;8;2020;22:23;25253;AV WASHINGTON SOARES;RUA VALMIR PONTES;;;;ColisÃ£o;;;;Cruz;SemÃ¡foro;Comercial;0;1;0;0;0;0;0;0;0;0;0;0;"-3;77148200000";"-38;48201600000";inter_match
361861;28;8;2020;2:22;0;AV CONTORNO SUL;;;981;;Queda;;;;Meio de Quadra;;;0;1;0;0;0;0;0;0;0;1;0;0;"-3;83683816000";"-38;51857140000";mq_qgis
361862;28;8;2020;2:58;0;RUA CEL DIONISIO ALENCAR;;;1800;;ColisÃ£o;;;;Meio de Quadra;;;0;1;0;1;0;0;0;0;0;1;0;0;;;
361863;28;8;2020;7:21;0;RUA FLORO BARTOLOMEU;;;588;;ColisÃ£o;Luz do Dia;;;Meio de Quadra;;;0;1;0;1;0;0;0;0;0;1;0;0;"-3;76001352000";"-38;50908740000";mq_qgis
361864;28;8;2020;7:53;25974;RUA TRES MARIAS D39 (MONTESE);RUA PERU;;;;Atropelamento;Luz do Dia;;;Outros;NÃ£o HÃ¡ Controle;Residencial;0;1;0;0;0;0;0;0;0;1;0;0;"-3;76957000000";"-38;54987000000";inter_match
361865;28;8;2020;8:37;3779;RUA VINTE E QUATRO DE MAIO;RUA ANTONIO POMPEU;;;;ColisÃ£o;Luz do Dia;;;Cruz;Pare;Comercial;0;1;0;1;0;0;0;0;0;1;0;0;"-3;73366700000";"-38;53418600000";inter_match
361866;28;8;2020;8:42;0;AV MON TABOSA;;;381;;ColisÃ£o;Luz do Dia;;;Meio de Quadra;;;0;1;0;0;0;0;0;0;0;0;0;0;"-3;72379310000";"-38;51590450000";mq_qgis
361867;28;8;2020;9:24;0;RUA TABULEIRO DO NORTE;;;;;ColisÃ£o;Luz do Dia;;;Meio de Quadra;;;0;1;0;1;0;0;0;0;0;1;0;0;;;
361868;28;8;2020;14:06;0;AV DOM MANUEL;;;582;;Atropelamento;Luz do Dia;;;Meio de Quadra;;;0;1;0;0;0;0;0;0;0;1;0;0;"-3;72920700000";"-38;52138300000";mq_match
361869;28;8;2020;14:41;0;AV J CJ CEARA;;;1082;;Queda;Luz do Dia;;;Meio de Quadra;;;0;1;0;0;0;0;0;0;0;1;0;0;"-3;77293000000";"-38;61928000000";mq_gpsv
361870;28;8;2020;15:41;1784;RUA PEDRO DE SOUZA;RUA MARIA QUINTINO;;;;ColisÃ£o;Luz do Dia;;;Cruz;Pare;Comercial;0;1;0;1;0;0;0;0;0;1;0;0;"-3;85227700000";"-38;50022700000";inter_match
360493;28;8;2020;14:25;0;RD BR 116;;;4000;KM-04;ColisÃ£o Traseira;Luz do Dia;;;Meio de Quadra;;;0;1;1;1;0;0;0;0;0;1;0;0;"-3;80235400000";"-38;50386900000";rod_match
360495;28;8;2020;18:05;0;RD BR 116;;;7900;KM-07;ColisÃ£o Traseira;Anoitecer;;;Meio de Quadra;;;0;2;1;1;0;0;0;0;0;1;0;0;"-3;78627635900";"-38;51156140000";rod_match
359819;28;8;2020;20:12;0;RUA PRO PAULO LOPES;;;150;;ColisÃ£o;;;;Meio de Quadra;;;0;0;2;1;0;0;0;0;0;0;0;0;"-3;75742313000";"-38;58395350000";mq_qgis