COD_ACIDENTE;DIA;MES;ANO;HORA;INTERSECAO;LOG1;LOG2;LOG3;NUMERO;REFERENCIA;NATUREZA;ILUMINACAO;TEMPO;SUPERFICIEPISTA;TIPOCRUZAMENTO;CONTROLETRAFEGO;USOSOLO;MORTOS;FERIDOS;ILESOS;AUTOMOVEL;ONIBUS;BICICLETA;CAMINHAO;MICROONIBUS;CICLOMOTOR;MOTOCICLETA;TRACAOANIMAL;TREM;LATITUDE;LONGITUDE;METODO
359821;28;8;2020;12:55;0;AV DOS EXPEDICIONARIOS;;;5216;;ColisÃ£o;Luz do Dia;;;Meio de Quadra;;;0;1;1;1;0;0;0;0;0;1;0;0;"-3;76607400000";"-38;54152300000";mq_match
359822;28;8;2020;12:40;0;AV WASHINGTON SOARES;;;4350;;ColisÃ£o;Luz do Dia;;;Meio de Quadra;;;0;0;2;1;0;0;0;0;0;0;0;0;"-3;79493500000";"-38;47997900000";mq_qgis
359823;28;8;2020;20:35;24287;RUA CASTRO MONTE;RUA TAVARES COUTINHO;;;;ColisÃ£o;;;;Cruz;Pare;Comercial;0;1;2;1;0;0;0;0;0;1;0;0;"-3;73256400000";"-38;48606200000";inter_match
360051;28;8;2020;9:30;0;AV DOS JANGADEIROS;RUA JUVENCIO VASCONCELOS;;0;;ColisÃ£o;Luz do Dia;Bom;Seca;Meio de Quadra;NÃ£o HÃ¡ Controle;Comercial;0;1;1;0;0;0;0;0;0;1;0;0;"-3;72524000000";"-38;47825000000";inter_gpsv
360053;28;8;2020;14:00;26251;AV AMERICO BARREIRA;RUA CEARA;;;;ColisÃ£o Transversal;Luz do Dia;Bom;Seca;Cruz;Pare;Comercial;0;1;0;1;0;0;0;0;0;1;0;0;"-3;75996140000";"-38;56418790000";inter_match
360054;28;8;2020;19:19;0;RUA TAVARES COUTINHO;;;1871;;ColisÃ£o Lateral;Via Iluminada;Bom;Seca;Meio de Quadra;NÃ£o HÃ¡ Controle;Comercial;0;1;2;1;0;0;0;0;0;1;0;0;"-3;73256213000";"-38;48602560000";mq_qgis
360056;29;8;2020;3:18;0;RUA EDUARDO PORTO;;;147;;NÃ£o Informado;Via Iluminada;Bom;Seca;Meio de Quadra;NÃ£o HÃ¡ Controle;Comercial;0;1;0;0;0;0;0;0;0;1;0;0;"-3;83273006000";"-38;49415350000";mq_qgis
360057;29;8;2020;4:36;0;AV PRS COSTA E SILVA;;;0;UPA (JOSE WALTER);NÃ£o Informado;Via Iluminada;Bom;Seca;Meio de Quadra;SemÃ¡foro;Residencial;0;0;1;1;0;0;0;0;0;0;0;0;"-3;81576060000";"-38;56845500000";mq_match
360058;29;8;2020;3:12;11675;RUA PRO HERIBALDO COSTA;RUA DIOGO CORREIA;;;;ColisÃ£o Transversal;Via Iluminada;Bom;Seca;Cruz;Pare;Residencial;0;1;1;1;0;0;0;0;0;1;0;0;"-3;77099600000";"-38;59010200000";inter_match
360059;29;8;2020;7:36;0;AV PRS COSTA E SILVA;;;4135;;ColisÃ£o Traseira;Luz do Dia;Bom;NÃ£o informada;Meio de Quadra;NÃ£o HÃ¡ Controle;Residencial;0;2;0;0;0;0;0;0;0;1;0;0;"-3;82472394100";"-38;54344001900";mq_match
360061;29;8;2020;13:30;0;AV CARNEIRO DE MENDONCA;;;1294;;ColisÃ£o Lateral;Luz do Dia;Bom;Seca;Meio de Quadra;NÃ£o HÃ¡ Controle;Comercial;0;1;1;1;0;0;0;0;0;1;0;0;"-3;76203754000";"-38;57063080000";mq_qgis
360062;29;8;2020;14:13;8025;AV JOAO PESSOA;RUA PRO COSTA MENDES;;;;ColisÃ£o Traseira;Luz do Dia;Bom;Seca;Cruz;SemÃ¡foro;Comercial;0;1;0;1;0;0;0;0;0;1;0;0;"-3;75239300000";"-38;54944100000";inter_match
360063;29;8;2020;14:20;9449;AV MAJ ASSIS;RUA RAIMUNDO BIZARRIA;;;;Acidente Pessoal;Luz do Dia;Bom;Seca;Cruz;Pare;Residencial;0;1;0;0;0;0;0;0;0;1;0;0;"-3;72441900000";"-38;57926100000";inter_match
360064;29;8;2020;14:08;5039;AV ALBERTO NEPOMUCENO;RUA PESSOA ANTA;;0;;ColisÃ£o Lateral;Luz do Dia;Bom;Seca;Meio de Quadra;NÃ£o HÃ¡ Controle;Comercial;0;0;2;1;0;0;0;0;0;0;0;0;"-3;72125700000";"-38;52321200000";inter_match
360065;29;8;2020;12:40;13736;AV ROGACIANO LEITE;RUA PINDORAMA;;;;ColisÃ£o Transversal;Luz do Dia;Bom;Seca;Cruz;SemÃ¡foro;Comercial;0;1;1;1;0;0;0;0;0;1;0;0;"-3;77341600000";"-38;49898800000";inter_match
360066;29;8;2020;15:33;5161;RUA MAJ FACUNDO;RUA SEN ALENCAR;;;;ColisÃ£o;Luz do Dia;Bom;Seca;Cruz;Pare;Comercial;0;2;1;1;0;0;0;0;0;1;0;0;"-3;72511400000";"-38;52703300000";inter_match
360067;29;8;2020;19:45;0;AV VICENTE DE CASTRO;RUA INTERNA;;0;;ColisÃ£o Transversal;Via Iluminada;Bom;Seca;Meio de Quadra;NÃ£o HÃ¡ Controle;Comercial;0;0;2;1;0;0;0;0;0;0;0;0;"-3;71379000000";"-38;47333000000";inter_gpsv
359824;29;8;2020;20:40;7529;RUA PEDRO DANTAS;RUA CHICO MOTA;;;;ColisÃ£o;;;;Cruz;Pare;Residencial;0;0;1;0;0;0;0;0;0;1;0;0;"-3;78591400000";"-38;52190800000";inter_match
359825;29;8;2020;22:00;0;RUA VICENTE DE CASTRO;;;;;ColisÃ£o;;;;Meio de Quadra;;;0;0;3;1;0;0;1;0;0;0;0;0;;;
359826;29;8;2020;5:20;11675;RUA PRO HERIBALDO COSTA;RUA DIOGO CORREIA;;;;ColisÃ£o;Amanhecer;;;Cruz;Pare;Residencial;0;0;2;1;0;0;0;0;0;1;0;0;"-3;77099600000";"-38;59010200000";inter_match
359827;29;8;2020;9:55;0;RUA BAR ARATANHA;;;1353;;ColisÃ£o;Luz do Dia;;;Meio de Quadra;;;0;0;2;1;0;0;0;0;0;0;0;0;"-3;74474489000";"-38;53033810000";mq_qgis
359828;29;8;2020;13:45;7399;RUA SILVA BAIMA;RUA CEL MATOS DOURADO;;;;ColisÃ£o;Luz do Dia;;;Cruz;NÃ£o HÃ¡ Controle;Residencial;0;0;2;1;0;0;0;0;0;0;0;0;"-3;75523400000";"-38;58329300000";inter_match
360496;29;8;2020;10:35;0;RD BR 116;;;14300;KM-14;ColisÃ£o Frontal;Luz do Dia;;;Meio de Quadra;;;0;1;1;0;0;0;1;0;0;1;0;0;"-3;87352300000";"-38;49924200000";rod_match
360426;29;8;2020;18:20;0;RD CE-060;;;;KM-03;Atropelamento de Animal;Anoitecer;;;Meio de Quadra;;;0;1;0;0;0;0;0;0;0;1;0;0;"-3;84303800000";"-38;58513300000";rod_match
361921;29;8;2020;0:50;0;RUA C (CJ RESIDENCIAL UBIRATAN AGUIAR);;;258;;Queda;;;;Meio de Quadra;;;0;1;0;0;0;1;0;0;0;0;0;0;;;
361922;29;8;2020;2:06;10912;RUA PORTO VELHO;RUA JULIO MACIEL D35;;;;ColisÃ£o;;;;Cruz;Pare;Residencial;0;1;0;0;0;0;0;0;0;0;0;0;"-3;76945300000";"-38;58059700000";inter_match
361949;29;8;2020;11:50;0;RUA VITORIA (AV. PERIMETRAL);;;319;;ColisÃ£o;Luz do Dia;;;Meio de Quadra;;;0;1;0;0;0;0;0;0;0;0;0;0;;;
361924;29;8;2020;2:40;0;RUA ANTONIO GADELHA;;;145;;ColisÃ£o;;;;Meio de Quadra;;;0;1;0;0;0;0;0;0;0;0;0;0;"-3;83288975300";"-38;50430904000";mq_match
361925;29;8;2020;3:54;0;AV CASTELO DE CASTRO;;;200;;ColisÃ£o;;;;Meio de Quadra;;;0;1;0;0;0;0;0;0;0;0;0;0;"-3;83108350000";"-38;52149850000";mq_qgis
361926;29;8;2020;5:00;0;RUA AZEVEDO BOLAO;;;1440;;Queda;Amanhecer;;;Meio de Quadra;;;0;1;0;0;0;0;0;0;0;1;0;0;"-3;73652900000";"-38;55708800000";mq_qgis
361927;29;8;2020;7:15;0;AV L CJ JOSE WALTER;;;1900;;ColisÃ£o;Luz do Dia;;;Meio de Quadra;;;0;1;0;1;0;0;0;0;0;1;0;0;"-3;84130125000";"-38;56061490000";mq_qgis
361928;29;8;2020;9:49;0;RUA RUI MONTE;;;368;;ColisÃ£o;Luz do Dia;;;Meio de Quadra;;;0;2;0;1;0;0;0;0;0;1;0;0;"-3;74362000000";"-38;58724000000";mq_match
361929;29;8;2020;11:46;0;RUA CEL MATOS DOURADO;;;336;;ColisÃ£o;Luz do Dia;;;Meio de Quadra;;;0;1;0;1;0;0;0;0;0;0;0;0;"-3;74178900000";"-38;58514900000";mq_match
361894;29;8;2020;19:41;0;RUA MANOEL B DOS SANTOS;;;1500;;Queda;;;;Meio de Quadra;;;0;2;0;0;0;0;0;0;0;1;0;0;;;
361885;29;8;2020;21:52;0;AV FRANCISCO SA;;;6434;;Atropelamento;;;;Meio de Quadra;;;0;1;0;0;0;0;0;0;0;1;0;0;"-3;70899594000";"-38;58166220000";mq_qgis
361886;29;8;2020;19:57;0;RUA ROMEU MARTINS;;;633;;Queda;;;;Meio de Quadra;;;0;1;0;0;0;1;0;0;0;0;0;0;"-3;76589200000";"-38;55321800000";mq_qgis
361887;29;8;2020;19:42;0;RUA ALBERTO MAGNO;;;;;ColisÃ£o;;;;Meio de Quadra;;;0;2;0;1;0;0;0;0;0;1;0;0;;;
361959;29;8;2020;14:33;0;AV DA INDEPENDENCIA;;;1839;;ColisÃ£o;Luz do Dia;;;Meio de Quadra;;;0;1;0;1;0;0;0;0;0;1;0;0;"-3;72537700000";"-38;59616600000";mq_qgis
361933;29;8;2020;19:22;0;RUA COS ESTELITA;;;1441;;ColisÃ£o;;;;Meio de Quadra;;;0;1;0;0;0;0;0;0;0;1;0;0;;;
361966;29;8;2020;15:43;0;RUA PEDRO DANTAS;;;474;;ColisÃ£o;Luz do Dia;;;Meio de Quadra;;;0;1;0;1;0;0;0;0;0;1;0;0;"-3;78591809000";"-38;52188530000";mq_qgis
361968;29;8;2020;16:06;0;RUA SEN ALMIR PINTO;;;87;;ColisÃ£o;Luz do Dia;;;Meio de Quadra;;;0;1;0;1;0;0;0;0;0;1;0;0;"-3;72590608000";"-38;52555040000";mq_qgis
361969;29;8;2020;16:22;0;RUA CEL VIRGILIO NOGUEIRA (BOM JARDIM);;;880;;ColisÃ£o;Luz do Dia;;;Meio de Quadra;;;0;1;0;0;0;0;0;0;0;1;0;0;;;
361970;29;8;2020;17:45;0;RUA CON DE CASTRO;;;5582;;ColisÃ£o;Anoitecer;;;Meio de Quadra;;;0;1;0;0;0;0;0;0;0;1;0;0;"-3;81220000000";"-38;59760100000";mq_match
361971;29;8;2020;17:52;0;AV ALBERTO CRAVEIRO;;;;;ColisÃ£o;Anoitecer;;;Meio de Quadra;;;0;1;0;1;0;0;0;0;0;1;0;0;;;
361979;29;8;2020;18:20;0;RUA VITORIA (AV. PERIMETRAL);;;228;;ColisÃ£o;Anoitecer;;;Meio de Quadra;;;0;1;0;1;0;0;0;0;0;1;0;0;;;
361988;29;8;2020;18:28;0;AV ALM BARROSO;;;521;;Atropelamento;Anoitecer;;;Meio de Quadra;;;0;1;0;1;0;0;0;0;0;0;0;0;"-3;72062787000";"-38;51845150000";mq_qgis
361989;29;8;2020;18:29;0;RUA SAO GERARDO (C. PORTO);;;670;;Atropelamento;Anoitecer;;;Meio de Quadra;;;0;1;0;1;0;0;0;0;0;0;0;0;;;
362002;29;8;2020;18:48;0;RUA ENG LUIS MONTENEGRO;;;691;;Queda;;;;Meio de Quadra;;;0;1;0;0;0;0;0;0;0;1;0;0;;;
362012;29;8;2020;19:04;0;RUA MARCOS MACEDO;;;919;;ColisÃ£o;;;;Meio de Quadra;;;0;1;0;1;0;0;0;0;0;1;0;0;"-3;73561516000";"-38;49355080000";mq_qgis
362020;29;8;2020;19:12;0;RUA JOAQUIM B DOS SANTOS;;;1496;;ColisÃ£o;;;;Meio de Quadra;;;0;2;0;1;0;0;0;0;0;1;0;0;;;
362024;29;8;2020;19:31;0;RUA 16 CJ JOSE WALTER;;;;;ColisÃ£o;;;;Meio de Quadra;;;0;1;1;1;0;1;0;0;0;0;0;0;;;
361880;30;8;2020;3:07;0;AV MAJ ASSIS;;;2420;;ColisÃ£o;;;;Meio de Quadra;;;0;1;0;1;0;0;0;0;0;1;0;0;"-3;72006100000";"-38;60236700000";mq_qgis
361881;30;8;2020;2:46;0;RUA CONEGUNDES RODRIGUES;;;171;;ColisÃ£o;;;;Meio de Quadra;;;0;1;0;1;0;0;0;0;0;1;0;0;"-3;76040385000";"-38;54206840000";mq_qgis
361882;30;8;2020;1:11;0;AV ALBERTO NEPOMUCENO;;;10;;Queda;;;;Meio de Quadra;;;0;1;0;0;0;0;0;0;0;1;0;0;"-3;72125700000";"-38;52321200000";mq_qgis
361883;30;8;2020;1:08;0;RUA ANTERO QUENTAL;;;1014;;Queda;;;;Meio de Quadra;;;0;2;0;0;0;0;0;0;0;1;0;0;;;
361822;30;8;2020;3:30;0;RUA MOURA MATOS;;;1625;;Choque c/ ObstÃ¡culo Fixo;;;;Meio de Quadra;;;1;0;1;0;0;0;0;0;0;1;0;0;"-3;81156300000";"-38;54449700000";mq_qgis
361784;30;8;2020;11:53;0;RUA BETEL;;;;;Atropelamento;Luz do Dia;;;Meio de Quadra;;;0;1;0;1;0;0;0;0;0;0;0;0;;;
361789;30;8;2020;8:41;0;RUA JOSE ARAGAO;;;69;;ColisÃ£o;Luz do Dia;;;Meio de Quadra;;;0;1;0;0;0;0;0;0;0;1;0;0;;;
361786;30;8;2020;11:31;0;RUA PEDRO ARTUR;;;757;;ColisÃ£o;Luz do Dia;;;Meio de Quadra;;;0;1;0;1;0;0;0;0;0;1;0;0;"-3;71306800000";"-38;55281100000";mq_match
361787;30;8;2020;9:34;9168;AV LUCIANO CARNEIRO;AV BORGES DE MELO;;;;Queda;Luz do Dia;;;Cruz;SemÃ¡foro;Comercial;0;2;0;0;0;0;0;0;0;1;0;0;"-3;75646500000";"-38;53409700000";inter_match
361772;30;8;2020;15:50;19657;RUA PRO RAIMUNDO ARRUDA;AV BEZERRA DE MENEZES;;;;Queda;Luz do Dia;;;Cruz;SemÃ¡foro;Comercial;0;1;0;0;0;0;0;0;0;1;0;0;"-3;73312600000";"-38;55214800000";inter_match
361773;30;8;2020;14:08;0;AV MOZART PINHEIRO DE LUCENA;;;2953;;Atropelamento;Luz do Dia;;;Meio de Quadra;;;0;1;0;1;0;0;0;0;0;0;0;0;"-3;72989643000";"-38;59898670000";mq_qgis
361774;30;8;2020;13:54;0;RUA EMILIO DE MENESES;;;2259;;ColisÃ£o;Luz do Dia;;;Meio de Quadra;;;0;1;0;1;0;0;0;0;0;1;0;0;"-3;77791730000";"-38;60105290000";mq_qgis
361775;30;8;2020;13:41;0;TR JULIO PINTO;;;1946;;ColisÃ£o;Luz do Dia;;;Meio de Quadra;;;0;1;0;1;0;0;0;0;0;1;0;0;;;
361776;30;8;2020;13:21;0;AV PRS COSTA E SILVA;;;4101;;ColisÃ£o;Luz do Dia;;;Meio de Quadra;;;0;1;0;0;0;0;0;0;0;0;0;0;"-3;82467800000";"-38;54357500000";mq_match
361767;30;8;2020;16:29;1225;RUA COSTA BARROS;RUA ILDEFONSO ALBANO;;;;ColisÃ£o;Luz do Dia;;;Cruz;SemÃ¡foro;Comercial;0;1;0;1;1;0;0;0;0;0;0;0;"-3;73013500000";"-38;51222700000";inter_match
361740;30;8;2020;16:48;0;AV ENG SANTANA JUNIOR;;;2600;;Queda;Luz do Dia;;;Meio de Quadra;;;0;1;0;0;0;0;0;0;0;1;0;0;"-3;74437550000";"-38;48843750000";mq_qgis
361738;30;8;2020;17:06;0;RUA DUARTE COELHO;;;1581;;Queda;Anoitecer;;;Meio de Quadra;;;0;1;0;0;0;0;0;0;0;1;0;0;;;
361736;30;8;2020;17:59;0;RUA STA ELISA D21;;;851;;Queda;Anoitecer;;;Meio de Quadra;;;0;1;0;0;0;0;0;0;0;1;0;0;"-3;70603600000";"-38;56077307000";mq_match
361734;30;8;2020;18:15;0;RUA BERNARDO MANUEL;;;13571;;ColisÃ£o;Anoitecer;;;Meio de Quadra;;;0;1;0;0;0;0;0;0;0;0;0;0;"-3;83650260000";"-38;56296880000";mq_qgis
361732;30;8;2020;18:38;0;RUA NICOLAU COELHO;;;286;;ColisÃ£o;;;;Meio de Quadra;;;0;1;0;0;0;0;0;0;0;1;0;0;"-3;81294246000";"-38;49219790000";mq_qgis
361721;30;8;2020;20:22;0;AV PRS CASTELO BRANCO;;;901;;Queda;;;;Meio de Quadra;;;0;1;0;0;0;0;0;0;0;1;0;0;"-3;71976091900";"-38;53134654000";mq_match
361722;30;8;2020;19:30;0;RUA ANTONIO NERY;;;774;;ColisÃ£o;;;;Meio de Quadra;;;0;1;0;1;0;0;0;0;0;1;0;0;"-3;77998200000";"-38;60070600000";mq_qgis
361723;30;8;2020;19:23;0;RUA NICOLAU COELHO;;;286;;ColisÃ£o;;;;Meio de Quadra;;;0;1;0;0;0;0;0;0;0;0;0;0;"-3;81294246000";"-38;49219790000";mq_qgis
361724;30;8;2020;19:10;0;RUA DOM CARLOTO TAVORA;;;26;;Queda;;;;Meio de Quadra;;;0;0;1;0;0;1;0;0;0;0;0;0;"-3;76886569000";"-38;55953920000";mq_qgis
361700;30;8;2020;22:48;0;RUA COS LAFAYETE;;;712;;ColisÃ£o;;;;Meio de Quadra;;;0;1;0;1;0;0;0;0;0;1;0;0;"-3;71784307000";"-38;58434890000";mq_qgis
361701;30;8;2020;21:59;0;RUA JAIME BENEVOLO;;;133;;ColisÃ£o;;;;Meio de Quadra;;;0;2;0;1;0;0;0;0;0;1;0;0;"-3;73260000000";"-38;52555000000";mq_gpsv
360720;30;8;2020;20:00;5366;AV DUQ CAXIAS;RUA SEN POMPEU;;;;ColisÃ£o Lateral;Via Iluminada;Bom;Seca;Cruz;SemÃ¡foro;Comercial;0;1;1;1;0;0;0;0;0;1;0;0;"-3;73143000000";"-38;53099400000";inter_match
360497;30;8;2020;0:30;0;RD BR 116;;;7000;KM-07;ColisÃ£o Traseira;;;;Meio de Quadra;;;0;1;1;1;0;0;0;0;0;0;0;0;"-3;78627635900";"-38;51156140000";rod_match
359830;30;8;2020;8:40;0;AV PRS CASTELO BRANCO;;;;;Choque c/ ObstÃ¡culo Fixo;Luz do Dia;;;Meio de Quadra;;;0;0;1;0;0;0;0;0;0;0;0;0;;;
359831;30;8;2020;17:30;5413;RUA GAL SAMPAIO;RUA METON DE ALENCAR;;;;ColisÃ£o;Anoitecer;;;Cruz;SemÃ¡foro;Escola;0;0;2;1;0;0;0;0;0;1;0;0;"-3;73303300000";"-38;53260000000";inter_match
359832;30;8;2020;3:34;2830;AV GAL OSORIO DE PAIVA;RUA OSCAR FRANCA;;;;ColisÃ£o;Amanhecer;;;T;SemÃ¡foro;Comercial;0;0;2;1;0;0;0;0;0;0;0;0;"-3;79447300000";"-38;59211300000";inter_match
360069;30;8;2020;8:30;25134;RUA VALMIR PONTES;RUA FRANCISCO SEGUNDO DA COSTA;;;;Choque c/ ObstÃ¡culo Fixo;Luz do Dia;Bom;Seca;T;NÃ£o HÃ¡ Controle;Escola;0;1;0;1;0;0;0;0;0;0;0;0;"-3;77130340000";"-38;47957600000";inter_match
360070;30;8;2020;7:00;14339;RUA GAL SAMPAIO;AV PRS CASTELO BRANCO;;;;Queda;Luz do Dia;Bom;Seca;Outros;Outros;Comercial;0;1;0;0;0;0;0;0;0;1;0;0;"-3;70340000000";"-38;58035000000";inter_gpsv
360071;30;8;2020;16:25;735;AV DR THEBERGE;AV TEN LISBOA;;;;ColisÃ£o Lateral;Luz do Dia;Bom;Seca;Cruz;Pare;Comercial;0;1;1;1;0;0;0;0;0;1;0;0;"-3;72071100000";"-38;56694200000";inter_match
360072;30;8;2020;17:24;5413;RUA GAL SAMPAIO;RUA METON DE ALENCAR;;;;NÃ£o Informado;Luz do Dia;Bom;Seca;Outros;DÃª PreferÃªncia;Comercial;0;1;1;1;0;0;0;0;0;1;0;0;"-3;73303300000";"-38;53260000000";inter_match
360073;30;8;2020;16:42;1225;RUA COSTA BARROS;RUA ILDEFONSO ALBANO;;;;ColisÃ£o;Luz do Dia;Bom;Seca;Cruz;SemÃ¡foro;Comercial;0;0;2;1;1;0;0;0;0;0;0;0;"-3;73013500000";"-38;51222700000";inter_match
360075;31;8;2020;2:34;5925;AV C CJ CEARA;RUA 406 CJ CEARA;;;;ColisÃ£o Transversal;Via Iluminada;Bom;Seca;T;Pare;Residencial;0;1;1;0;0;0;0;0;0;1;0;0;"-3;85636000000";"-38;51835000000";inter_gpsv
360076;31;8;2020;7:42;5340;AV DUQ CAXIAS;RUA VINTE E QUATRO DE MAIO;;0;;NÃ£o Informado;Luz do Dia;Bom;Seca;Cruz;SemÃ¡foro;Comercial;0;0;1;1;0;0;0;0;0;0;0;0;"-3;73070800000";"-38;53323000000";inter_match
360077;31;8;2020;7:40;5127;RUA GAL SAMPAIO;RUA SEN ALENCAR;;;;ColisÃ£o Transversal;Luz do Dia;Bom;Seca;Cruz;SemÃ¡foro;Comercial;0;1;1;1;1;0;0;0;0;0;0;0;"-3;72419200000";"-38;52998400000";inter_match
360078;31;8;2020;6:00;25527;RUA ANTENOR ROCHA ALEXANDRE;RUA REPUBLICA ARMENIA;;0;;ColisÃ£o Transversal;Luz do Dia;Bom;Seca;Cruz;Pare;Comercial;0;0;1;1;0;0;0;0;0;1;0;0;"-3;79204100000";"-38;48114900000";inter_match
360079;31;8;2020;8:45;26228;RUA ANTENOR ROCHA ALEXANDRE;RUA NUBIA BARROCAS;;0;;ColisÃ£o Transversal;Luz do Dia;Bom;Seca;Cruz;Pare;Comercial;0;2;0;1;0;0;0;0;0;1;0;0;"-3;79212500000";"-38;48196400000";inter_match
360080;31;8;2020;9:54;2144;RUA PERI;RUA SAUDARIA;;;;ColisÃ£o Transversal;Luz do Dia;Bom;Seca;Cruz;NÃ£o HÃ¡ Controle;Residencial;0;1;1;1;0;0;0;0;0;1;0;0;"-3;70045000000";"-38;58525000000";inter_gpsv
360081;31;8;2020;10:37;0;RUA MAJ FACUNDO;;;2140;;NÃ£o Informado;Luz do Dia;Bom;Seca;Meio de Quadra;NÃ£o HÃ¡ Controle;Residencial;0;0;2;1;0;0;0;0;0;0;0;0;"-3;74158000000";"-38;53234800000";mq_qgis
360082;31;8;2020;13:35;1561;AV SEN VIRGILIO TAVORA;AV PDE ANTONIO TOMAS;;;;ColisÃ£o Transversal;Luz do Dia;Bom;NÃ£o informada;Cruz;SemÃ¡foro;Comercial;0;0;1;1;0;0;0;0;0;1;0;0;"-3;74176000000";"-38;49474900000";inter_match
360083;31;8;2020;15:25;3219;RUA ANSELMO NOGUEIRA;RUA EMILIO DE MENESES;;;;Choque c/ ObstÃ¡culo Fixo;Luz do Dia;Bom;Seca;Cruz;SemÃ¡foro;Comercial;0;0;1;0;0;0;0;0;0;0;0;0;"-3;78176000000";"-38;58737400000";inter_match
360084;31;8;2020;16:17;10417;RUA ALVES BATISTA;RUA LUIZ MARIANO;;;;ColisÃ£o Transversal;Luz do Dia;Bom;Seca;Cruz;Pare;Residencial;0;1;1;1;0;1;0;0;0;0;0;0;"-3;76166600000";"-38;60153400000";inter_match
360086;31;8;2020;13:10;0;AV ALBERTO CRAVEIRO;;;0;;ColisÃ£o Lateral;Luz do Dia;Bom;Seca;Meio de Quadra;DÃª PreferÃªncia;Comercial;0;1;1;1;1;0;0;0;0;0;0;0;"-3;80635290000";"-38;52383000000";mq_match
360087;31;8;2020;18:57;3209;RUA ANSELMO NOGUEIRA;RUA VITAL BRASIL;;;;ColisÃ£o Transversal;Via Iluminada;Bom;Seca;Cruz;SemÃ¡foro;Comercial;0;1;1;1;0;0;0;0;0;1;0;0;"-3;78096080000";"-38;58714000000";inter_match
360088;31;8;2020;18:00;0;AV ROGACIANO LEITE;;;2001;;Atropelamento;Via Iluminada;Bom;Seca;Meio de Quadra;SemÃ¡foro;Residencial;0;1;1;0;0;0;0;0;0;1;0;0;"-3;77206500000";"-38;49855100000";mq_match
360090;31;8;2020;19:40;0;AV PRS COSTA E SILVA;;;5559;;Atropelamento;Via Iluminada;Bom;Seca;Meio de Quadra;NÃ£o HÃ¡ Controle;Comercial;0;1;1;0;1;0;0;0;0;0;0;0;"-3;82830000000";"-38;53167000000";mq_gpsv
360427;31;8;2020;12:40;0;RD CE-025;;;;KM-01;ColisÃ£o;Luz do Dia;;;Meio de Quadra;;;0;0;2;1;0;0;1;0;0;0;0;0;"-3;80781144300";"-38;47004860000";rod_match
360428;31;8;2020;18:50;0;RD CE-040;;;;KM-02;ColisÃ£o;;;;Meio de Quadra;;;0;0;2;1;0;0;0;0;0;0;0;0;"-3;77361614800";"-38;48179940000";rod_match
360095;31;8;2020;8:37;12577;AV MAJ ASSIS;RUA PDE TEODORO (QUNTINO CUNHA);;;;Queda;Luz do Dia;Bom;Seca;Cruz;Pare;Comercial;0;1;0;0;0;0;0;0;0;1;0;0;"-3;72322100000";"-38;59052600000";inter_match
360673;31;8;2020;8:30;15217;RUA TIBURCIO CAVALCANTE;RUA SILVA JATAHY;;;;ColisÃ£o Transversal;Luz do Dia;Bom;Seca;Cruz;Pare;Residencial;0;0;2;1;0;0;0;0;0;1;0;0;"-3;72707100000";"-38;49973200000";inter_match
361632;31;8;2020;13:10;0;AV SANTOS DUMONT;;;7580;;ColisÃ£o;Luz do Dia;;;Meio de Quadra;;;0;1;0;1;0;0;0;0;0;1;0;0;"-3;74662850000";"-38;46615700000";mq_match
361685;31;8;2020;7:28;0;AV GOV PARSIFAL BARROSO;;;109;;ColisÃ£o;Luz do Dia;;;Meio de Quadra;;;0;1;0;0;0;0;0;0;0;1;0;0;"-3;72888000000";"-38;56919000000";mq_gpsv
361686;31;8;2020;7:29;0;RUA DOM PEDRO II;;;;;ColisÃ£o;Luz do Dia;;;Meio de Quadra;;;0;1;0;1;0;0;0;0;0;1;0;0;;;
361687;31;8;2020;7:36;0;RUA ELDORADO;;;1122;;Outros;Luz do Dia;;;Meio de Quadra;;;0;1;0;0;0;0;0;0;0;1;0;0;"-3;82018000000";"-38;52290000000";mq_gpsv
361693;31;8;2020;7:53;15217;RUA TIBURCIO CAVALCANTE;RUA SILVA JATAHY;;;;ColisÃ£o;Luz do Dia;;;Cruz;Pare;Residencial;0;1;0;1;0;0;0;0;0;1;0;0;"-3;72707100000";"-38;49973200000";inter_match
361694;31;8;2020;8:15;12577;AV MAJ ASSIS;RUA PDE TEODORO (QUNTINO CUNHA);;;;Atropelamento;Luz do Dia;;;Cruz;Pare;Comercial;0;1;0;0;0;0;0;0;0;1;0;0;"-3;72322100000";"-38;59052600000";inter_match
361695;31;8;2020;8:31;0;AV PRS COSTA E SILVA;;;2257;;ColisÃ£o;Luz do Dia;;;Meio de Quadra;;;0;1;0;0;0;0;0;0;0;0;0;0;"-3;81963100000";"-38;56145460000";mq_qgis
361696;31;8;2020;9:59;0;RUA ANTENOR ROCHA ALEXANDRE;;;561;;ColisÃ£o;Luz do Dia;;;Meio de Quadra;;;0;1;0;0;0;0;0;0;0;1;0;0;"-3;79204938000";"-38;48130850000";mq_qgis
361697;31;8;2020;9:57;0;RUA CEL MOZART GONDIM;;;1506;;ColisÃ£o;Luz do Dia;;;Meio de Quadra;;;0;1;0;1;0;0;0;0;0;1;0;0;"-3;73387950000";"-38;55887550000";mq_qgis