COD_ACIDENTE;DIA;MES;ANO;HORA;INTERSECAO;LOG1;LOG2;LOG3;NUMERO;REFERENCIA;NATUREZA;ILUMINACAO;TEMPO;SUPERFICIEPISTA;TIPOCRUZAMENTO;CONTROLETRAFEGO;USOSOLO;MORTOS;FERIDOS;ILESOS;AUTOMOVEL;ONIBUS;BICICLETA;CAMINHAO;MICROONIBUS;CICLOMOTOR;MOTOCICLETA;TRACAOANIMAL;TREM;LATITUDE;LONGITUDE;METODO
361698;31;8;2020;9:13;0;RUA PERI;;;1061;;ColisÃ£o;Luz do Dia;;;Meio de Quadra;;;0;1;0;1;0;0;0;0;0;1;0;0;"-3;70041000000";"-38;58498000000";mq_gpsv
361699;31;8;2020;22:59;0;AV GOV RAUL BARBOSA;;;175;;Queda;Luz do Dia;;;Meio de Quadra;;;0;1;0;0;0;0;0;0;0;1;0;0;"-3;75637000000";"-38;50436000000";mq_gpsv
361682;31;8;2020;7:00;0;AV DUQ CAXIAS;;;;;Atropelamento;Luz do Dia;;;Meio de Quadra;;;0;1;0;0;0;0;0;0;0;0;0;0;;;
361680;31;8;2020;5:30;0;RUA ANTENOR ROCHA ALEXANDRE;;;1190;;ColisÃ£o;Amanhecer;;;Meio de Quadra;;;1;0;1;1;0;0;0;0;0;1;0;0;"-3;79196900000";"-38;48043000000";fat_match
361678;31;8;2020;1:30;0;AL VERDE 2;;;44;;ColisÃ£o;;;;Meio de Quadra;;;0;1;0;1;0;0;0;0;0;1;0;0;"-3;81629000000";"-38;57223000000";mq_gpsv
361674;31;8;2020;10:56;0;RUA GERMANO FRANCK;;;860;;ColisÃ£o;Luz do Dia;;;Meio de Quadra;;;0;1;0;1;0;0;0;0;0;1;0;0;"-3;77833060000";"-38;56320600000";mq_match
361634;31;8;2020;13:01;0;RUA JOSE PONTES;;;233;;ColisÃ£o;Luz do Dia;;;Meio de Quadra;;;0;1;0;1;0;0;0;0;0;1;0;0;"-3;72383000000";"-38;55057000000";mq_gpsv
361635;31;8;2020;12:54;0;AV ANTONIO JUSTA;;;;;ColisÃ£o;Luz do Dia;;;Meio de Quadra;;;0;1;0;1;0;0;0;0;0;1;0;0;;;
361629;31;8;2020;15:17;0;RUA HOLANDA;;;2055;;ColisÃ£o;Luz do Dia;;;Meio de Quadra;;;0;1;0;1;0;0;0;0;0;1;0;0;"-3;80701000000";"-38;55720000000";mq_gpsv
361630;31;8;2020;14:17;0;TR CAP ARAGAO;;;701;;ColisÃ£o;Luz do Dia;;;Meio de Quadra;;;0;1;0;1;0;0;0;0;0;1;0;0;;;
361638;31;8;2020;11:34;0;RUA OSCAR FRANCA;;;1773;;ColisÃ£o;Luz do Dia;;;Meio de Quadra;;;0;1;0;1;0;0;0;0;0;1;0;0;"-3;78949600000";"-38;60698800000";mq_qgis
361642;31;8;2020;11:14;0;AV ALBERTO CRAVEIRO;;;;;ColisÃ£o;Luz do Dia;;;Meio de Quadra;;;0;3;0;0;0;0;0;0;0;0;0;0;;;
361649;31;8;2020;11:12;0;TR CAP ARAGAO;;;509;;ColisÃ£o;Luz do Dia;;;Meio de Quadra;;;0;1;0;0;0;0;0;0;0;0;0;0;;;
361618;31;8;2020;15:34;0;AV CASTELO DE CASTRO;;;;;ColisÃ£o;Luz do Dia;;;Meio de Quadra;;;0;1;0;0;0;0;0;0;0;0;0;0;;;
361613;31;8;2020;16:55;0;AV BEZERRA DE MENEZES;;;;;ColisÃ£o;Luz do Dia;;;Meio de Quadra;;;0;1;0;1;0;0;0;0;0;1;0;0;;;
361614;31;8;2020;16:54;9126;RD BR 116;AV VIS RIO BRANCO;;;;Atropelamento;Luz do Dia;;;Y;NÃ£o HÃ¡ Controle;Comercial;0;1;0;0;0;0;0;0;0;1;0;0;"-3;75867300000";"-38;51941700000";inter_match
361615;31;8;2020;15:54;17362;AV JOSE DO PATROCINIO;RUA VENEZUELA;;;;ColisÃ£o;Luz do Dia;;;Cruz;Pare;Residencial;0;1;0;1;0;0;0;0;0;1;0;0;"-3;76617800000";"-38;54693200000";inter_match
361611;31;8;2020;17:00;0;AV MACIEL BEZERRA;;;1759;;ColisÃ£o;Anoitecer;;;Meio de Quadra;;;0;1;0;1;0;0;0;0;0;1;0;0;"-3;80641000000";"-38;62969000000";mq_gpsv
361609;31;8;2020;17:02;23846;AV CESAR CALS;RUA PRO ALVARO COSTA;;;;ColisÃ£o;Anoitecer;;;Cruz;NÃ£o HÃ¡ Controle;Residencial;0;1;0;1;0;0;0;0;0;1;0;0;"-3;72260000000";"-38;46364100000";inter_match
361607;31;8;2020;17:04;0;RUA CEL VIRGILIO NOGUEIRA (BOM JARDIM);;;;;ColisÃ£o;Anoitecer;;;;;;0;1;0;1;0;0;0;0;0;1;0;0;;;
361603;31;8;2020;17:21;0;AV MAE LISBOA;;;;;ColisÃ£o;Anoitecer;;;Meio de Quadra;;;0;1;0;1;0;0;1;0;0;0;0;0;;;
361599;31;8;2020;17:34;0;RD CE-040;;;2530;;ColisÃ£o;Anoitecer;;;Meio de Quadra;;;0;2;0;1;0;0;0;0;0;1;0;0;"-3;84856500000";"-38;47674200000";rod_match
361593;31;8;2020;18:06;0;AV PRS COSTA E SILVA;;;;;Atropelamento;Anoitecer;;;Meio de Quadra;;;0;1;0;0;1;0;0;0;0;0;0;0;;;
361594;31;8;2020;17:56;0;AV DR SILAS MUNGUBA;;;589;;ColisÃ£o;Anoitecer;;;Meio de Quadra;;;0;2;0;0;0;0;0;0;0;0;0;0;"-3;77940000000";"-38;56053000000";mq_gpsv
361589;31;8;2020;19:09;0;RUA CAIO CID;;;350;;ColisÃ£o;;;;;;;0;1;0;1;0;0;0;0;0;1;0;0;"-3;77357100000";"-38;48469400000";mq_qgis
361586;31;8;2020;18:16;11695;RUA DECIO DE CASTRO;RUA BUENO;;;;ColisÃ£o;Anoitecer;;;;;;0;1;0;1;0;0;0;0;0;1;0;0;"-3;77175000000";"-38;59302000000";inter_gpsv
361573;31;8;2020;23:30;12384;RUA PLUTAO;RUA RIO GRANDE DO SUL;;;;ColisÃ£o;;;;Cruz;Pare;Comercial;0;1;0;0;0;0;0;0;0;0;0;0;"-3;76431300000";"-38;57107100000";inter_match
361574;31;8;2020;21:14;0;AV DUQ CAXIAS;;;1511;;Queda;;;;Meio de Quadra;;;0;2;0;0;0;0;0;0;0;1;0;0;"-3;72933500000";"-38;53745200000";mq_match
361583;31;8;2020;18:36;0;AV 20 DE JANEIRO;;;2007;;ColisÃ£o;;;;Meio de Quadra;;;0;1;0;1;0;0;0;0;0;1;0;0;"-3;70439200000";"-38;58396300000";mq_qgis
361581;31;8;2020;18:46;7634;AV CARNEIRO DE MENDONCA;RUA MINAS GERAIS;;;;;;;;Outros;Gesto;NÃ£o Informado;0;1;0;1;0;0;0;0;0;1;0;0;"-3;76279800000";"-38;56920000000";inter_match
361578;31;8;2020;19:23;0;AV DOMINGOS OLIMPIO;;;1190;;Queda;;;;Meio de Quadra;;;0;1;0;0;0;1;0;0;0;0;0;0;"-3;73559400000";"-38;53421600000";mq_qgis
361579;31;8;2020;18:48;0;RUA ANSELMO NOGUEIRA;;;322;;ColisÃ£o;;;;Meio de Quadra;;;0;1;0;1;0;0;0;0;0;1;0;0;"-3;78107200000";"-38;58718100000";mq_qgis
361576;31;8;2020;20:09;0;AV MR HULL;;;3220;;Queda;;;;Meio de Quadra;;;0;2;0;0;0;0;0;0;0;1;0;0;"-3;73727400000";"-38;57409300000";mq_match
361595;1;9;2020;5:56;0;AV 13 DE MAIO;;;1806;;Atropelamento;Amanhecer;;;Meio de Quadra;;;0;1;0;0;0;0;0;0;0;1;0;0;"-3;74546534600";"-38;53385223100";mq_match
361592;1;9;2020;1:11;0;RUA STO INACIO D04;;;101;;Queda;;;;Meio de Quadra;;;0;1;0;0;0;0;0;0;0;1;0;0;"-3;82225000000";"-38;62735000000";mq_gpsv
361600;1;9;2020;8:01;0;RUA POMPILIO GOMES;;;1188;;ColisÃ£o;Luz do Dia;;;Meio de Quadra;;;0;1;1;1;0;0;0;0;0;1;0;0;"-3;82490900000";"-38;52111800000";mq_match
361598;1;9;2020;6:23;0;RD BR 116;;;;VIADUTO MESSEJANA;ColisÃ£o;Luz do Dia;;;Meio de Quadra;;;0;1;1;1;0;0;0;0;0;1;0;0;"-3;83115400000";"-38;50480300000";ref_gpsv
361604;1;9;2020;8:49;0;RUA MANUEL MOURA;;;326;;Outros;Luz do Dia;;;Meio de Quadra;;;0;1;0;0;0;0;0;0;0;1;0;0;;;
361606;1;9;2020;8:57;0;RD BR 116;;;1000;KM-05;ColisÃ£o;Luz do Dia;;;Meio de Quadra;;;0;1;0;0;0;0;0;0;0;0;0;0;"-3;79650200000";"-38;50678700000";rod_match
361612;1;9;2020;10:22;5357;RUA MAJ FACUNDO;RUA PEDRO I;;;;ColisÃ£o;Luz do Dia;;;Cruz;Pare;Comercial;0;1;1;1;0;0;0;0;0;1;0;0;"-3;73111300000";"-38;52899000000";inter_match
361620;1;9;2020;10:24;0;AV SGT HERMINIO SAMPAIO;;;3310;;ColisÃ£o;Luz do Dia;;;Meio de Quadra;;;0;1;0;0;0;0;0;0;0;0;0;0;"-3;72817950000";"-38;57054310000";mq_match
361621;1;9;2020;11:44;0;RUA VITAL BRASIL;;;1436;;ColisÃ£o;Luz do Dia;;;Meio de Quadra;;;0;1;1;1;0;0;0;0;0;1;0;0;"-3;77917400000";"-38;59388400000";mq_match
361622;1;9;2020;12:13;1036;RUA JOAQUIM FROTA;RUA MIN ABNER VASCONCELOS;;;;ColisÃ£o;Luz do Dia;;;;;;0;1;1;1;0;1;0;0;0;0;0;0;"-3;80184000000";"-38;47853000000";inter_gpsv
361623;1;9;2020;14:12;0;RUA BERNARDO PORTO;;;497;;Queda;Luz do Dia;;;Meio de Quadra;;;0;1;0;0;0;1;0;0;0;0;0;0;"-3;72036376000";"-38;55750340000";mq_qgis
361625;1;9;2020;15:46;0;RUA OSVALDO CRUZ (ALDEOTA);;;2585;;ColisÃ£o;Luz do Dia;;;Meio de Quadra;;;0;1;1;1;0;1;0;0;0;0;0;0;"-3;74827217000";"-38;50440420000";mq_qgis
361650;1;9;2020;20:56;0;AV DUQ CAXIAS;;;2038;;Queda;;;;Meio de Quadra;;;0;1;0;0;0;0;0;0;0;1;0;0;"-3;72775082600";"-38;54236395700";mq_match
361655;1;9;2020;23:52;1514;RUA PRO DIAS DA ROCHA;RUA EDUARDO GARCIA;;;;ColisÃ£o;;;;Cruz;Pare;Residencial;0;2;0;0;0;0;0;0;0;1;0;0;"-3;74010300000";"-38;49313900000";inter_match
361640;1;9;2020;18:09;14711;RUA JOAO AREAS;RUA SUICA;;;;ColisÃ£o;Anoitecer;;;Cruz;NÃ£o HÃ¡ Controle;Residencial;0;1;1;1;0;0;0;0;0;1;0;0;"-3;79389500000";"-38;57603600000";inter_match
361645;1;9;2020;18:16;0;AV PRS COSTA E SILVA;;;;;Queda;Anoitecer;;;Meio de Quadra;;;0;1;0;0;0;0;0;0;0;1;0;0;;;
361646;1;9;2020;19:27;0;AV SEN FERNANDES TAVORA;;;;;ColisÃ£o;;;;Meio de Quadra;;;0;2;0;0;0;0;0;0;0;0;0;0;;;
361647;1;9;2020;19:38;0;AV FRE CIRILO;;;;;ColisÃ£o;;;;Meio de Quadra;;;0;2;0;1;0;0;0;0;0;1;0;0;;;
361648;1;9;2020;20:33;0;AV GAL OSORIO DE PAIVA;;;4;;Queda;;;;Meio de Quadra;;;0;1;0;0;0;1;0;0;0;0;0;0;"-3;77130100000";"-38;56171300000";mq_qgis
361631;1;9;2020;16:56;0;AV GOV LEONEL BRIZOLA;;;210;;Queda;Luz do Dia;;;Meio de Quadra;;;0;1;0;0;0;0;0;0;0;1;0;0;;;
361627;1;9;2020;15:51;0;AV MR HULL;;;;;ColisÃ£o;Luz do Dia;;Seca;Meio de Quadra;;;0;2;0;1;0;0;0;0;0;1;0;0;;;
361628;1;9;2020;16:48;0;RUA DIONISIO ALENCAR FILHO;;;;;Atropelamento;Luz do Dia;;;Meio de Quadra;;;0;1;0;1;0;0;0;0;0;0;0;0;;;
361636;1;9;2020;17:48;8548;RUA TANCREDO S CARVALHO;RUA MARCELO REIS;;;;ColisÃ£o;Anoitecer;;;;;;0;1;1;1;0;0;0;0;0;1;0;0;"-3;78575000000";"-38;45873000000";inter_gpsv
360745;1;9;2020;14:00;0;RD CE-040;;;;KM-08;ColisÃ£o;Luz do Dia;;;;;;0;1;1;1;0;0;0;0;0;1;0;0;"-3;82551582200";"-38;48153832000";rod_match
362139;1;9;2020;14:30;0;RD BR 020;;;;KM 428;ColisÃ£o Traseira;Luz do Dia;;;Meio de Quadra;;;0;1;1;0;0;0;0;0;0;1;0;0;"-3;86900000000";"-38;50700000000";rod_match
362140;1;9;2020;16:10;0;RD BR 222;;;;KM-01;Atropelamento;Luz do Dia;;;Meio de Quadra;;;0;1;1;1;0;0;0;0;0;0;0;0;"-3;73769844400";"-38;57814693000";rod_match
362822;1;9;2020;10:00;0;RUA RODRIGUES JUNIOR;;;1280;;ColisÃ£o;Luz do Dia;;;Meio de Quadra;;;0;1;1;0;0;0;0;0;0;0;0;0;"-3;73575900000";"-38;52229400000";mq_qgis
362820;1;9;2020;13:40;0;AV GAL OSORIO DE PAIVA;;;8130;;ColisÃ£o;Luz do Dia;;;Meio de Quadra;;;0;1;1;0;1;0;1;0;0;0;0;0;"-3;82177924000";"-38;61861030000";mq_qgis
360091;1;9;2020;10:13;0;AV BEZERRA DE MENEZES;;;365;;NÃ£o Informado;Luz do Dia;Bom;Seca;Meio de Quadra;SemÃ¡foro;Comercial;0;2;1;1;0;0;0;0;0;1;0;0;"-3;73227950000";"-38;54811290000";mq_match
360092;1;9;2020;10:20;0;AV AUGUSTO DOS ANJOS;;;1388;;ColisÃ£o Transversal;Luz do Dia;Bom;Seca;Meio de Quadra;NÃ£o HÃ¡ Controle;Comercial;0;1;1;1;0;0;0;0;0;1;0;0;"-3;77887700000";"-38;57801800000";mq_match
360093;1;9;2020;13:57;8589;RUA EVILASIO A MIRANDA;RUA CLARINDO PEREIRA;;;;ColisÃ£o Transversal;Luz do Dia;Bom;Seca;Cruz;NÃ£o HÃ¡ Controle;Residencial;0;1;1;1;0;0;0;0;0;1;0;0;"-3;78884000000";"-38;46793000000";inter_gpsv
360094;1;9;2020;14:20;0;AV OLIVEIRA PAIVA;;;233;;Atropelamento;Luz do Dia;Bom;Seca;Meio de Quadra;SemÃ¡foro;Comercial;0;2;1;1;0;0;0;0;0;0;0;0;"-3;79848800000";"-38;50285200000";mq_match
360096;2;9;2020;9:26;0;RUA VINTE E CINCO DE MARCO;;;139;;NÃ£o Informado;Luz do Dia;Bom;Seca;Meio de Quadra;Pare;Comercial;0;1;1;1;0;0;0;0;0;1;0;0;"-3;72535900000";"-38;52124400000";mq_match
360097;2;9;2020;13:00;261;AV JOVITA FEITOSA;RUA PRO LINO ENCARNACAO;;;;ColisÃ£o;Luz do Dia;Bom;Seca;Cruz;SemÃ¡foro;Comercial;0;1;1;1;0;0;0;0;0;1;0;0;"-3;74072000000";"-38;56074600000";inter_match
360098;2;9;2020;15:00;4007;RUA ALBERTO MAGNO;RUA DES PRAXEDES;;0;;ColisÃ£o Traseira;Luz do Dia;Bom;Seca;Cruz;SemÃ¡foro;Comercial;0;0;3;1;0;0;0;0;0;0;0;0;"-3;76123000000";"-38;54679500000";inter_match
360099;2;9;2020;16:58;19686;AV BEZERRA DE MENEZES;RUA ERICO MOTA;;0;;ColisÃ£o Transversal;Luz do Dia;Bom;Seca;Cruz;SemÃ¡foro;Comercial;0;0;1;0;0;0;0;0;0;0;0;0;"-3;73535700000";"-38;56299100000";inter_match
360743;2;9;2020;17:00;0;ROD CE 010;;;2000;;ColisÃ£o;Anoitecer;;;Meio de Quadra;;;0;0;2;1;0;0;0;0;0;0;0;0;"-3;79009400000";"-38;44304600000";mq_match
361656;2;9;2020;2:00;0;RUA JOSE MARTINS;;;1939;;Queda;;;;Meio de Quadra;;;0;1;0;0;0;1;0;0;0;0;0;0;"-3;78645000000";"-38;60943000000";mq_gpsv
361657;2;9;2020;5:24;0;RD QUARTO ANEL VIARIO;;;;;Tombamento;Amanhecer;;;Meio de Quadra;;;0;1;0;0;0;0;0;0;0;0;0;0;;;
361658;2;9;2020;6:10;0;RUA VALPARAISO;;;101;;ColisÃ£o;Luz do Dia;;;Meio de Quadra;;;0;1;1;1;0;0;0;0;0;1;0;0;"-3;84645280000";"-38;52156390000";mq_match
361659;2;9;2020;6:53;0;AV VICENTE DE CASTRO;;;;;ColisÃ£o;Luz do Dia;;;Meio de Quadra;;;0;1;0;0;0;0;0;0;0;0;0;0;;;
361660;2;9;2020;7:30;0;AV SGT HERMINIO SAMPAIO;;;1846;;ColisÃ£o;Luz do Dia;;;Meio de Quadra;;;0;2;0;0;0;0;0;0;0;0;0;0;"-3;72572700000";"-38;55701600000";mq_match
361665;2;9;2020;14:50;0;RD BR 116;;;;VIADUTO MESSEJANA;ColisÃ£o;Luz do Dia;;;Meio de Quadra;;;0;1;1;0;0;0;1;0;0;1;0;0;"-3;83115400000";"-38;50480300000";ref_gpsv
361662;2;9;2020;7:34;0;AV I CJ JOSE WALTER;;;901;;ColisÃ£o;Luz do Dia;;;Meio de Quadra;;;0;1;0;0;0;0;0;0;0;0;0;0;"-3;83216280000";"-38;55284400000";mq_match
361663;2;9;2020;9:12;0;AV N CJ JOSE WALTER;;;1466;POSTO HORIZONTE;ColisÃ£o;Luz do Dia;;;Meio de Quadra;;;0;1;1;1;0;0;0;0;0;1;0;0;"-3;77568680000";"-38;49222480000";mq_match
361675;2;9;2020;17:50;0;RUA JUVENTUDE;;;;;ColisÃ£o;Anoitecer;;;Meio de Quadra;;;0;1;1;1;0;0;0;0;0;1;0;0;;;
361676;2;9;2020;19:36;0;RUA PDE CONSTANTINO;;;19;;ColisÃ£o;;;;Meio de Quadra;;;0;1;1;1;0;0;0;0;0;1;0;0;"-3;71631428800";"-38;54557476000";mq_match
361672;2;9;2020;16:57;0;AV GODOFREDO MACIEL;;;;;ColisÃ£o;Luz do Dia;;;Meio de Quadra;;;0;1;1;1;0;0;0;0;0;1;0;0;;;
361673;2;9;2020;17:24;5356;AV DUQ CAXIAS;RUA GAL SAMPAIO;;;;Atropelamento;Anoitecer;;;Cruz;SemÃ¡foro;Comercial;0;1;0;1;0;0;0;0;0;0;0;0;"-3;73109600000";"-38;53202900000";inter_match
361709;2;9;2020;22:29;0;RUA PASSEIO DOS CAJUEIROS;;;370;;Queda;;;;Meio de Quadra;;;0;1;0;0;0;0;0;0;0;1;0;0;"-3;75523000000";"-38;46932000000";mq_gpsv
361710;2;9;2020;23:01;0;RUA MAJ MOREIRA;;;1209;;Queda;;;;Meio de Quadra;;;0;1;0;0;0;0;0;0;0;1;0;0;;;
361705;2;9;2020;20:36;0;AV ROGACIANO LEITE;;;2356;;Queda;;;;Meio de Quadra;;;0;1;0;0;0;0;0;0;0;1;0;0;"-3;77607100000";"-38;50034200000";mq_match
361706;2;9;2020;21:48;0;AV ALM HENRIQUE SABOIA;;;1231;;Atropelamento de Animal;;;;Meio de Quadra;;;0;1;0;0;0;0;0;0;0;1;0;0;"-3;74660930000";"-38;49166630000";mq_match
361707;2;9;2020;22:02;0;RUA JAMAICA;;;230;;Queda;;;;Meio de Quadra;;;0;1;0;0;0;0;0;0;0;1;0;0;"-3;77163000000";"-38;44044000000";mq_gpsv
361714;3;9;2020;2:20;0;RUA JAPI;;;550;;Queda;;;;Meio de Quadra;;;0;1;0;0;0;1;0;0;0;0;0;0;"-3;78329000000";"-38;54836000000";mq_gpsv
361712;3;9;2020;1:36;0;RUA 15 DE NOVEMBRO;;;911;;ColisÃ£o;;;;Meio de Quadra;;;0;3;0;1;0;0;0;0;0;0;0;0;"-3;77025200000";"-38;55222800000";mq_qgis
361761;3;9;2020;7:09;0;AV JOAO PESSOA;;;5700;;ColisÃ£o;Luz do Dia;;;Meio de Quadra;;;0;1;1;0;0;0;0;0;0;1;0;0;"-3;76026700000";"-38;55647400000";mq_match
361762;3;9;2020;7:21;0;RUA NAT FEIJO;;;387;;Queda;Luz do Dia;;;Meio de Quadra;;;0;1;0;0;0;0;0;0;0;1;0;0;"-3;72242032000";"-38;55224990000";mq_qgis
361763;3;9;2020;7:25;0;AV DR SILAS MUNGUBA;;;;;ColisÃ£o;Luz do Dia;;;Meio de Quadra;;;0;1;1;0;0;0;0;0;0;1;0;0;;;
361764;3;9;2020;11:30;0;AV WASHINGTON SOARES;;;;;Queda;Luz do Dia;;;Meio de Quadra;;;0;1;0;0;0;1;0;0;0;0;0;0;;;
361765;3;9;2020;12:06;0;RUA ULISSES BEZERRA;;;1406;;ColisÃ£o;Luz do Dia;;;Meio de Quadra;;;0;1;1;0;0;0;0;0;0;1;0;0;;;
361766;3;9;2020;12:57;0;AV DIOGUINHO;;;;;Queda;Luz do Dia;;;Meio de Quadra;;;0;1;0;0;0;0;0;0;0;1;0;0;;;
361768;3;9;2020;13:39;0;AV D CJ JOSE WALTER;;;440;HOSP. GONZAGUINHA;Atropelamento;Luz do Dia;;;Meio de Quadra;;;0;1;0;1;0;0;0;0;0;0;0;0;"-3;83123740000";"-38;55686770000";mq_match
361769;3;9;2020;13:58;0;RD BR 116;;;;;ColisÃ£o;Luz do Dia;;Seca;Meio de Quadra;;;0;3;0;0;0;0;0;0;0;1;0;0;;;
361770;3;9;2020;17:19;0;RUA CAP CLOVIS MAIA;;;;;ColisÃ£o;Anoitecer;;;Meio de Quadra;;;0;1;1;0;0;0;0;0;0;1;0;0;;;
361758;3;9;2020;3:11;0;AV DES GONZAGA;;;302;;ColisÃ£o;;;;Meio de Quadra;;;0;1;1;1;0;0;0;0;0;1;0;0;"-3;78959000000";"-38;50339550000";mq_qgis
361759;3;9;2020;5:39;0;RUA VITAL BRASIL;;;656;;ColisÃ£o;Amanhecer;;;Meio de Quadra;;;0;1;1;1;0;0;0;0;0;1;0;0;"-3;78118000000";"-38;58698000000";mq_gpsv
361794;3;9;2020;20:18;0;AV DEP PAULINO ROCHA;;;1690;;ColisÃ£o;;;;Meio de Quadra;;;0;1;1;0;0;0;0;0;0;1;0;0;"-3;81179600000";"-38;51212900000";mq_match
361780;3;9;2020;17:44;0;AV AGUANAMBI;;;;ROTATÃ“RIA;Queda;Anoitecer;;;Meio de Quadra;;;0;1;0;0;0;0;0;0;0;1;0;0;"-3;75526200000";"-38;52324600000";ref_gpsv
361781;3;9;2020;18:53;0;AV DOS EXPEDICIONARIOS;;;4363;;ColisÃ£o;;;;Meio de Quadra;;;0;1;1;1;0;0;0;0;0;1;0;0;"-3;75673000000";"-38;53869700000";mq_match
361782;3;9;2020;18:54;0;RUA COM ESTACIO BRIGIDO;;;2399;;Queda;;;;Meio de Quadra;;;0;1;0;0;0;0;0;0;0;1;0;0;"-3;80293000000";"-38;59148000000";mq_gpsv
361798;3;9;2020;22:00;25227;AV A CJ CEARA;AV D CJ CEARA;;;;ColisÃ£o;;;;Cruz;Pare;Comercial;0;1;0;0;0;0;0;0;0;0;0;0;"-3;76692200000";"-38;60115200000";inter_match
361799;3;9;2020;23:01;0;RUA 1159 CJ CEARA;;;187;;Atropelamento;;;;Meio de Quadra;;;0;1;0;0;0;0;0;0;0;1;0;0;"-3;76286032600";"-38;61026488000";mq_match
360100;3;9;2020;8:30;0;RUA CON DE CASTRO;ET SIQUEIRA;;1105;;ColisÃ£o Lateral;Luz do Dia;Bom;Seca;Meio de Quadra;SemÃ¡foro;Residencial;0;1;1;0;0;0;0;0;0;1;0;0;"-3;80765800000";"-38;59441800000";inter_match
360101;3;9;2020;11:00;25096;RUA ROCHA LIMA;RUA RODRIGUES JUNIOR;;;;ColisÃ£o Lateral;Luz do Dia;Bom;Seca;Cruz;Pare;Comercial;0;1;1;1;0;0;0;0;0;1;0;0;"-3;73632000000";"-38;52247500000";inter_match
360102;3;9;2020;18:05;0;AV GODOFREDO MACIEL;;;3570;;ColisÃ£o Traseira;Via Iluminada;Bom;Seca;Meio de Quadra;NÃ£o HÃ¡ Controle;Comercial;0;1;1;1;1;0;0;0;0;0;0;0;"-3;80641300000";"-38;57301900000";mq_match
359895;3;9;2020;2:30;0;RUA CEL LINHARES;;;1111;;Choque c/ ObstÃ¡culo Fixo;Via Iluminada;Bom;Seca;Meio de Quadra;NÃ£o HÃ¡ Controle;Comercial;0;0;1;1;0;0;0;0;0;0;0;0;"-3;73849400000";"-38;49476900000";mq_qgis
359890;3;9;2020;12:30;0;AV FRANCISCO SA;;;4728;;Choque c/ ObstÃ¡culo Fixo;Luz do Dia;Bom;Seca;Meio de Quadra;Outros;Residencial;0;1;0;1;0;0;0;0;0;0;0;0;"-3;71419907100";"-38;56679486000";mq_match
359899;3;9;2020;20:30;0;RUA PDE ANCHIETA;;;1381;;ColisÃ£o;Via Iluminada;Nublado;Seca;Meio de Quadra;Pare;Residencial;0;3;0;0;0;0;0;0;0;1;0;0;"-3;73243336400";"-38;55220800000";mq_match
360163;3;9;2020;2:34;10963;RUA 15 DE NOVEMBRO;RUA ANTONIO FIUZA;;;;ColisÃ£o;Via Iluminada;Bom;Seca;Cruz;NÃ£o HÃ¡ Controle;Residencial;0;0;2;1;0;0;0;0;0;0;0;0;"-3;77025200000";"-38;55222800000";inter_match
359835;3;9;2020;20:45;7141;AV PRS CASTELO BRANCO;RUA FRANCISCO CALACA;;;;ColisÃ£o Transversal;;Bom;;Cruz;Pare;Residencial;0;1;1;1;0;0;0;0;0;1;0;0;"-3;70764200000";"-38;57049800000";inter_match
359829;3;9;2020;20:00;0;RUA JOSE B PARENTE D59;;;;;ColisÃ£o Transversal;;;;Meio de Quadra;;;0;0;2;1;0;0;0;0;0;1;0;0;;;
360103;4;9;2020;1:40;0;AV JOR JOAO RAMOS;RUA DA ALEGRIA;;1261;;ColisÃ£o Transversal;Via Iluminada;Bom;Seca;Meio de Quadra;NÃ£o HÃ¡ Controle;Comercial;0;1;1;1;0;0;0;0;0;1;0;0;"-3;76110000000";"-38;46291000000";inter_gpsv
360104;4;9;2020;10:05;5421;AV DUQ CAXIAS;AV VIS RIO BRANCO;;;;ColisÃ£o Traseira;Luz do Dia;Bom;Seca;Cruz;SemÃ¡foro;Comercial;0;0;2;0;0;0;0;0;0;0;0;0;"-3;73348100000";"-38;52460300000";inter_match
360105;4;9;2020;10:27;1457;RUA CARLOS VASCONCELOS;RUA BARBARA DE ALENCAR;;0;;NÃ£o Informado;Luz do Dia;Bom;Seca;Cruz;Pare;Comercial;0;0;2;1;0;0;0;0;0;0;0;0;"-3;73852300000";"-38;51255400000";inter_match
360106;4;9;2020;9:35;0;AV RUI BARBOSA;;;1341;;ColisÃ£o Lateral;Luz do Dia;Bom;Seca;Meio de Quadra;SemÃ¡foro;Comercial;0;1;2;1;0;0;0;0;0;1;0;0;"-3;73480611000";"-38;50903330000";mq_qgis
360279;4;9;2020;21:40;0;RUA PEREIRA VALENTE;;;;;ColisÃ£o;Via Iluminada;Bom;;Meio de Quadra;;Comercial;0;0;2;1;0;0;0;0;0;1;0;0;;;
361801;4;9;2020;5:58;0;RUA SAO PAULO;;;;;ColisÃ£o;Amanhecer;;;Meio de Quadra;;;0;2;0;1;0;0;0;0;0;1;0;0;;;
361815;4;9;2020;9:26;0;RUA POMPILIO GOMES;;;260;;ColisÃ£o;Luz do Dia;;;Meio de Quadra;;;0;2;0;0;0;0;0;0;0;1;0;0;"-3;81281230000";"-38;52050310000";mq_match
361805;4;9;2020;8:10;7718;AV CARNEIRO DE MENDONCA;AV JOSE BASTOS;;;;Queda;Luz do Dia;;;Cruz;SemÃ¡foro;Comercial;0;1;0;0;0;1;0;0;0;0;0;0;"-3;76410900000";"-38;56675900000";inter_match
361826;4;9;2020;11:36;0;AV AMERICO BARREIRA;;;5355;;ColisÃ£o;Luz do Dia;;;Meio de Quadra;;;0;0;2;1;0;0;0;0;0;1;0;0;"-3;75886960000";"-38;56356400000";mq_match