COD_ACIDENTE;DIA;MES;ANO;HORA;INTERSECAO;LOG1;LOG2;LOG3;NUMERO;REFERENCIA;NATUREZA;ILUMINACAO;TEMPO;SUPERFICIEPISTA;TIPOCRUZAMENTO;CONTROLETRAFEGO;USOSOLO;MORTOS;FERIDOS;ILESOS;AUTOMOVEL;ONIBUS;BICICLETA;CAMINHAO;MICROONIBUS;CICLOMOTOR;MOTOCICLETA;TRACAOANIMAL;TREM;LATITUDE;LONGITUDE;METODO
360119;7;9;2020;13:10;0;AV BERNARDO MANUEL;;;9950;;Queda;Luz do Dia;Bom;Seca;Meio de Quadra;NÃ£o HÃ¡ Controle;Comercial;0;1;0;0;0;0;0;0;0;1;0;0;"-3;82963000000";"-38;56058000000";mq_gpsv
360120;7;9;2020;13:44;3820;AV CARAPINIMA;AV 13 DE MAIO;;;;ColisÃ£o Lateral;Luz do Dia;Bom;Seca;Cruz;SemÃ¡foro;Comercial;0;1;1;1;0;0;0;0;0;1;0;0;"-3;74000100000";"-38;54023900000";inter_match
360121;7;9;2020;17:25;0;AV OLIVEIRA PAIVA;;;550;13 DP;Choque c/ ObstÃ¡culo Fixo;Anoitecer;Bom;Seca;Meio de Quadra;NÃ£o HÃ¡ Controle;Comercial;0;1;0;1;0;0;0;0;0;0;0;0;"-3;79723000000";"-38;49998000000";mq_gpsv
360122;8;9;2020;8:03;0;RUA WALDIR DIOGO;TR WALDIR DIOGO;;575;;ColisÃ£o Transversal;Luz do Dia;Bom;Seca;Cruz;Pare;Comercial;0;1;1;1;0;0;0;0;0;1;0;0;"-3;80572800000";"-38;58309600000";inter_match
360123;8;9;2020;8:11;22022;RUA MAJ PEDRO SAMPAIO;RUA PRO JOAO BOSCO;;;;ColisÃ£o Transversal;Luz do Dia;Bom;Seca;Cruz;Pare;Residencial;0;1;1;1;0;0;0;0;0;1;0;0;"-3;73888000000";"-38;54678000000";inter_gpsv
360124;8;9;2020;10:00;0;RUA GERMANO FRANCK;;;934;;NÃ£o Informado;Luz do Dia;Bom;Seca;Meio de Quadra;NÃ£o HÃ¡ Controle;Comercial;0;1;1;1;0;0;0;0;0;1;0;0;"-3;77939659000";"-38;56455400000";mq_qgis
360125;8;9;2020;14:00;0;AV JOAO PESSOA;;;6886;;ColisÃ£o Traseira;Luz do Dia;Bom;Seca;Meio de Quadra;SemÃ¡foro;Comercial;0;0;2;1;0;0;0;0;0;1;0;0;"-3;77027500000";"-38;56106200000";mq_match
360126;8;9;2020;13:17;7357;RUA CEL MATOS DOURADO;RUA RUI MONTE;;;;ColisÃ£o Traseira;Luz do Dia;Bom;Seca;Outros;Pare;Residencial;0;0;2;1;0;0;0;0;0;0;0;0;"-3;74904700000";"-38;58471400000";inter_match
360127;8;9;2020;16:10;17474;AV ABOLICAO;RUA JUVENCIO VASCONCELOS;;;;ColisÃ£o Transversal;Luz do Dia;Bom;Seca;Cruz;SemÃ¡foro;Comercial;0;2;2;1;0;0;0;0;0;0;0;0;"-3;72404800000";"-38;48181500000";inter_match
360307;8;9;2020;19:20;9287;AV BORGES DE MELO;AV DOS EXPEDICIONARIOS;;;;ColisÃ£o Lateral;Via Iluminada;Bom;Seca;Cruz;SemÃ¡foro;Comercial;0;0;2;1;0;0;0;0;0;0;0;0;"-3;75339100000";"-38;53767400000";inter_match
360310;8;9;2020;8:30;355;RUA PRO LINO ENCARNACAO;RUA XAVIER DE OLIVEIRA;;;;;Luz do Dia;Bom;;Cruz;Pare;Residencial;0;0;2;1;0;0;0;0;0;0;0;0;"-3;74705000000";"-38;55946000000";inter_gpsv
360329;8;9;2020;18:30;0;AV PONTES VIEIRA;;;81;;Atropelamento;Via Iluminada;Bom;Seca;Meio de Quadra;;Comercial;0;1;1;0;0;0;0;0;0;0;0;0;"-3;75357000000";"-38;52148000000";mq_gpsv
362116;8;9;2020;7:49;0;RUA ROBERTO GRADVOHL;;;712;;ColisÃ£o;Luz do Dia;;;Meio de Quadra;;;0;1;1;1;0;0;0;0;0;1;0;0;"-3;80904000000";"-38;47256000000";mq_gpsv
362118;8;9;2020;8:49;0;AV AMERICO BARREIRA;;;6510;;Atropelamento;Luz do Dia;;;Meio de Quadra;;;0;1;0;0;0;0;0;0;0;1;0;0;"-3;76717000000";"-38;56941000000";mq_match
362119;8;9;2020;11:05;12574;RUA CARLOS GONDIM;RUA PDE TEODORO (QUNTINO CUNHA);;;;ColisÃ£o;Luz do Dia;;;Cruz;NÃ£o HÃ¡ Controle;Residencial;0;1;1;1;0;0;0;0;0;1;0;0;"-3;72113100000";"-38;58992000000";inter_match
362120;8;9;2020;11:09;0;RUA CON DE CASTRO;;;1000;;ColisÃ£o;Luz do Dia;;;Meio de Quadra;;;0;1;0;0;0;0;0;0;0;0;0;0;"-3;78191400000";"-38;57058800000";mq_match
362121;8;9;2020;11:32;0;AV CEL CARVALHO;;;1969;;ColisÃ£o;Luz do Dia;;;Meio de Quadra;;;0;1;1;1;0;0;0;0;0;1;0;0;"-3;71987000000";"-38;58730647400";mq_match
362113;8;9;2020;4:17;0;RUA PRO LINO ENCARNACAO;;;1302;;ColisÃ£o;;;;Meio de Quadra;;;0;1;1;1;0;0;0;0;0;1;0;0;"-3;74705300000";"-38;55946100000";mq_match
362114;8;9;2020;5:21;0;RUA GERMANO FRANCK;;;725;;Queda;Amanhecer;;;Meio de Quadra;;;0;1;0;0;0;0;0;0;0;1;0;0;"-3;77771000000";"-38;56249000000";mq_gpsv
362127;8;9;2020;13:54;0;RD BR 116;;;3439;KM-13;ColisÃ£o;Luz do Dia;;;Meio de Quadra;;;0;1;1;1;0;0;0;0;0;1;0;0;"-3;86467000000";"-38;49772700000";rod_match
362128;8;9;2020;15:36;0;RUA JOAQUIM NABUCO;;;1208;;Queda;Luz do Dia;;;Meio de Quadra;;;0;1;0;0;0;0;0;0;0;1;0;0;"-3;73578400000";"-38;50145300000";mq_match
362129;8;9;2020;16:17;8660;AV EDILSON B SOARES;AV WASHINGTON SOARES;;;;ColisÃ£o;Luz do Dia;;;Outros;SemÃ¡foro;Comercial;0;1;1;1;0;0;0;0;0;1;0;0;"-3;78944400000";"-38;48048900000";inter_match
362130;8;9;2020;16:24;0;AV DR THEBERGE;;;2410;;ColisÃ£o;Luz do Dia;;;Meio de Quadra;;;0;1;1;1;0;0;0;0;0;1;0;0;"-3;72326800000";"-38;56777500000";mq_qgis
362131;8;9;2020;16:43;17261;RUA EUGENIO GADELHA;RUA EDITE BRAGA;;;;Queda;Luz do Dia;;;Cruz;Pare;Residencial;0;1;0;0;0;0;0;0;0;1;0;0;"-3;76163800000";"-38;54842600000";inter_match
362132;8;9;2020;16:53;12551;AV HILDEBRANDO DE MELO;RUA MARIA CLARA;;;;ColisÃ£o;Luz do Dia;;;Cruz;NÃ£o HÃ¡ Controle;Misto;0;1;1;1;0;0;0;0;0;1;0;0;"-3;72509300000";"-38;58923400000";inter_match
362133;8;9;2020;16:55;0;AV PRO JOSE ARTHUR CARVALHO;;;1510;;ColisÃ£o;Luz do Dia;;;Meio de Quadra;;;0;1;1;1;0;0;0;0;0;1;0;0;"-3;82652183000";"-38;46575751000";mq_match
362134;8;9;2020;17:05;1516;AV DES MOREIRA;AV PDE ANTONIO TOMAS;;;;ColisÃ£o;Anoitecer;;;Cruz;SemÃ¡foro;Residencial;0;1;1;1;0;0;0;0;0;1;0;0;"-3;74016100000";"-38;49961600000";inter_match
362123;8;9;2020;12:04;0;RUA PDE TEODORO (QUNTINO CUNHA);;;512;;ColisÃ£o;Luz do Dia;;;Meio de Quadra;;;0;1;0;0;0;0;0;0;0;0;0;0;;;
362125;8;9;2020;12:46;0;AV PDE ANTONIO TOMAS;;;605;;ColisÃ£o;Luz do Dia;;;Meio de Quadra;;;0;1;1;1;0;0;0;0;0;1;0;0;"-3;74069700000";"-38;49800600000";mq_match
360732;8;9;2020;8:10;0;AV SEN CARLOS JEREISSATI (AEROPORTO);;;;KM 04;ColisÃ£o;Luz do Dia;;;Meio de Quadra;;;0;0;2;1;0;0;0;0;0;0;0;0;"-3;77402000000";"-38;55090700000";rod_match
360719;8;9;2020;15:50;0;RD CE-040;;;;KM-05;ColisÃ£o;Luz do Dia;;;Meio de Quadra;;;0;1;2;1;0;0;0;0;0;0;0;0;"-3;80059582300";"-38;47953463000";rod_match
362828;8;9;2020;20:35;8660;AV WASHINGTON SOARES;AV EDILSON B SOARES;;;;ColisÃ£o;;;;Outros;SemÃ¡foro;Comercial;0;1;1;1;0;0;0;0;0;0;0;0;"-3;78944400000";"-38;48048900000";inter_match
362135;8;9;2020;17:13;0;AV PERIMETRAL;;;3157;;Queda;Anoitecer;;;Meio de Quadra;;;0;1;0;0;0;0;0;0;0;1;0;0;;;
362136;8;9;2020;17:49;0;AV WASHINGTON SOARES;;;;;ColisÃ£o;Anoitecer;;;Meio de Quadra;;;0;1;1;1;0;0;0;0;0;1;0;0;;;
362137;8;9;2020;18:56;0;AV PONTES VIEIRA;;;84;;Atropelamento;;;;Meio de Quadra;;;0;1;0;1;0;0;0;0;0;0;0;0;"-3;75334700000";"-38;51975300000";mq_match
362138;8;9;2020;20:03;0;RUA ALM JACEGUAI;;;;;Queda;;;;Meio de Quadra;;;0;1;0;0;0;1;0;0;0;0;0;0;;;
362184;9;9;2020;21:40;0;RD BR 116;;;;KM-09;ColisÃ£o Traseira;;;Seca;Meio de Quadra;;;0;0;2;1;0;0;0;0;0;0;0;0;"-3;83083700000";"-38;50486500000";rod_match
362829;9;9;2020;18:00;0;RUA CARLOS RIBEIRO;;;;;Atropelamento;Anoitecer;;;Meio de Quadra;;;0;1;1;0;1;0;0;0;0;0;0;0;;;
360729;9;9;2020;17:20;0;RD CE-040;;;;KM-11;ColisÃ£o;Anoitecer;;;Meio de Quadra;;;0;0;2;1;0;0;0;0;0;0;0;0;"-3;84962623000";"-38;47606989000";rod_match
361872;9;9;2020;17:26;0;AV ENG HUMBERTO MONTE;;;;;ColisÃ£o;Anoitecer;;;Meio de Quadra;;;0;1;1;1;0;0;0;0;0;1;0;0;;;
361873;9;9;2020;17:49;0;RUA PDE PEDRO DE ALENCAR;;;868;;Atropelamento;Anoitecer;;;Meio de Quadra;;;0;1;1;1;0;0;0;0;0;0;0;0;"-3;83496700000";"-38;49412000000";mq_match
361820;9;9;2020;8:57;0;RUA CEL VIRGILIO NOGUEIRA (BOM JARDIM);;;1002;;ColisÃ£o;Luz do Dia;;;Meio de Quadra;;;0;1;1;0;0;0;0;0;0;0;0;0;"-3;79114250000";"-38;60970170000";mq_match
361821;9;9;2020;10:34;0;RUA CON DE CASTRO;;;1740;;Queda;Luz do Dia;;;Meio de Quadra;;;0;1;0;0;0;0;0;0;0;1;0;0;"-3;78604200000";"-38;57438500000";mq_qgis
361823;9;9;2020;10:52;0;RUA EMILIO DE MENESES;;;1517;;ColisÃ£o;Luz do Dia;;;Meio de Quadra;;;0;2;0;1;0;0;0;0;0;1;0;0;"-3;77971100000";"-38;59465600000";mq_qgis
361824;9;9;2020;11:46;0;AV SEN FERNANDES TAVORA;;;;;ColisÃ£o;Luz do Dia;;;Meio de Quadra;;;0;2;0;0;0;0;0;0;0;0;0;0;;;
361825;9;9;2020;12:02;0;AV GODOFREDO MACIEL;;;440;;Queda;Luz do Dia;;;Meio de Quadra;;;0;1;0;0;0;1;0;0;0;0;0;0;"-3;78002139000";"-38;56485930000";mq_qgis
361832;9;9;2020;12:49;0;RUA BETSAIDA D45;;;664;;Atropelamento;Luz do Dia;;;Meio de Quadra;;;0;1;1;1;0;0;0;0;0;0;0;0;;;
361833;9;9;2020;14:31;3882;RUA COSTA SOUZA;RUA MAL DEODORO;;;;ColisÃ£o;Luz do Dia;;;T;;Residencial;0;1;1;1;0;0;0;0;0;1;0;0;"-3;74614500000";"-38;53796700000";inter_match
361834;9;9;2020;15:57;0;AV JOSE BASTOS;;;4699;;Queda;Luz do Dia;;;Meio de Quadra;;;0;1;0;0;0;0;0;0;0;1;0;0;"-3;75718300000";"-38;55907100000";mq_qgis
361835;9;9;2020;16:56;0;AV GAL OSORIO DE PAIVA;;;;;ColisÃ£o;Luz do Dia;;;Meio de Quadra;;;0;1;1;0;0;0;0;0;0;1;0;0;;;
361836;9;9;2020;17:10;0;RD BR 116;;;6685;MAKRO;Queda;Anoitecer;;;Meio de Quadra;;;0;1;0;0;0;0;0;0;0;1;0;0;"-3;78213700000";"-38;51363300000";ref_gpsv
361829;9;9;2020;12:14;0;RUA ANTONIO CORREIA LIMA;;;1344;;ColisÃ£o;Luz do Dia;;;Meio de Quadra;;;0;1;1;1;0;0;0;0;0;1;0;0;"-3;76358000000";"-38;54230000000";mq_match
361830;9;9;2020;12:22;0;RUA DES PRAXEDES;;;1344;;ColisÃ£o;Luz do Dia;;;Meio de Quadra;;;0;1;1;1;0;0;0;0;0;1;0;0;"-3;76318000000";"-38;54264000000";mq_gpsv
361804;9;9;2020;7:07;0;AV ALBERTO CRAVEIRO;;;2604;;ColisÃ£o;Luz do Dia;;;Meio de Quadra;;;0;2;0;0;0;0;0;0;0;1;0;0;"-3;80284468000";"-38;52125430000";mq_qgis
361817;9;9;2020;8:02;0;RD BR 116;;;;;ColisÃ£o;Luz do Dia;;;Meio de Quadra;;;0;1;1;0;0;0;0;0;0;1;0;0;;;
361818;9;9;2020;8:06;0;AV PRS CASTELO BRANCO;;;;;ColisÃ£o;Luz do Dia;;;Meio de Quadra;;;0;1;1;1;0;0;0;0;0;1;0;0;;;
361811;9;9;2020;7:16;0;AV PRS COSTA E SILVA;;;;;ColisÃ£o;Luz do Dia;;;Meio de Quadra;;;0;2;1;1;0;0;0;0;0;1;0;0;;;
361800;9;9;2020;6:16;5258;RUA PDE MORORO;RUA PEDRO I;;;;Queda;Luz do Dia;;;Cruz;Pare;Comercial;0;1;0;0;0;0;0;0;0;1;0;0;"-3;72812300000";"-38;53829000000";inter_match
361790;9;9;2020;6:04;0;RUA FRANCO ROCHA;;;397;;Queda;Luz do Dia;;;Meio de Quadra;;;0;2;0;0;0;0;0;0;0;1;0;0;"-3;75507000000";"-38;58007000000";mq_match
361788;9;9;2020;6:02;0;AV JOR JOAO RAMOS;;;1060;;Queda;Luz do Dia;;;Meio de Quadra;;;0;1;0;0;0;0;0;0;0;1;0;0;"-3;84347936000";"-38;56730800000";mq_qgis
361884;9;9;2020;18:57;0;AV PRS COSTA E SILVA;;;;JOSE WALTER;ColisÃ£o;;;;Meio de Quadra;;;0;1;1;0;0;0;0;0;0;1;0;0;;;
361890;9;9;2020;19:28;13416;RUA JOAO BRIGIDO;AV RUI BARBOSA;;;;ColisÃ£o;;;;Cruz;SemÃ¡foro;Comercial;0;1;1;1;0;0;0;0;0;1;0;0;"-3;74199500000";"-38;51136900000";inter_match
361891;9;9;2020;20:13;0;RUA ESV AZEVEDO;;;;;Queda;;;;Meio de Quadra;;;0;1;0;0;0;0;0;0;0;1;0;0;;;
361892;9;9;2020;20:14;0;RUA TUPA;;;60;;Atropelamento;;;;Meio de Quadra;;;0;1;1;1;0;0;0;0;0;0;0;0;"-3;70172000000";"-38;58501000000";mq_gpsv
361893;9;9;2020;21:33;0;RUA SAO PAULO;;;1441;;Queda;;;;Meio de Quadra;;;0;1;0;0;0;0;0;0;0;1;0;0;"-3;72259000000";"-38;53857000000";mq_gpsv
360365;9;9;2020;19:00;0;AV PDE ANTONIO TOMAS;;;256;;ColisÃ£o Lateral;Via Iluminada;Bom;Seca;Meio de Quadra;SemÃ¡foro;Comercial;0;0;2;1;1;0;0;0;0;0;0;0;"-3;73962850000";"-38;50130400000";mq_qgis
360367;9;9;2020;8:30;0;AV JOSE BASTOS;;;2576;;ColisÃ£o Traseira;Luz do Dia;Bom;Seca;Meio de Quadra;SemÃ¡foro;Comercial;0;1;1;1;0;0;0;0;0;1;0;0;"-3;74295000000";"-38;54370000000";mq_gpsv
360377;9;9;2020;18:20;0;AV EDILSON B SOARES;;;1410;;ColisÃ£o Transversal;Via Iluminada;Bom;;Meio de Quadra;Pare;Residencial;0;2;2;1;0;0;0;0;1;0;0;0;"-3;78882800000";"-38;47335200000";mq_match
360391;9;9;2020;15:40;0;RUA DR CARLOS R PAMPLONA;;;;;Atropelamento;Luz do Dia;Bom;Seca;;;;0;1;1;0;1;0;0;0;0;0;0;0;;;
360380;9;9;2020;22:50;15207;AV RUI BARBOSA;RUA DEP MOREIRA DA ROCHA;;;;ColisÃ£o Lateral;Via Iluminada;Bom;;Cruz;SemÃ¡foro;Residencial;0;0;2;1;0;0;0;0;0;0;0;0;"-3;72674800000";"-38;50645400000";inter_match
360382;9;9;2020;6:00;12905;AV AGUANAMBI;RUA MES ROSA;;;;Queda;Luz do Dia;Bom;Material Derrapante;T;Outros;Comercial;0;2;0;0;0;0;0;0;0;1;0;0;"-3;74162860000";"-38;52586000000";inter_match
360128;9;9;2020;7:32;0;AV FRANCISCO SA;;;3190;;ColisÃ£o;Luz do Dia;Bom;Seca;Meio de Quadra;NÃ£o HÃ¡ Controle;Comercial;0;1;1;1;0;0;0;0;0;1;0;0;"-3;71808100000";"-38;55534200000";mq_match
360129;9;9;2020;11:08;0;RUA NAT FEIJO;;;712;;NÃ£o Informado;Luz do Dia;Bom;Seca;Meio de Quadra;NÃ£o HÃ¡ Controle;Residencial;0;0;5;1;0;0;0;0;0;0;0;0;"-3;72170600000";"-38;55536400000";mq_match
360130;9;9;2020;23:26;0;AV WENEFRIDO MELO;RUA DNA LIBANIA R. MELO NUNES;;381;;ColisÃ£o Lateral;Via Iluminada;Bom;Seca;Meio de Quadra;SemÃ¡foro;Residencial;0;1;1;0;0;0;0;0;0;1;0;0;"-3;81084730000";"-38;57605000000";inter_match
360442;9;9;2020;10:00;5451;AV DOM MANUEL;RUA BARBARA DE ALENCAR;;;;ColisÃ£o;Luz do Dia;Bom;Material Derrapante;Cruz;SemÃ¡foro;Comercial;1;0;1;0;0;0;1;0;0;1;0;0;"-3;73497200000";"-38;52326200000";inter_match
360443;10;9;2020;13:45;0;AV LUCIANO CARNEIRO;;;721;;ColisÃ£o Traseira;Luz do Dia;Bom;Seca;Meio de Quadra;NÃ£o HÃ¡ Controle;Residencial;0;1;1;1;0;0;0;0;0;1;0;0;"-3;75443000000";"-38;53346000000";mq_match
360490;10;9;2020;17:01;0;RUA STA MARIA GORETE;;;398;;ColisÃ£o Frontal;Anoitecer;Bom;Seca;;;;0;1;1;1;0;0;0;0;0;1;0;0;"-3;72613335000";"-38;60253040000";mq_qgis
360485;10;9;2020;7:20;0;RUA EMILIO DE MENESES;;;600;;ColisÃ£o Lateral;Luz do Dia;Bom;Seca;Meio de Quadra;Outros;Comercial;0;1;1;1;0;0;0;0;0;1;0;0;"-3;78189339000";"-38;58690990000";mq_qgis
360539;10;9;2020;15:40;12641;RUA RIO PARAGUAI;RUA MARIA CLARA;;;;ColisÃ£o Transversal;Luz do Dia;Bom;Seca;Cruz;Pare;Comercial;0;0;3;1;0;0;0;0;0;1;0;0;"-3;72552600000";"-38;58424500000";inter_match
360131;10;9;2020;9:22;0;AV PRS COSTA E SILVA;;;4305;UPA (JOSE WALTER);ColisÃ£o Lateral;Luz do Dia;Bom;Seca;Meio de Quadra;NÃ£o HÃ¡ Controle;Comercial;0;0;2;1;0;0;0;0;0;0;0;0;"-3;82514857500";"-38;54163692000";mq_match
360132;10;9;2020;9:44;0;AV PRS COSTA E SILVA;;;4101;;ColisÃ£o Lateral;Luz do Dia;Bom;Seca;Meio de Quadra;NÃ£o HÃ¡ Controle;Comercial;0;0;2;1;0;0;0;0;0;0;0;0;"-3;82467800000";"-38;54357500000";mq_match
360147;10;9;2020;12:20;25072;AV DOS EXPEDICIONARIOS;RUA VICENTE SPINDOLA;;;;ColisÃ£o Transversal;Luz do Dia;Bom;Seca;Cruz;Pare;Residencial;0;1;1;1;0;0;0;0;0;1;0;0;"-3;76792200000";"-38;54208400000";inter_match
360153;10;9;2020;14:21;3778;AV DA UNIVERSIDADE;RUA ANTONIO POMPEU;;;;NÃ£o Informado;Luz do Dia;Bom;Seca;Cruz;SemÃ¡foro;Comercial;0;0;1;0;0;0;0;0;0;0;0;0;"-3;73408300000";"-38;53290800000";inter_match
360144;10;9;2020;14:12;0;RUA UBIRAJARA MINDELLO;;;1469;;ColisÃ£o Frontal;Luz do Dia;Bom;Seca;Meio de Quadra;NÃ£o HÃ¡ Controle;Residencial;0;1;1;1;0;0;0;0;0;1;0;0;"-3;80270000000";"-38;49228000000";mq_gpsv
361900;10;9;2020;4:12;0;RUA JULIO ABREU;;;450;;ColisÃ£o;;;;Meio de Quadra;;;0;1;1;0;0;0;0;0;0;1;0;0;;;
361903;10;9;2020;6:42;0;AV DUQ CAXIAS;;;1741;;Queda;Luz do Dia;;;Meio de Quadra;;;0;1;0;0;0;0;0;0;0;1;0;0;"-3;72864900000";"-38;53959400000";mq_qgis
361907;10;9;2020;7:02;0;RUA BERNARDO MANUEL;;;9970;;ColisÃ£o;Luz do Dia;;;Meio de Quadra;;;0;1;1;1;0;0;0;0;0;1;0;0;"-3;80460432000";"-38;55318024000";mq_match
361923;10;9;2020;14:57;0;RUA OSCAR ARARIPE;;;3018;;ColisÃ£o;Luz do Dia;;;Meio de Quadra;;;0;1;1;1;0;0;0;0;0;1;0;0;"-3;78532155000";"-38;61780790000";mq_qgis
361919;10;9;2020;13:23;0;RUA TAUBATE;;;830;;ColisÃ£o;Luz do Dia;;;Meio de Quadra;;;0;1;1;0;0;0;0;0;0;1;0;0;"-3;78027062000";"-38;59861820000";mq_qgis
361920;10;9;2020;14:00;0;RUA DR GILBERTO CAMARA;;;564;;ColisÃ£o;Luz do Dia;;;Meio de Quadra;;;0;1;1;1;0;0;0;0;0;1;0;0;"-3;72490777000";"-38;56257130000";mq_qgis
361910;10;9;2020;8:07;0;RUA SGT JOAO PINHEIRO;;;;;ColisÃ£o;Luz do Dia;;;Meio de Quadra;;;0;1;1;1;0;0;0;0;0;1;0;0;;;
361911;10;9;2020;9:51;0;RUA PRO JOSE HENRIQUE;;;300;;ColisÃ£o;Luz do Dia;;;Meio de Quadra;;;0;1;1;1;0;0;0;0;0;1;0;0;"-3;82973273000";"-38;48694960000";mq_qgis
361912;10;9;2020;9:58;0;RUA DR CONDES SANDOVAL;;;283;;Queda;Luz do Dia;;;Meio de Quadra;;;0;1;0;0;0;1;0;0;0;0;0;0;"-3;84201172000";"-38;52476540000";mq_qgis
361913;10;9;2020;10:04;0;RUA PRO HERIBALDO COSTA;;;2111;;ColisÃ£o;Luz do Dia;;;Meio de Quadra;;;0;1;1;1;0;0;0;0;0;1;0;0;"-3;76995415000";"-38;58907580000";mq_qgis
361914;10;9;2020;11:34;0;AV SGT HERMINIO SAMPAIO;;;2656;;ColisÃ£o;Luz do Dia;;;Meio de Quadra;;;0;1;1;1;0;0;0;0;0;1;0;0;"-3;72686890000";"-38;56388000000";mq_match
361915;10;9;2020;12:29;23804;AV GAL OSORIO DE PAIVA;RUA RAIMUNDO NERY;;;;ColisÃ£o;Luz do Dia;;;Cruz;SemÃ¡foro;Residencial;0;1;1;0;0;0;0;0;0;0;0;0;"-3;79030600000";"-38;58806500000";inter_match
361916;10;9;2020;12:53;0;RUA CEL MATOS DOURADO;;;1280;;ColisÃ£o;Luz do Dia;;;Meio de Quadra;;;0;1;1;1;0;0;0;0;0;1;0;0;"-3;74971600000";"-38;58439100000";mq_match
361917;10;9;2020;13:09;0;RUA VINTE E CINCO DE MARCO;;;607;;Atropelamento;Luz do Dia;;;Meio de Quadra;;;0;1;1;0;0;1;0;0;0;0;0;0;"-3;72938069000";"-38;52252250000";mq_qgis
361978;10;9;2020;17:50;0;RUA NAIR AZEVEDO;;;180;;Queda;Anoitecer;;;Meio de Quadra;;;0;1;0;0;0;0;0;0;0;1;0;0;;;
361972;10;9;2020;17:08;0;RUA DOIS;;;386;;ColisÃ£o;Anoitecer;;;Meio de Quadra;;;0;1;1;1;0;0;0;0;0;1;0;0;"-3;79380000000";"-38;54171000000";mq_gpsv
361973;10;9;2020;17:17;0;AV MAE LISBOA;;;1375;;ColisÃ£o;Anoitecer;;;Meio de Quadra;;;0;1;1;1;0;1;0;0;0;0;0;0;"-3;80792918000";"-38;46689930000";mq_qgis
361974;10;9;2020;17:36;1605;AV DES MOREIRA;RUA PDE VALDEVINO;;;;ColisÃ£o;Anoitecer;;;;;;0;1;1;0;0;0;0;0;0;0;0;0;"-3;74409800000";"-38;50087700000";inter_match
361980;10;9;2020;18:21;0;RD QUARTO ANEL VIARIO;;;;;ColisÃ£o;Anoitecer;;;Meio de Quadra;;;0;1;1;0;0;0;0;0;0;1;0;0;;;
361981;10;9;2020;18:49;0;AV GOV RAUL BARBOSA;;;6690;;Queda;;;;Meio de Quadra;;;0;1;0;0;0;1;0;0;0;0;0;0;"-3;77274644000";"-38;51248790000";mq_qgis
361982;10;9;2020;19:09;0;RUA MARIA CLARA;;;358;;Atropelamento;;;;Meio de Quadra;;;0;1;1;0;0;0;0;0;0;1;0;0;"-3;72579918000";"-38;58147620000";mq_qgis
361983;10;9;2020;19:11;0;AV BENJAMIM BRASIL;;;1445;;ColisÃ£o;;;;Meio de Quadra;;;0;1;2;0;0;0;0;0;0;0;0;0;"-3;80635000000";"-38;56247000000";mq_match
361984;10;9;2020;22:27;0;AV IMPERADOR;;;351;;ColisÃ£o;;;;Meio de Quadra;;;0;1;1;0;0;0;0;0;0;0;0;0;"-3;72429000000";"-38;53348000000";mq_match
361985;10;9;2020;22:32;0;AV PRS COSTA E SILVA;;;;JOSE WALTER;Queda;;;;Meio de Quadra;;;0;1;0;0;0;0;0;0;0;1;0;0;;;
361962;10;9;2020;15:43;0;AV MIN JOSE AMERICO;;;500;;ColisÃ£o;Luz do Dia;;;;;;0;1;1;1;0;0;0;0;0;1;0;0;"-3;81099400000";"-38;49526900000";mq_match
361963;10;9;2020;16:34;0;RUA DA LIBERDADE;;;133;;Queda;Luz do Dia;;;Meio de Quadra;;;0;1;0;0;0;1;0;0;0;0;0;0;;;
360723;10;9;2020;17:20;21483;AV MIN JOSE AMERICO;RUA ARAUJO TORREAO;;;;ColisÃ£o;Anoitecer;;;Cruz;NÃ£o HÃ¡ Controle;Residencial;0;1;1;1;0;0;0;0;0;0;0;0;"-3;81192600000";"-38;49733600000";inter_match
360814;10;9;2020;6:42;0;AV GODOFREDO MACIEL;;;;;ColisÃ£o;Luz do Dia;;;Meio de Quadra;;;0;1;1;0;0;0;0;0;0;1;0;0;;;
360722;11;9;2020;14:00;0;RD CE-040;;;;KM-05;ColisÃ£o;Luz do Dia;;;Meio de Quadra;;;0;0;2;1;0;0;0;0;0;0;0;0;"-3;80059582300";"-38;47953463000";rod_match
361986;11;9;2020;6:30;0;RUA VILEBALDO AGUIAR;;;95;;Queda;Luz do Dia;;;Meio de Quadra;;;0;1;0;0;0;0;0;0;0;1;0;0;"-3;74066900000";"-38;48747400000";mq_match
361987;11;9;2020;6:41;5040;RUA ADOLFO CAMINHA;TR MARANGUAPE D01;;;;Queda;Luz do Dia;;;Cruz;NÃ£o HÃ¡ Controle;Rural;0;1;0;0;0;0;0;0;0;1;0;0;"-3;72082000000";"-38;52646000000";inter_gpsv
362000;11;9;2020;12:24;0;RUA LUCIANO ALVES;;;3100;;ColisÃ£o;Luz do Dia;;;Meio de Quadra;;;0;1;1;1;0;0;0;0;0;1;0;0;"-3;84566000000";"-38;50964000000";mq_gpsv
361997;11;9;2020;12:06;0;RD BR 116;;;;;ColisÃ£o;Luz do Dia;;;Meio de Quadra;;;0;1;1;1;0;0;1;0;0;0;0;0;;;
361990;11;9;2020;7:11;24990;AV PRS COSTA E SILVA;AV PRS JUSCELINO KUBITSCHEK (PASSARÃ‰);;;;ColisÃ£o;Luz do Dia;;;T;SemÃ¡foro;Comercial;0;1;1;0;0;0;1;0;0;1;0;0;"-3;82564800000";"-38;53951600000";inter_match