COD_ACIDENTE;DIA;MES;ANO;HORA;INTERSECAO;LOG1;LOG2;LOG3;NUMERO;REFERENCIA;NATUREZA;ILUMINACAO;TEMPO;SUPERFICIEPISTA;TIPOCRUZAMENTO;CONTROLETRAFEGO;USOSOLO;MORTOS;FERIDOS;ILESOS;AUTOMOVEL;ONIBUS;BICICLETA;CAMINHAO;MICROONIBUS;CICLOMOTOR;MOTOCICLETA;TRACAOANIMAL;TREM;LATITUDE;LONGITUDE;METODO
361991;11;9;2020;7:57;25866;RUA CARAMURU D45 (ITAPERI);RUA TEN RENATO AGUIAR;;;;ColisÃ£o;Luz do Dia;;;;;;0;1;1;1;0;0;0;0;0;1;0;0;"-3;79092000000";"-38;54185000000";inter_gpsv
361992;11;9;2020;8:03;0;RUA BERNARDO MANUEL;;;9954;;ColisÃ£o;Luz do Dia;;;Meio de Quadra;;;0;1;1;1;0;0;0;0;0;1;0;0;"-3;80434384000";"-38;55310088000";mq_match
361993;11;9;2020;9:05;0;RUA FRANCISCO MATOS;;;;;Queda;Luz do Dia;;;Meio de Quadra;;;0;1;0;0;0;0;0;0;0;1;0;0;;;
361994;11;9;2020;10:55;0;RUA 23 DE JUNHO;;;1948;;ColisÃ£o;Luz do Dia;;;Meio de Quadra;;;0;1;1;0;0;0;0;0;0;1;0;0;"-3;78173450000";"-38;60880070000";mq_qgis
361995;11;9;2020;11:54;25227;AV A CJ CEARA;AV D CJ CEARA;;;;ColisÃ£o;Luz do Dia;;;Cruz;Pare;Comercial;0;1;1;1;0;0;0;0;0;1;0;0;"-3;76692200000";"-38;60115200000";inter_match
362005;11;9;2020;15:30;0;RUA ALBERTO MAGNO;;;521;;ColisÃ£o;Luz do Dia;;;Meio de Quadra;;;0;1;1;1;0;0;0;0;0;1;0;0;"-3;76032329000";"-38;54600280000";mq_qgis
362006;11;9;2020;15:35;0;AV MIGUEL DIAS;;;1010;;ColisÃ£o;Luz do Dia;;;Meio de Quadra;;;0;1;1;1;0;0;0;0;0;1;0;0;"-3;76598000000";"-38;48757000000";mq_gpsv
362007;11;9;2020;16:14;0;RUA AMERICO ROCHA LIMA;;;940;;ColisÃ£o;Luz do Dia;;;Meio de Quadra;;;0;1;1;0;0;0;0;0;0;1;0;0;"-3;79882800000";"-38;58364700000";mq_match
362008;11;9;2020;17:13;0;RUA MEM DE SA;;;562;;ColisÃ£o;Anoitecer;;;Meio de Quadra;;;0;1;1;0;0;0;0;0;0;1;0;0;"-3;82751645400";"-38;48535025000";mq_match
362010;11;9;2020;17:14;0;RUA GAL PIRAGIBE;;;1110;;Atropelamento de Animal;Anoitecer;;;Meio de Quadra;;;0;1;0;0;0;0;0;0;0;1;0;0;"-3;74428200000";"-38;55661300000";mq_qgis
362003;11;9;2020;13:10;5709;AV OLIVEIRA PAIVA;AV DES GONZAGA;;;;ColisÃ£o;Luz do Dia;;;Cruz;SemÃ¡foro;Comercial;0;1;1;0;0;0;0;0;0;0;0;0;"-3;79716500000";"-38;49995300000";inter_match
362013;11;9;2020;18:27;0;RUA PDE RODOLFO;;;857;;Queda;Anoitecer;;;Meio de Quadra;;;0;1;0;0;0;0;0;0;0;1;0;0;"-3;80413787000";"-38;58708170000";mq_qgis
362014;11;9;2020;18:36;0;AV I CJ CEARA;;;1245;;Atropelamento;;;;Meio de Quadra;;;0;2;0;0;0;0;0;0;0;1;0;0;"-3;77325400000";"-38;59883500000";mq_match
362015;11;9;2020;18:43;0;AV DR THEBERGE;;;120;;ColisÃ£o;;;;Meio de Quadra;;;0;1;1;0;0;0;0;0;0;0;0;0;"-3;70590000000";"-38;56213000000";mq_gpsv
362016;11;9;2020;19:27;0;RUA SEN POMPEU;;;;;ColisÃ£o;;;;Meio de Quadra;;;0;1;1;1;0;0;0;0;0;1;0;0;;;
362017;11;9;2020;20:18;0;AV CASTELO DE CASTRO;;;390;;ColisÃ£o;;;;Meio de Quadra;;;0;1;1;0;0;0;0;0;0;0;0;0;"-3;83259967000";"-38;52154380000";mq_qgis
362018;11;9;2020;20:27;0;AV ABOLICAO;;;4144;;Acidente Pessoal;;;;Meio de Quadra;;;0;1;1;0;0;0;0;0;0;1;0;0;"-3;72436000000";"-38;48210000000";mq_gpsv
362019;11;9;2020;20:34;0;AV DR THEBERGE;;;1981;;Atropelamento;;;;Meio de Quadra;;;0;1;1;1;0;0;0;0;0;0;0;0;"-3;71800700000";"-38;56606200000";mq_qgis
362021;11;9;2020;21:08;0;RUA MIGUEL ARAGAO;;;1400;;Queda;;;;Meio de Quadra;;;0;1;0;0;0;0;0;0;0;1;0;0;"-3;83025567500";"-38;59128115700";mq_match
362022;11;9;2020;21:14;0;RUA STA MARIA GORETE;;;20;;Queda;;;;Meio de Quadra;;;0;1;0;0;0;1;0;0;0;0;0;0;"-3;72384347000";"-38;60188910000";mq_qgis
362023;11;9;2020;22:08;0;RUA MON JOAO DANTAS;;;;;Atropelamento;;;;Meio de Quadra;;;0;2;0;0;0;0;0;0;0;1;0;0;;;
362185;11;9;2020;13:15;0;RD BR 116;;;9000;KM-09;ColisÃ£o;Luz do Dia;;Seca;Meio de Quadra;;;0;1;1;1;0;0;0;0;0;1;0;0;"-3;83083700000";"-38;50486500000";rod_match
360145;11;9;2020;13:45;7733;RUA BAR SOBRAL;AV JOAO PESSOA;;;;ColisÃ£o Traseira;Luz do Dia;Bom;Seca;Cruz;SemÃ¡foro;Comercial;0;0;2;1;0;0;0;0;0;0;0;0;"-3;76450960000";"-38;55870570000";inter_match
360146;11;9;2020;22:01;0;RUA ALM RUFINO;;;683;;ColisÃ£o Lateral;Via Iluminada;Bom;Seca;Meio de Quadra;NÃ£o HÃ¡ Controle;Residencial;0;0;2;0;0;0;0;0;0;0;0;0;"-3;76702300000";"-38;53604000000";mq_qgis
360133;11;9;2020;6:15;19611;AV GODOFREDO MACIEL;RUA NEREU RAMOS;;;;ColisÃ£o Transversal;Amanhecer;Nublado;Molhada;T;SemÃ¡foro;Comercial;0;0;2;1;0;0;0;0;0;0;0;0;"-3;78725000000";"-38;56680200000";inter_match
360134;11;9;2020;8:05;0;AV BENJAMIM BRASIL;;;534;;ColisÃ£o Transversal;Luz do Dia;Nublado;Seca;Meio de Quadra;NÃ£o HÃ¡ Controle;Comercial;0;2;0;1;0;0;0;0;0;1;0;0;"-3;80437717000";"-38;56841960000";mq_qgis
360135;11;9;2020;7:00;15290;RUA JOAQUIM NABUCO;RUA CANUTO DE AGUIAR;;;;ColisÃ£o Lateral;Luz do Dia;Nublado;Molhada;Cruz;Pare;Residencial;0;1;1;1;0;0;0;0;0;1;0;0;"-3;72936000000";"-38;49939000000";inter_match
360136;11;9;2020;8:10;0;RUA PDE RODOLFO;;;940;;Queda;Luz do Dia;Nublado;Seca;Meio de Quadra;NÃ£o HÃ¡ Controle;Residencial;0;1;0;0;0;0;0;0;0;1;0;0;"-3;80373140000";"-38;58770460000";mq_qgis
360137;11;9;2020;9:12;13375;AV ANTONIO SALES;RUA J DA PENHA;;0;;NÃ£o Informado;Luz do Dia;Bom;Seca;Cruz;Pare;Comercial;0;1;1;1;0;0;0;0;0;1;0;0;"-3;73954000000";"-38;52135200000";inter_match
360138;11;9;2020;9:13;5729;AV OLIVEIRA PAIVA;RUA TEOFREDO GOIANA;;;;ColisÃ£o Traseira;Luz do Dia;Bom;Seca;T;Pare;Comercial;0;2;1;0;0;0;0;0;0;1;0;0;"-3;79774400000";"-38;50122100000";inter_match
360139;11;9;2020;8:48;1572;AV DES MOREIRA;RUA VICENTE LINHARES;;0;;Tombamento;Luz do Dia;Nublado;Seca;Cruz;SemÃ¡foro;Comercial;0;0;0;0;0;0;0;0;0;0;0;0;"-3;74215300000";"-38;50025300000";inter_match
360140;11;9;2020;9:39;0;RUA MIN ALBUQUERQUE LIMA;AV C CJ CEARA;;816;;ColisÃ£o Transversal;Luz do Dia;Bom;Seca;Meio de Quadra;SemÃ¡foro;Comercial;0;2;1;0;0;0;1;0;0;1;0;0;"-3;76638960000";"-38;61111300000";inter_match
360141;11;9;2020;10:00;0;RUA VINTE E QUATRO DE MAIO;;;1230;;Choque c/ ObstÃ¡culo Fixo;Luz do Dia;Bom;Seca;Cruz;Pare;Comercial;0;1;1;0;1;0;0;0;0;1;0;0;"-3;73262600000";"-38;53384800000";mq_qgis
360142;11;9;2020;12:06;0;RUA ANDRE DALL OLIO;;;815;;ColisÃ£o;Luz do Dia;Bom;Seca;Meio de Quadra;NÃ£o HÃ¡ Controle;Residencial;0;1;1;1;0;1;0;0;0;0;0;0;"-3;73855000000";"-38;47785000000";mq_gpsv
360143;11;9;2020;13:10;1576;AV PDE ANTONIO TOMAS;RUA CEL JUCA;;;;ColisÃ£o Transversal;Luz do Dia;Bom;Seca;Cruz;SemÃ¡foro;Comercial;0;0;2;1;0;0;0;0;0;0;0;0;"-3;74239200000";"-38;49280300000";inter_match
360568;11;9;2020;19:44;9188;RUA NAPOLEAO LAUREANO;RUA PDE BARBOSA DE JESUS;;;;ColisÃ£o Transversal;Via Iluminada;Bom;Seca;Cruz;Pare;Residencial;0;1;1;1;0;0;0;0;0;0;0;0;"-3;74891700000";"-38;52854000000";inter_match
360549;11;9;2020;21:30;19137;RUA BATISTA DE OLIVEIRA;RUA ANDRE DALL OLIO;;;;ColisÃ£o Transversal;Via Iluminada;Bom;Seca;Cruz;Pare;Residencial;0;2;1;1;0;0;0;0;0;1;0;0;"-3;73919000000";"-38;47745400000";inter_match
360550;11;9;2020;1:20;5122;AV IMPERADOR;RUA SAO PAULO;;;;Choque c/ ObstÃ¡culo Fixo;;;;Cruz;SemÃ¡foro;Comercial;0;1;0;1;0;0;0;0;0;0;0;0;"-3;72404900000";"-38;53352200000";inter_match
360154;12;9;2020;19:07;0;AV BAR STUDART;;;1205;;ColisÃ£o Traseira;Via Iluminada;Bom;Seca;Meio de Quadra;Gesto;Comercial;0;1;1;1;0;0;0;0;0;1;0;0;"-3;73562400000";"-38;50694400000";mq_qgis
360155;12;9;2020;21:12;0;RUA VALDETARIO MOTA;RUA AVILA GOULART;;558;;ColisÃ£o Transversal;Via Iluminada;Bom;Seca;Meio de Quadra;Pare;Residencial;0;1;4;1;0;0;0;0;0;0;0;0;"-3;73465200000";"-38;47921000000";inter_match
360148;12;9;2020;8:27;25027;AV DR SILAS MUNGUBA;RUA PRA STELLA COCHRANE;;;;ColisÃ£o Lateral;Luz do Dia;Bom;Seca;T;SemÃ¡foro;Residencial;0;1;3;0;0;0;0;1;0;1;0;0;"-3;79309000000";"-38;53504300000";inter_match
360149;12;9;2020;9:20;0;RUA PDE JOAO PIAMARTA;;;598;;Choque c/ ObstÃ¡culo Fixo;Luz do Dia;Bom;Seca;Meio de Quadra;NÃ£o HÃ¡ Controle;Residencial;0;0;2;1;0;0;0;0;0;0;0;0;"-3;76020023000";"-38;54244360000";mq_qgis
360150;12;9;2020;9:00;1127;AV ODILON GUIMARAES;RUA SITIO GRAVITO;;;;ColisÃ£o Transversal;Luz do Dia;Bom;Seca;T;Pare;Residencial;0;2;1;1;0;1;0;0;0;1;0;0;"-3;81454000000";"-38;46705000000";inter_gpsv
360151;12;9;2020;13:48;0;RUA JAIME BENEVOLO;;;1582;;ColisÃ£o Traseira;Luz do Dia;Bom;Seca;Meio de Quadra;Gesto;Residencial;0;1;1;1;0;0;0;0;0;1;0;0;"-3;74603500000";"-38;53004000000";mq_qgis
360152;12;9;2020;16:45;15334;RUA VICENTE LEITE;RUA CANUTO DE AGUIAR;;0;;ColisÃ£o Transversal;Luz do Dia;Bom;Seca;Cruz;Pare;Residencial;0;0;2;1;0;0;0;0;0;0;0;0;"-3;73124700000";"-38;49352900000";inter_match
360183;12;9;2020;15:45;26286;AV ENG AGRONOMO JOSE GUIMARAES DUQUE;RUA PEDRO LAZAR;;;;ColisÃ£o Transversal;Luz do Dia;Bom;Seca;Cruz;Pare;Residencial;0;3;0;0;0;0;0;0;1;1;0;0;"-3;80488290000";"-38;48839060000";inter_match
362186;12;9;2020;15:30;0;RD BR 020;;;;KM 427;ColisÃ£o Traseira;Luz do Dia;;Seca;Meio de Quadra;;;0;0;2;1;0;0;1;0;0;0;0;0;"-3;86600000000";"-38;51500000000";rod_match
362141;12;9;2020;21:19;0;RUA IEDA PEREIRA;;;82;;ColisÃ£o;;;;Meio de Quadra;;;0;1;1;1;0;0;0;0;0;1;0;0;"-3;78433000000";"-38;48782000000";mq_gpsv
362142;12;9;2020;21:46;0;AV DUQ CAXIAS;;;;;Atropelamento;;;;Meio de Quadra;;;0;1;1;0;0;0;0;0;0;1;0;0;;;
362143;12;9;2020;21:54;0;AV NOVE;;;4611;;ColisÃ£o;;;;Meio de Quadra;;;0;1;1;1;0;0;0;0;0;1;0;0;;;
362144;12;9;2020;22:53;0;AV PRO JOSE ARTHUR CARVALHO;;;2271;;Queda;;;;Meio de Quadra;;;0;1;0;0;0;0;0;0;0;1;0;0;"-3;82450500000";"-38;45914200000";mq_match
362145;12;9;2020;22:55;0;RUA 3 DE MAIO;;;358;;ColisÃ£o;;;;Meio de Quadra;;;0;2;1;1;0;0;0;0;0;1;0;0;"-3;75130800000";"-38;56214030000";mq_qgis
362147;12;9;2020;23:09;0;RUA RAIMUNDO BIZARRIA;;;661;;ColisÃ£o;;;;Meio de Quadra;;;0;1;1;0;0;0;0;0;0;1;0;0;"-3;72554178000";"-38;57922240000";mq_qgis
362148;12;9;2020;23:27;0;RUA MANAUS;;;416;;ColisÃ£o;;;;Meio de Quadra;;;0;1;1;1;0;0;0;0;0;1;0;0;"-3;75165000000";"-38;59004000000";mq_gpsv
362033;12;9;2020;6:35;0;RUA JOSE AVELINO;;;;;ColisÃ£o;Luz do Dia;;;Meio de Quadra;;;0;1;1;0;0;0;0;0;0;0;0;0;;;
362034;12;9;2020;10:11;0;RUA JOAQUIM LIMA;;;333;;ColisÃ£o;Luz do Dia;;;Meio de Quadra;;;0;1;1;1;0;0;0;0;0;1;0;0;"-3;73975500000";"-38;48465600000";mq_qgis
362029;12;9;2020;4:49;0;AV JOR THOMAZ COELHO;;;1650;;Atropelamento;;;;Meio de Quadra;;;0;1;1;1;0;0;0;0;0;0;0;0;"-3;82980100000";"-38;50958800000";mq_match
362026;12;9;2020;2:37;0;RUA DIADEMA;;;222;;ColisÃ£o;;;;Meio de Quadra;;;0;2;1;1;0;0;0;0;0;1;0;0;"-3;84485000000";"-38;52257000000";mq_gpsv
362027;12;9;2020;4:19;0;RUA 15 DE NOVEMBRO;;;891;;ColisÃ£o;;;;Meio de Quadra;;;0;1;1;1;0;0;0;0;0;1;0;0;"-3;77028000000";"-38;55220000000";mq_gpsv
362080;12;9;2020;10:18;0;RUA JULIO GASPAR;;;899;;ColisÃ£o;Luz do Dia;;;Meio de Quadra;;;0;1;1;0;0;1;0;0;0;0;0;0;"-3;78531000000";"-38;55971000000";mq_gpsv
362081;12;9;2020;11:19;0;RUA MIGUEL GURGEL;;;;;Queda;Luz do Dia;;;Meio de Quadra;;;0;1;0;0;0;0;0;0;0;1;0;0;;;
362082;12;9;2020;11:30;4250;AV FRANCISCO SA;RUA PDE ANCHIETA;;;;ColisÃ£o;Luz do Dia;;;;;;0;1;1;1;0;0;0;0;0;1;0;0;"-3;71998800000";"-38;54953800000";inter_match
362084;12;9;2020;12:09;12688;RUA RIO ARAGUAIA;RUA PRP NASSAU;;;;Atropelamento;Luz do Dia;;;;;;0;1;1;1;0;0;0;0;0;0;0;0;"-3;72871800000";"-38;58241100000";inter_match
362085;12;9;2020;13:49;0;RUA IGUAPE;;;48;;ColisÃ£o;Luz do Dia;;;Meio de Quadra;;;0;1;1;1;0;0;0;0;0;1;0;0;"-3;77610523000";"-38;56969270000";mq_qgis
362093;12;9;2020;16:14;16057;AV GODOFREDO MACIEL;AV PRS COSTA E SILVA;;;;ColisÃ£o;Luz do Dia;;;Cruz;SemÃ¡foro;Comercial;0;1;1;1;0;0;0;0;0;1;0;0;"-3;81174300000";"-38;57473900000";inter_match
362094;12;9;2020;16:17;0;AV ZEZE DIOGO;;;992;;Queda;Luz do Dia;;;Meio de Quadra;;;0;1;0;0;0;0;0;0;0;1;0;0;"-3;71572748000";"-38;46529290000";mq_qgis
362095;12;9;2020;16:31;0;AV PRS CASTELO BRANCO;;;;;Queda;Luz do Dia;;;Meio de Quadra;;;0;1;0;0;0;0;0;0;0;1;0;0;;;
362096;12;9;2020;17:24;0;RUA DEP MATOSO FILHO;;;788;;ColisÃ£o;Anoitecer;;;Meio de Quadra;;;0;2;0;0;0;0;0;0;0;1;0;0;"-3;73293750000";"-38;59156200000";mq_qgis
362097;12;9;2020;17:53;0;RUA CARMEM CINIRA;;;296;;Atropelamento;Anoitecer;;;Meio de Quadra;;;0;1;1;1;0;0;0;0;0;0;0;0;;;
362098;12;9;2020;18:01;0;AV SEN FERNANDES TAVORA;;;3395;;ColisÃ£o;Anoitecer;;;Meio de Quadra;;;0;1;1;1;0;0;0;0;0;1;0;0;"-3;75428000000";"-38;60312000000";mq_gpsv
362099;12;9;2020;18:13;0;RUA CEL MATOS DOURADO;;;1033;;ColisÃ£o;Anoitecer;;;Meio de Quadra;;;0;1;1;0;0;0;0;0;0;0;0;0;"-3;74805600000";"-38;58476500000";mq_match
362100;12;9;2020;18:37;0;RUA CON DE CASTRO;;;6141;;ColisÃ£o;;;;Meio de Quadra;;;0;1;1;0;0;0;0;0;0;1;0;0;"-3;81610000000";"-38;59988700000";mq_match
362126;12;9;2020;20:33;0;RUA MONTE LIBANO;;;;;ColisÃ£o;;;;Meio de Quadra;;;0;1;1;1;0;0;0;0;0;1;0;0;;;
362124;12;9;2020;19:56;0;RUA ALM RUBIM;;;660;;ColisÃ£o;;;;Meio de Quadra;;;0;1;1;1;0;0;0;0;0;1;0;0;"-3;76360300000";"-38;55236550000";mq_qgis
362115;12;9;2020;19:30;0;AV BENJAMIM BRASIL;;;607;;ColisÃ£o;;;;Meio de Quadra;;;0;1;1;1;0;0;0;0;0;1;0;0;"-3;80463200000";"-38;56757480000";mq_qgis
362109;12;9;2020;18:58;0;RUA CARIUS;;;123;;ColisÃ£o;;;;Meio de Quadra;;;0;1;1;0;0;0;0;0;0;1;0;0;"-3;72290000000";"-38;58911000000";mq_gpsv
362122;12;9;2020;19:54;0;RUA DIREITA;;;255;;Queda;;;;Meio de Quadra;;;0;1;0;0;0;0;0;0;0;1;0;0;"-3;83760000000";"-38;57591000000";mq_gpsv
362087;12;9;2020;15:27;0;AV PRS CASTELO BRANCO;;;6390;;ColisÃ£o;Luz do Dia;;;Meio de Quadra;;;0;1;1;1;0;0;0;0;0;1;0;0;"-3;70001050000";"-38;58775350000";mq_qgis
360587;12;9;2020;7:00;0;AV ALBERTO NEPOMUCENO;;;;;Atropelamento;Luz do Dia;Bom;Seca;Meio de Quadra;NÃ£o HÃ¡ Controle;Comercial;1;1;1;0;0;0;1;0;0;0;0;0;"-3;43230000000";"-38;31270000000";fat_match
360581;12;9;2020;16:12;10046;RUA EMILIO DE MENESES;RUA BRAGANCA;;;;ColisÃ£o Traseira;Luz do Dia;Bom;Seca;Cruz;SemÃ¡foro;Comercial;0;0;2;1;0;0;0;1;0;0;0;0;"-3;77927700000";"-38;59616600000";inter_match
360604;12;9;2020;16:50;0;AV RAD JOSE LIMA VERDE;;;655;;ColisÃ£o Lateral;Luz do Dia;Bom;Seca;Meio de Quadra;;Comercial;0;0;2;1;0;0;0;0;0;0;0;0;"-3;69638307000";"-38;58642360000";mq_qgis
360578;12;9;2020;15:50;0;AV JOR THOMAZ COELHO;;;2245;;ColisÃ£o Frontal;Luz do Dia;Bom;;Meio de Quadra;;;0;1;1;1;0;0;0;0;0;1;0;0;"-3;82802288000";"-38;51584960000";mq_qgis
360574;12;9;2020;10:07;0;RUA BAR RIO BRANCO;;;2027;;ColisÃ£o Lateral;Luz do Dia;Bom;Seca;Meio de Quadra;NÃ£o HÃ¡ Controle;Comercial;0;1;1;1;0;0;0;0;0;1;0;0;"-3;73590653000";"-38;53127730000";mq_qgis
361088;12;9;2020;12:40;0;RUA CAP CLOVIS MAIA;;;;;Capotamento;Luz do Dia;Bom;Seca;Meio de Quadra;;;0;1;0;1;0;0;0;0;0;0;0;0;;;
360571;12;9;2020;19:50;15258;RUA PEREIRA FILGUEIRAS;RUA ANTONIO AUGUSTO;;;;ColisÃ£o Transversal;Via Iluminada;Bom;Seca;Cruz;Pare;Comercial;0;1;1;1;0;0;0;0;0;1;0;0;"-3;72838000000";"-38;51286600000";inter_match
360612;13;9;2020;21:35;15334;RUA CANUTO DE AGUIAR;RUA VICENTE LEITE;;;;ColisÃ£o Transversal;Via Iluminada;Bom;Seca;Cruz;Pare;Residencial;0;0;4;1;0;0;0;0;0;0;0;0;"-3;73124700000";"-38;49352900000";inter_match
362149;13;9;2020;0:39;22176;AV ENG HUMBERTO MONTE;AV JOSE BASTOS;;;;Queda;;;;T;SemÃ¡foro;Comercial;0;1;0;0;0;0;0;0;0;1;0;0;"-3;75496600000";"-38;55545500000";inter_match
362161;13;9;2020;1:34;0;AV AUGUSTO DOS ANJOS;RUA PRO GOMES BRASIL;;;;ColisÃ£o;;;;;;;0;1;1;0;0;0;0;0;0;1;0;0;"-3;77015300000";"-38;57042700000";inter_match
362162;13;9;2020;1:36;0;RUA LOURDES VIDAL ALVES;;;542;;Queda;;;;Meio de Quadra;;;0;1;0;0;0;0;0;0;0;1;0;0;;;
362163;13;9;2020;5:59;0;AV VILA DO MAR;;;;;Queda;Amanhecer;;;Meio de Quadra;;;0;1;0;0;0;0;0;0;0;1;0;0;;;
362164;13;9;2020;9:01;0;AV RAD JOSE LIMA VERDE;;;;;Queda;Luz do Dia;;;Meio de Quadra;;;0;1;0;0;0;0;0;0;0;1;0;0;;;
362165;13;9;2020;12:07;0;RUA PEDRO DANTAS;;;390;;ColisÃ£o;Luz do Dia;;;Meio de Quadra;;;0;1;1;1;0;0;0;0;0;1;0;0;"-3;78608991000";"-38;52093170000";mq_qgis
362166;13;9;2020;12:16;0;AV BENJAMIM BRASIL;;;714;;ColisÃ£o;Luz do Dia;;;Meio de Quadra;;;0;1;1;1;0;0;0;0;0;1;0;0;"-3;80503560000";"-38;56598000000";mq_match
362167;13;9;2020;12:21;5316;RUA FLORIANO PEIXOTO;RUA PEDRO PEREIRA;;;;ColisÃ£o;Luz do Dia;;;Cruz;Pare;Comercial;0;1;1;1;0;0;0;0;0;1;0;0;"-3;72987300000";"-38;52796200000";inter_match
362168;13;9;2020;13:46;25238;RUA PRISCO BEZERRA;RUA JOSE RANGEL;;;;Choque c/ ObstÃ¡culo Fixo;Luz do Dia;;;Outros;NÃ£o HÃ¡ Controle;Comercial;0;1;0;1;0;0;0;0;0;0;0;0;"-3;73905000000";"-38;46977000000";inter_gpsv
362169;13;9;2020;16:23;0;RUA TEODOMIRO DE CASTRO;;;6180;;Atropelamento;Luz do Dia;;;Meio de Quadra;;;0;2;0;0;0;0;0;0;0;1;0;0;"-3;71738011000";"-38;57536530000";mq_qgis
362170;13;9;2020;16:26;11671;RUA ELISEU VIANA;RUA JOAQUIM M DE MACEDO;;;;ColisÃ£o;Luz do Dia;;;;;;0;1;1;1;0;0;0;0;0;1;0;0;"-3;77083000000";"-38;58863000000";inter_gpsv
362171;13;9;2020;17:43;3095;RUA MARIA QUINTELA;RUA FRANCISCO DE SALES;;;;ColisÃ£o;Anoitecer;;;Cruz;Pare;Residencial;0;1;1;1;0;0;0;0;0;1;0;0;"-3;77680100000";"-38;58439500000";inter_match
362172;13;9;2020;18:03;0;RUA BOM JESUS (GRANJA LISBOA);;;1012;;ColisÃ£o;Anoitecer;;;Meio de Quadra;;;0;1;1;1;0;0;0;0;0;1;0;0;"-3;79399424000";"-38;60258500000";mq_qgis
362173;13;9;2020;18:27;0;AV CESAR CALS;;;495;;ColisÃ£o;Anoitecer;;;Meio de Quadra;;;0;1;1;0;0;0;0;0;0;0;0;0;"-3;72245606000";"-38;46371170000";mq_qgis
362174;13;9;2020;18:48;0;AV ODILON GUIMARAES;;;2249;;Atropelamento;;;;Meio de Quadra;;;0;2;0;0;0;0;0;0;0;1;0;0;"-3;81898600000";"-38;47473700000";mq_match
362175;13;9;2020;18:54;0;RUA FRANCO ROCHA;;;335;;Queda;;;;Meio de Quadra;;;0;1;0;0;0;0;0;0;0;1;0;0;"-3;75543100000";"-38;57955100000";mq_qgis
362176;13;9;2020;19:55;1581;RUA MON CATAO;AV PDE ANTONIO TOMAS;;;;Atropelamento;;;;Cruz;SemÃ¡foro;Comercial;0;1;1;0;0;0;0;0;0;1;0;0;"-3;74270800000";"-38;49184300000";inter_match
362177;13;9;2020;20:11;5965;AV F CJ CEARA;AV C CJ CEARA;;;;Queda;;;;RotatÃ³ria;DÃª PreferÃªncia;Residencial;0;1;0;0;0;0;0;0;0;1;0;0;"-3;76321000000";"-38;60821000000";inter_gpsv
362178;13;9;2020;20:18;0;RD BR 116;;;16000;KM-16;ColisÃ£o;;;;Meio de Quadra;;;0;1;1;1;0;0;0;0;0;1;0;0;"-3;76116570000";"-38;51905670000";rod_match
362179;13;9;2020;20:21;0;RUA JOAQUIM MAGALHAES;;;64;;ColisÃ£o;;;;Meio de Quadra;;;0;1;1;1;0;0;0;0;0;1;0;0;"-3;73753900000";"-38;53506300000";mq_qgis
362187;13;9;2020;20:15;0;RD BR 116;;;;KM-15;Atropelamento;Anoitecer;;Seca;Meio de Quadra;;;0;1;1;1;0;0;0;0;0;0;0;0;"-3;88232900000";"-38;50111300000";rod_match
362181;13;9;2020;20:58;0;RUA CARLOS CHAGAS;;;1450;;Queda;;;;Meio de Quadra;;;0;1;0;0;0;0;0;0;0;1;0;0;"-3;77797074000";"-38;59283740000";mq_qgis
362182;13;9;2020;21:54;0;RUA MARIO DE ANDRADE;;;530;;ColisÃ£o;;;;Meio de Quadra;;;1;1;0;0;0;0;0;0;0;1;0;0;"-3;75207311000";"-38;56059580000";mq_qgis
362183;13;9;2020;23:01;0;TR BRI TORRES;;;1522;;ColisÃ£o;;;;Meio de Quadra;;;0;1;1;0;0;0;1;0;0;1;0;0;;;
360156;13;9;2020;2:20;0;AV AMERICO BARREIRA;AV AUGUSTO DOS ANJOS;;0;;NÃ£o Informado;Via Iluminada;Bom;Seca;Meio de Quadra;SemÃ¡foro;Comercial;0;1;1;0;0;0;0;0;0;1;0;0;"-3;76674000000";"-38;56884000000";inter_gpsv
360157;13;9;2020;0:43;0;AV BAR STUDART;;;1165;;ColisÃ£o;Luz do Dia;Bom;Seca;Meio de Quadra;NÃ£o HÃ¡ Controle;Comercial;0;1;1;1;0;0;0;0;0;1;0;0;"-3;73531600000";"-38;50684900000";mq_qgis
360158;13;9;2020;6:40;19539;AV DR SILAS MUNGUBA;RUA EQUADOR;;;;ColisÃ£o Traseira;Luz do Dia;Bom;Seca;Cruz;SemÃ¡foro;Comercial;0;1;1;0;1;0;0;0;0;1;0;0;"-3;78237700000";"-38;55543400000";inter_match
360159;13;9;2020;13:58;7413;RUA CEL MATOS DOURADO;RUA PRO PAULO LOPES;;0;;NÃ£o Informado;Luz do Dia;Bom;Seca;Cruz;Pare;Residencial;0;0;3;1;0;0;0;0;0;0;0;0;"-3;75722500000";"-38;58433400000";inter_match
360160;13;9;2020;14:43;0;AV PRO JOSE ARTHUR CARVALHO;;;955;;ColisÃ£o Traseira;Luz do Dia;Bom;Seca;Meio de Quadra;NÃ£o HÃ¡ Controle;Comercial;0;2;1;1;0;0;0;0;0;1;0;0;"-3;82463000000";"-38;45807000000";mq_gpsv