COD_ACIDENTE;DIA;MES;ANO;HORA;INTERSECAO;LOG1;LOG2;LOG3;NUMERO;REFERENCIA;NATUREZA;ILUMINACAO;TEMPO;SUPERFICIEPISTA;TIPOCRUZAMENTO;CONTROLETRAFEGO;USOSOLO;MORTOS;FERIDOS;ILESOS;AUTOMOVEL;ONIBUS;BICICLETA;CAMINHAO;MICROONIBUS;CICLOMOTOR;MOTOCICLETA;TRACAOANIMAL;TREM;LATITUDE;LONGITUDE;METODO
360161;13;9;2020;19:11;0;AV PRS JUSCELINO KUBITSCHEK (PASSARÃ‰);;;3999;;Engavetamento;Via Iluminada;Bom;Seca;Meio de Quadra;SemÃ¡foro;Comercial;0;0;4;1;0;0;0;0;0;0;0;0;"-3;81671000000";"-38;53180000000";mq_gpsv
360162;13;9;2020;18:12;0;RUA ESTEVAO DE CAMPOS;;;431;;ColisÃ£o Lateral;Anoitecer;Bom;Seca;Meio de Quadra;NÃ£o HÃ¡ Controle;Residencial;0;1;2;1;0;0;0;0;0;1;0;0;"-3;70547100000";"-38;57876700000";mq_match
360164;14;9;2020;1:20;0;RUA SOLON PINHEIRO;;;1143;;Choque c/ ObstÃ¡culo Fixo;Via Iluminada;Bom;Seca;Meio de Quadra;NÃ£o HÃ¡ Controle;Residencial;0;0;2;1;0;0;0;0;0;0;0;0;"-3;74004390000";"-38;52950300000";mq_match
360165;14;9;2020;7:14;0;RUA VALPARAISO;RUA UM (JANGURUSSU);;156;;ColisÃ£o Transversal;Luz do Dia;Bom;Seca;;;;0;2;1;1;0;0;0;0;0;1;0;0;"-3;84636000000";"-38;51950000000";inter_gpsv
360166;14;9;2020;10:38;0;AV 13 DE MAIO;RUA GOIANIA;RUA PRO MIRAMAR DA PONTE;1995;;ColisÃ£o Transversal;Luz do Dia;Bom;Seca;Meio de Quadra;NÃ£o HÃ¡ Controle;Residencial;0;1;2;1;0;0;0;0;0;1;0;0;;;
360167;14;9;2020;10:30;0;RUA SEN ROBERT KENNEDY;;;230;;ColisÃ£o Transversal;Luz do Dia;Bom;Seca;Meio de Quadra;NÃ£o HÃ¡ Controle;Comercial;0;1;1;1;0;0;0;0;0;0;0;0;"-3;70209100000";"-38;57808100000";mq_qgis
360168;14;9;2020;10:07;9041;RUA ASSUNCAO;RUA PDE MIGUELINHO;;;;ColisÃ£o;Luz do Dia;Bom;Seca;Cruz;Pare;Residencial;0;2;0;0;0;0;0;0;0;1;0;0;"-3;74333700000";"-38;53160200000";inter_match
360169;14;9;2020;15:20;0;AV ROGACIANO LEITE;;;2411;;ColisÃ£o Lateral;Luz do Dia;Bom;Seca;Meio de Quadra;Pare;Residencial;0;1;1;1;0;0;0;0;0;1;0;0;"-3;77616000000";"-38;50015000000";mq_match
360170;14;9;2020;13:00;24271;RUA PEREIRA VALENTE;RUA 8 DE SETEMBRO;;;;ColisÃ£o Transversal;Luz do Dia;Bom;Seca;Cruz;Pare;Residencial;0;1;1;1;0;0;0;0;0;1;0;0;"-3;73480150000";"-38;48715600000";inter_match
360171;14;9;2020;16:35;5749;AV DES GONZAGA;RUA JULIO LIMA;;;;ColisÃ£o Lateral;Luz do Dia;Bom;Seca;Cruz;Pare;Comercial;0;1;1;0;0;0;0;0;0;1;0;0;"-3;79614300000";"-38;50041100000";inter_match
360223;14;9;2020;10:06;0;AV GODOFREDO MACIEL;;;2959;;ColisÃ£o Traseira;Luz do Dia;Bom;Seca;Meio de Quadra;NÃ£o HÃ¡ Controle;Comercial;0;0;3;1;0;0;0;0;0;0;0;0;"-3;80175800000";"-38;57157000000";mq_match
362191;14;9;2020;18:10;0;RD BR 116;;;;KM-13;Atropelamento;Anoitecer;;Seca;Meio de Quadra;;;1;1;0;0;0;0;0;0;0;1;0;0;"-3;86467000000";"-38;49772700000";rod_match
362314;14;9;2020;7:27;0;AV WASHINGTON SOARES;;;11999;;Queda;Luz do Dia;;;Meio de Quadra;;;0;1;0;0;0;0;0;0;0;1;0;0;;;
362315;14;9;2020;8:45;0;RUA GUILHERME ALMEIDA;;;128;;Queda;Luz do Dia;;;Meio de Quadra;;;0;1;0;0;0;1;0;0;0;0;0;0;"-3;85078000000";"-38;49692000000";mq_gpsv
362316;14;9;2020;9:36;0;RUA MARIA GOMES DE SA;;;1995;;Queda;Luz do Dia;;;Meio de Quadra;;;0;1;0;0;0;0;0;0;0;1;0;0;"-3;82155200000";"-38;58550400000";mq_match
362317;14;9;2020;9:54;10806;RUA GOIANIA;RUA PRO MIRAMAR DA PONTE;;;;ColisÃ£o;Luz do Dia;;;;;;0;1;1;1;0;0;0;0;0;1;0;0;"-3;76356700000";"-38;58672500000";inter_match
362319;14;9;2020;10:07;0;RD BR 116;;;12000;KM-12;ColisÃ£o;Luz do Dia;;;Meio de Quadra;;;0;1;1;0;0;0;0;0;0;0;0;0;"-3;85574000000";"-38;49606600000";rod_match
362320;14;9;2020;10:32;0;AV DR SILAS MUNGUBA;;;3673;;ColisÃ£o;Luz do Dia;;;Meio de Quadra;;;0;1;1;1;0;0;0;0;0;1;0;0;"-3;79023206000";"-38;54076800000";mq_qgis
362312;14;9;2020;7:25;0;RUA CON DE CASTRO;;;4537;;ColisÃ£o;Luz do Dia;;;Meio de Quadra;;;0;1;1;1;0;0;0;0;0;1;0;0;"-3;80489700000";"-38;59180700000";mq_match
362323;14;9;2020;12:30;0;RUA VIS CAIRU;;;436;;ColisÃ£o;Luz do Dia;;;Meio de Quadra;;;0;1;1;1;0;0;0;0;0;1;0;0;"-3;72660000000";"-38;46435000000";mq_gpsv
362325;14;9;2020;13:11;0;RUA MON CARNEIRO DA CUNHA;;;300;;Queda;Luz do Dia;;;Meio de Quadra;;;0;1;0;0;0;0;0;0;0;1;0;0;"-3;77496000000";"-38;49382800000";mq_qgis
362326;14;9;2020;13:35;0;ET DO FIO (MESSEJANA);;;2000;;ColisÃ£o;Luz do Dia;;;Meio de Quadra;;;0;1;1;0;0;0;0;0;0;0;0;0;;;
362327;14;9;2020;13:39;0;AV AMERICO BARREIRA;;;5592;;ColisÃ£o;Luz do Dia;;;Meio de Quadra;;;0;2;0;0;0;0;0;0;0;1;0;0;"-3;76076440000";"-38;56442300000";mq_match
362328;14;9;2020;13:55;0;RUA PRISCO BEZERRA;;;2070;;Queda;Luz do Dia;;;Meio de Quadra;;;0;1;0;0;0;0;0;0;0;1;0;0;"-3;73615000000";"-38;47084000000";mq_gpsv
362329;14;9;2020;15:06;0;RUA JOSE HIPOLITO;;;33;;Atropelamento;Luz do Dia;;;Meio de Quadra;;;0;1;1;0;0;0;0;0;0;1;0;0;"-3;83270000000";"-38;49379000000";mq_gpsv
362330;14;9;2020;15:31;0;AV PRO JOSE ARTHUR CARVALHO;;;1535;;ColisÃ£o;Luz do Dia;;;Meio de Quadra;;;0;1;1;1;0;0;0;0;0;1;0;0;"-3;82652500000";"-38;46573200000";mq_match
362331;14;9;2020;18:11;11455;AV PLACIDO CASTELO;RUA CASTRO DE ALENCAR;;;;ColisÃ£o;Anoitecer;;;;;;0;1;1;0;0;0;0;0;0;0;0;0;"-3;78212300000";"-38;50589900000";inter_match
362332;14;9;2020;18:40;779;AV GOV RAUL BARBOSA;RUA TEN JAIME ANDRADE;;;;Atropelamento;;;;Cruz;NÃ£o HÃ¡ Controle;Comercial;0;1;1;0;0;0;0;0;0;1;0;0;"-3;77073000000";"-38;51089000000";inter_gpsv
362333;14;9;2020;18:46;17412;RUA ALBERTO MAGNO;RUA BAR SOBRAL;;;;Queda;;;;Cruz;SemÃ¡foro;Comercial;0;1;0;0;0;0;0;0;0;1;0;0;"-3;76799100000";"-38;55241700000";inter_match
362334;14;9;2020;19:02;0;AV PDE ANTONIO TOMAS;;;3377;;ColisÃ£o;;;;Meio de Quadra;;;0;1;1;1;0;0;0;0;0;1;0;0;"-3;74590600000";"-38;48194700000";mq_qgis
362335;14;9;2020;20:35;0;AV BEZERRA DE MENEZES;;;;;ColisÃ£o;;;;Meio de Quadra;;;0;2;1;0;0;0;1;0;0;1;0;0;;;
360718;14;9;2020;16:40;0;RD CE-060;;;3000;KM-03;ColisÃ£o;Luz do Dia;;;Meio de Quadra;;;0;1;1;0;0;0;1;0;0;1;0;0;"-3;84303800000";"-38;58513300000";rod_match
361085;14;9;2020;9:20;0;RUA MATOS VASCONCELOS;;;955;;ColisÃ£o Lateral;Luz do Dia;Bom;Seca;Meio de Quadra;NÃ£o HÃ¡ Controle;Residencial;0;1;1;1;0;1;0;0;0;0;0;0;"-3;75420960000";"-38;55320020000";mq_qgis
361060;14;9;2020;14:34;23738;RUA DELTA;RUA ILHA BELA;;;;ColisÃ£o Transversal;Luz do Dia;Bom;Seca;Cruz;Pare;Residencial;0;1;1;1;0;0;0;0;0;1;0;0;"-3;78979700000";"-38;57699300000";inter_match
361061;14;9;2020;18:40;22299;RUA SOARES BULCAO;RUA JOSE CANDIDO D08;;;;ColisÃ£o Transversal;Via Iluminada;Bom;Seca;Cruz;Pare;Residencial;0;1;1;1;0;0;0;0;0;0;0;0;"-3;73193100000";"-38;55135700000";inter_match
361062;14;9;2020;8:30;0;RUA CEL MATOS DOURADO;;;1309;;ColisÃ£o Lateral;Luz do Dia;Bom;Seca;Meio de Quadra;Outros;Comercial;1;0;1;1;0;0;0;0;0;1;0;0;"-3;75158961000";"-38;58342460000";mq_qgis
361076;14;9;2020;15:50;15838;RUA GURGEL DO AMARAL;TR MARIO BARCELO;;;;ColisÃ£o Frontal;Luz do Dia;Bom;Inundada;T;NÃ£o HÃ¡ Controle;Residencial;0;2;0;0;0;1;0;0;0;1;0;0;"-3;83310000000";"-38;49137000000";inter_gpsv
360716;15;9;2020;10:10;0;AV SEN CARLOS JEREISSATI (AEROPORTO);;;3000;KM 03;ColisÃ£o;Luz do Dia;;;Meio de Quadra;;;0;0;2;1;0;0;0;0;0;0;0;0;"-3;77964100000";"-38;54403800000";mq_match
362350;15;9;2020;6:03;0;RUA CONRADO MALTA;;;276;;Queda;Luz do Dia;;;Meio de Quadra;;;0;2;0;0;0;1;0;0;0;0;0;0;"-3;83498933000";"-38;50210360000";mq_qgis
362351;15;9;2020;6:16;7733;AV JOAO PESSOA;RUA BAR SOBRAL;;;;NÃ£o Informado;Luz do Dia;;;Cruz;SemÃ¡foro;Comercial;0;1;0;0;0;0;0;0;0;1;0;0;"-3;76450960000";"-38;55870570000";inter_match
362352;15;9;2020;7:48;0;AV WASHINGTON SOARES;;;;;Atropelamento;Luz do Dia;;;Meio de Quadra;;;0;2;0;0;0;1;0;0;0;0;0;0;;;
362359;15;9;2020;9:02;0;AV PRS COSTA E SILVA;;;1801;JOSE WALTER;ColisÃ£o;Luz do Dia;;;Meio de Quadra;;;0;1;1;0;0;0;0;0;0;0;0;0;"-3;82061990000";"-38;55915400000";mq_match
362364;15;9;2020;10:14;419;RUA PRO VIRGILIO DE MORAIS;RUA GRACO CARDOSO;;;;ColisÃ£o;Luz do Dia;;;Cruz;Pare;Residencial;0;1;1;1;0;0;0;0;0;1;0;0;"-3;75182000000";"-38;59672000000";inter_gpsv
362365;15;9;2020;11:03;0;AV JOSE LEON;;;1601;;ColisÃ£o;Luz do Dia;;;Meio de Quadra;;;0;1;1;1;0;0;0;0;0;1;0;0;"-3;78901800000";"-38;49700100000";mq_match
362366;15;9;2020;12:26;6564;AV H CJ CEARA;AV G CJ CEARA;;;;Queda;Luz do Dia;;;T;Pare;Misto;0;1;0;0;0;0;0;0;0;1;0;0;"-3;77573900000";"-38;61016700000";inter_match
362361;15;9;2020;10:03;0;RUA L CJ VILA VELHA;;;1366;;ColisÃ£o;Luz do Dia;;;Meio de Quadra;;;0;1;1;1;0;0;0;0;0;1;0;0;;;
362368;15;9;2020;12:28;15190;AV ABOLICAO;RUA JOAQUIM NABUCO;;;;ColisÃ£o;Luz do Dia;;;Cruz;SemÃ¡foro;Residencial;0;2;1;1;0;0;0;0;0;1;0;0;"-3;72637300000";"-38;49843600000";inter_match
362372;15;9;2020;15:35;0;AV PDE ANTONIO TOMAS;;;;;ColisÃ£o;Luz do Dia;;;Meio de Quadra;;;0;1;1;1;0;0;0;0;0;1;0;0;;;
362373;15;9;2020;16:06;0;RUA VITORIA (AV. PERIMETRAL);;;1583;;ColisÃ£o;Luz do Dia;;;Meio de Quadra;;;0;1;1;0;0;0;0;0;0;0;0;0;"-3;76607024000";"-38;58901470000";mq_qgis
362374;15;9;2020;17:09;0;RUA JOAQUIM FROTA;;;923;;Atropelamento;Anoitecer;;;Meio de Quadra;;;0;1;1;1;0;0;0;0;0;0;0;0;"-3;80120375000";"-38;47042450000";mq_qgis
362370;15;9;2020;14:47;0;AV PRS COSTA E SILVA;;;859;;ColisÃ£o;Luz do Dia;;;Meio de Quadra;;;0;1;1;0;0;0;0;0;0;1;0;0;"-3;81277200000";"-38;57183600000";mq_match
362380;15;9;2020;18:08;0;AV BEIRA MAR;;;1140;;ColisÃ£o;Anoitecer;;;Meio de Quadra;;;0;1;1;1;0;0;0;0;0;1;0;0;"-3;72065350000";"-38;51040050000";mq_qgis
362382;15;9;2020;18:27;19469;AV AUGUSTO DOS ANJOS;AV GAL OSORIO DE PAIVA;;;;ColisÃ£o;Anoitecer;;;Outros;SemÃ¡foro;Comercial;0;1;1;1;0;0;0;0;0;1;0;0;"-3;78734900000";"-38;58493900000";inter_match
362387;15;9;2020;18:54;0;RUA DAURA;;;200;;Queda;;;;Meio de Quadra;;;0;1;0;0;0;1;0;0;0;0;0;0;"-3;82296635000";"-38;50528800000";mq_qgis
362391;15;9;2020;19:49;0;AV OLIVEIRA PAIVA;;;740;;Atropelamento;;;;Meio de Quadra;;;0;2;0;0;0;0;0;0;0;1;0;0;"-3;79662080000";"-38;49900000000";mq_match
362847;15;9;2020;12:10;0;RUA CARVALHO MOTA;;;;;ColisÃ£o;Luz do Dia;;;Meio de Quadra;;;0;1;1;0;0;0;1;0;0;0;0;0;;;
360172;15;9;2020;6:48;0;RUA BAR RIO BRANCO;;;2424;;ColisÃ£o;Luz do Dia;Bom;Seca;Meio de Quadra;NÃ£o HÃ¡ Controle;Escola;0;1;1;1;0;0;0;0;0;1;0;0;"-3;73955000000";"-38;53242700000";mq_match
360173;15;9;2020;6:37;0;RUA VIS MAUA;;;2555;;ColisÃ£o Lateral;Luz do Dia;Bom;Seca;Meio de Quadra;NÃ£o HÃ¡ Controle;Residencial;0;1;1;1;0;0;0;0;0;1;0;0;"-3;74720100000";"-38;50297700000";mq_qgis
360174;15;9;2020;7:50;1450;RUA JOAO CARVALHO;RUA JOSE VILAR;;;;ColisÃ£o Transversal;Luz do Dia;Bom;Seca;Cruz;SemÃ¡foro;Escola;0;2;0;0;0;0;0;0;0;1;0;0;"-3;73831800000";"-38;50547700000";inter_match
360175;15;9;2020;8:26;0;AV GAL OSORIO DE PAIVA;AV LUIZ VIEIRA;;0;;ColisÃ£o Traseira;Luz do Dia;Bom;Seca;;;;0;1;1;1;0;0;0;0;0;1;0;0;"-3;79098000000";"-38;58862000000";inter_gpsv
360176;15;9;2020;11:16;0;AV SANTOS DUMONT;;;3701;;ColisÃ£o Traseira;Luz do Dia;Bom;Seca;Cruz;NÃ£o HÃ¡ Controle;Comercial;0;0;2;0;0;0;0;0;0;1;0;0;"-3;73874500000";"-38;49056400000";mq_qgis
360177;15;9;2020;14:36;502;AV SEN FERNANDES TAVORA;RUA PRO VIRGILIO DE MORAIS;;;;ColisÃ£o Traseira;Luz do Dia;Bom;Seca;Cruz;SemÃ¡foro;Comercial;0;1;1;1;0;0;0;0;0;0;0;0;"-3;75523260000";"-38;59735000000";inter_match
360178;15;9;2020;13:21;0;RUA LEONARDO MOTA;;;774;;ColisÃ£o Lateral;Luz do Dia;Bom;Seca;Meio de Quadra;NÃ£o HÃ¡ Controle;Comercial;0;1;1;1;0;0;0;0;0;1;0;0;"-3;73379300000";"-38;49542000000";mq_match
360179;15;9;2020;15:00;0;AV JOSE JATAHY;AV JOVITA FEITOSA;;2025;;ColisÃ£o Transversal;Luz do Dia;Bom;Seca;;;;0;1;1;0;0;0;0;0;0;1;0;0;"-3;73727300000";"-38;54393600000";inter_match
360181;15;9;2020;17:22;0;RUA VERBENA;;;386;;Choque c/ ObstÃ¡culo Fixo;Luz do Dia;Bom;Seca;Meio de Quadra;Pare;Residencial;0;0;1;1;0;0;0;0;0;0;0;0;"-3;77949784000";"-38;58832290000";mq_qgis
360182;15;9;2020;17:21;0;AV AUGUSTO DOS ANJOS;RUA PRO GOMES BRASIL;;0;;ColisÃ£o Transversal;Anoitecer;Bom;Seca;Meio de Quadra;;;0;1;2;1;0;0;0;0;0;1;0;0;"-3;77015300000";"-38;57042700000";inter_match
360184;15;9;2020;19:20;0;AV CEL CARVALHO;;;836;;ColisÃ£o Traseira;Via Iluminada;Bom;Seca;Meio de Quadra;SemÃ¡foro;Comercial;0;1;1;1;0;0;0;0;0;0;0;0;"-3;70941400000";"-38;59003100000";mq_match
360185;15;9;2020;19:00;0;RUA BARRA VERMELHA;;;209;;Atropelamento;Via Iluminada;Bom;Seca;Meio de Quadra;Pare;Residencial;0;2;0;0;0;0;0;0;0;1;0;0;"-3;78903000000";"-38;61494000000";mq_gpsv
360186;16;9;2020;8:32;26077;AV JOSE JATAHY;AV DUQ CAXIAS;;;;ColisÃ£o Transversal;Luz do Dia;Bom;Seca;T;SemÃ¡foro;Comercial;0;1;1;1;0;0;0;0;0;1;0;0;"-3;72669800000";"-38;54556600000";inter_match
360187;16;9;2020;11:30;0;AV AGUANAMBI;;;0;;ColisÃ£o Traseira;Luz do Dia;Bom;Seca;Outros;NÃ£o HÃ¡ Controle;Comercial;0;0;6;1;0;0;0;0;0;0;0;0;"-3;75551960000";"-38;52305600000";mq_match
360188;16;9;2020;13:50;0;AV CESAR CALS;;;1261;;ColisÃ£o Transversal;Luz do Dia;Bom;Seca;Meio de Quadra;NÃ£o HÃ¡ Controle;Residencial;0;1;1;1;0;0;0;0;0;1;0;0;"-3;72895308000";"-38;46024330000";mq_qgis
360189;16;9;2020;15:53;0;RUA TEODOMIRO DE CASTRO;;;6058;;ColisÃ£o Traseira;Luz do Dia;Bom;Seca;Meio de Quadra;NÃ£o HÃ¡ Controle;Comercial;0;1;1;1;0;0;0;0;0;1;0;0;"-3;71764450000";"-38;57465400000";mq_qgis
360190;16;9;2020;16:48;0;AV ENG HUMBERTO MONTE;;;2810;;ColisÃ£o Traseira;Luz do Dia;Bom;Seca;Meio de Quadra;SemÃ¡foro;Comercial;0;0;0;1;0;0;0;0;0;0;0;0;"-3;73875980000";"-38;56908000000";mq_match
360191;16;9;2020;17:50;14589;AV EDILSON B SOARES;RUA MARVIN;;;;ColisÃ£o Transversal;Anoitecer;Bom;Seca;Cruz;Pare;Comercial;0;1;1;0;0;0;0;0;0;1;0;0;"-3;78973600000";"-38;48385500000";inter_match
360192;16;9;2020;17:45;0;AV HIS RAIMUNDO GIRAO;;;91;;ColisÃ£o Transversal;Anoitecer;Bom;Seca;Meio de Quadra;NÃ£o HÃ¡ Controle;Comercial;0;1;1;0;0;0;0;0;0;1;0;0;"-3;72030000000";"-38;51510000000";mq_match
362392;16;9;2020;0:20;0;RUA BRAGANCA;;;1219;;Queda;;;;Meio de Quadra;;;0;1;0;0;0;0;0;0;0;1;0;0;"-3;78418100000";"-38;59746100000";mq_qgis
362389;16;9;2020;9:31;0;RUA ESPIRITO SANTO;;;;;ColisÃ£o;Luz do Dia;;;Meio de Quadra;;;0;1;1;0;0;0;0;0;0;1;0;0;;;
362390;16;9;2020;8:10;0;RUA PORTO VELHO;;;135;;ColisÃ£o;Luz do Dia;;;Meio de Quadra;;;0;1;0;0;0;0;0;0;0;0;0;0;"-3;76870622000";"-38;58190460000";mq_qgis
362386;16;9;2020;11:41;0;RUA JULIO SILVA;;;440;;ColisÃ£o;Luz do Dia;;;Meio de Quadra;;;0;1;1;0;0;0;0;0;0;1;0;0;"-3;74537000000";"-38;45462000000";mq_match
362376;16;9;2020;13:39;0;RUA CAP TIBURCIO DA FROTA;;;868;;ColisÃ£o;Luz do Dia;;;Meio de Quadra;;;0;1;0;0;0;0;0;0;0;0;0;0;"-3;75483303000";"-38;51248840000";mq_qgis
362377;16;9;2020;12:15;0;AV 13 DE MAIO;;;1383;;ColisÃ£o;Luz do Dia;;;Meio de Quadra;;;0;1;1;1;0;0;0;0;0;1;0;0;"-3;74796600000";"-38;53092250000";mq_qgis
362362;16;9;2020;16:27;0;RUA ALBERTO MAGNO;;;2050;;ColisÃ£o;Luz do Dia;;;Meio de Quadra;;;0;1;0;0;0;0;0;0;0;0;0;0;"-3;77084000000";"-38;55356000000";mq_gpsv
362363;16;9;2020;15:45;3211;RUA VERBENA;RUA EMILIO DE MENESES;;;;ColisÃ£o;Luz do Dia;;;Cruz;SemÃ¡foro;Comercial;0;1;1;1;0;0;0;0;0;1;0;0;"-3;78134400000";"-38;58883800000";inter_match
362367;16;9;2020;15:00;0;RUA PRISCO BEZERRA;;;2085;;Queda;Luz do Dia;;;Meio de Quadra;;;0;1;0;0;0;0;0;0;0;1;0;0;"-3;73612000000";"-38;47075000000";mq_gpsv
362394;16;9;2020;5:09;0;RUA FRANCISCA MARIA DA CONCEICAO;;;1580;;ColisÃ£o;Amanhecer;;;Meio de Quadra;;;0;1;1;0;0;0;0;0;0;0;0;0;"-3;83605000000";"-38;57364000000";mq_match
362395;16;9;2020;6:23;0;AV ANTONIO SALES;;;;;Queda;Luz do Dia;;;Meio de Quadra;;;0;1;0;0;0;0;0;0;0;1;0;0;;;
362396;16;9;2020;7:07;0;RUA SEBASTIAO DE ABREU;;;405;;ColisÃ£o;Luz do Dia;;;Meio de Quadra;;;0;1;1;1;0;0;0;0;0;1;0;0;"-3;79479000000";"-38;56741000000";mq_gpsv
362347;16;9;2020;18:33;0;RUA JOSE ALVES CAMPOS;;;;;ColisÃ£o;;;;Meio de Quadra;;;0;1;0;0;0;0;0;0;0;0;0;0;;;
362348;16;9;2020;18:22;0;RUA CARLOS CHAGAS;;;1235;;ColisÃ£o;Anoitecer;;;Meio de Quadra;;;0;1;1;1;0;0;0;0;0;1;0;0;"-3;77829875000";"-38;59162470000";mq_qgis
362349;16;9;2020;17:44;7681;RUA ALAGOAS;RUA RODRIGUES ANDRADE;;;;ColisÃ£o;Anoitecer;;;;;;0;1;1;1;0;0;0;0;0;1;0;0;"-3;76389000000";"-38;56428000000";inter_gpsv
362336;16;9;2020;23:35;0;RUA SILVA BAIMA;;;58;;ColisÃ£o;;;;Meio de Quadra;;;0;1;1;0;0;0;0;0;0;1;0;0;"-3;75740967000";"-38;57922350000";mq_qgis
362337;16;9;2020;22:14;0;RUA MARIA TOMASIA;;;1245;;Queda;;;;Meio de Quadra;;;0;1;0;0;0;0;0;0;0;1;0;0;"-3;73705000000";"-38;49225000000";mq_gpsv
360714;16;9;2020;7:00;0;RD CE-040;;;;KM-02;ColisÃ£o;Luz do Dia;;;Meio de Quadra;;;0;0;2;0;0;0;0;0;0;0;0;0;"-3;77361614800";"-38;48179940000";rod_match
360808;16;9;2020;10:00;12905;AV AGUANAMBI;RUA MES ROSA;;;;Queda;Luz do Dia;Bom;Seca;;Outros;Comercial;0;1;0;0;0;0;0;0;0;1;0;0;"-3;74162860000";"-38;52586000000";inter_match
361057;16;9;2020;12:00;24993;AV DOM MANUEL;RUA ROCHA LIMA;;;;ColisÃ£o Traseira;Luz do Dia;Bom;Seca;Cruz;SemÃ¡foro;Comercial;0;1;1;1;0;0;0;0;0;1;0;0;"-3;73595900000";"-38;52358700000";inter_match
361031;17;9;2020;14:00;0;AV CONTORNO SUL;;;;;ColisÃ£o Lateral;Luz do Dia;Bom;Seca;Meio de Quadra;NÃ£o HÃ¡ Controle;Residencial;0;1;1;1;0;0;0;0;0;1;0;0;;;
361034;17;9;2020;9:30;0;AV RUI BARBOSA;;;1999;;ColisÃ£o Lateral;Luz do Dia;Bom;Seca;Meio de Quadra;NÃ£o HÃ¡ Controle;Comercial;0;1;1;0;0;0;0;0;0;1;0;0;"-3;74009600000";"-38;51075300000";mq_qgis
361046;17;9;2020;7:50;0;RUA TOMAS RODRIGUES;;;415;;ColisÃ£o Lateral;Luz do Dia;Bom;Seca;Meio de Quadra;NÃ£o HÃ¡ Controle;Residencial;0;0;2;1;0;0;1;0;0;0;0;0;"-3;74043500000";"-38;59385300000";mq_match
361042;17;9;2020;19:00;10502;RUA PRO JOSE HENRIQUE;RUA WILSON PEREIRA;;;;ColisÃ£o Lateral;Via Iluminada;Bom;Seca;Cruz;NÃ£o HÃ¡ Controle;Residencial;0;2;1;0;1;0;0;0;0;1;0;0;"-3;83078700000";"-38;47779000000";inter_match
360713;17;9;2020;17:30;0;RD CE-040;;;;KM-02;ColisÃ£o;Anoitecer;;;Meio de Quadra;;;0;1;1;1;0;0;0;0;0;1;0;0;"-3;77361614800";"-38;48179940000";rod_match
362031;17;9;2020;6:32;3423;AV JOAO PESSOA;RUA ALVARO FERNANDES;;;;ColisÃ£o;Luz do Dia;;;Cruz;SemÃ¡foro;Residencial;0;1;0;1;0;0;0;0;0;1;0;0;"-3;75931700000";"-38;55564800000";inter_match
362025;17;9;2020;5:41;0;RUA BAR AQUIRAZ;;;587;;ColisÃ£o;Amanhecer;;;Meio de Quadra;;;0;1;0;0;0;0;0;0;0;1;0;0;;;
362048;17;9;2020;6:32;0;AV PRS COSTA E SILVA;;;835;;ColisÃ£o;Luz do Dia;;;Meio de Quadra;;;0;1;0;0;0;0;0;0;0;0;0;0;"-3;81266359000";"-38;57216950000";mq_qgis
362049;17;9;2020;7:17;22940;RUA BERNARDO MANUEL;RUA JAPI;;;;ColisÃ£o;Luz do Dia;;;Cruz;Pare;Comercial;0;1;0;0;0;0;0;0;0;1;0;0;"-3;78407300000";"-38;54692700000";inter_match
362050;17;9;2020;7:28;0;RUA ANTONIO BARBOSA;;;1390;;ColisÃ£o;Luz do Dia;;;Meio de Quadra;;;0;1;0;1;0;0;0;0;0;1;0;0;"-3;83117800000";"-38;56464200000";mq_qgis
362051;17;9;2020;7:45;0;AV SGT HERMINIO SAMPAIO;;;725;;ColisÃ£o;Luz do Dia;;;Meio de Quadra;;;0;1;0;1;0;0;0;0;0;1;0;0;"-3;72457300000";"-38;54743600000";mq_match
362052;17;9;2020;17:46;0;AV AMERICO BARREIRA;;;4800;;ColisÃ£o;Anoitecer;;;Meio de Quadra;;;0;1;0;0;0;0;0;0;0;1;0;0;"-3;75968000000";"-38;56407000000";mq_gpsv
362053;17;9;2020;8:08;0;RUA PAULO RUBENS;;;38;;Queda;Luz do Dia;;;Meio de Quadra;;;0;1;0;0;0;1;0;0;0;0;0;0;;;
362054;17;9;2020;9:36;0;RUA G CJ VILA VELHA;;;;;Queda;Luz do Dia;;;Meio de Quadra;;;0;1;0;0;0;1;0;0;0;0;0;0;;;
362055;17;9;2020;10:38;0;RUA PERILIO TEIXEIRA;;;946;;Atropelamento;Luz do Dia;;;Meio de Quadra;;;0;1;0;0;0;0;0;0;0;1;0;0;"-3;75615415000";"-38;60123350000";mq_qgis
362056;17;9;2020;11:55;0;AV GAL OSORIO DE PAIVA;;;4059;;ColisÃ£o;Luz do Dia;;;Meio de Quadra;;;0;1;0;1;0;0;0;0;0;1;0;0;"-3;79261520000";"-38;59028570000";mq_match
362057;17;9;2020;17:01;13212;RUA BERNARDO MANUEL;RUA ANTONIO PEREIRA;;;;ColisÃ£o;Anoitecer;;;Cruz;NÃ£o HÃ¡ Controle;Residencial;0;2;0;1;0;0;0;0;0;1;0;0;"-3;83420000000";"-38;56207000000";inter_gpsv