COD_ACIDENTE;DIA;MES;ANO;HORA;INTERSECAO;LOG1;LOG2;LOG3;NUMERO;REFERENCIA;NATUREZA;ILUMINACAO;TEMPO;SUPERFICIEPISTA;TIPOCRUZAMENTO;CONTROLETRAFEGO;USOSOLO;MORTOS;FERIDOS;ILESOS;AUTOMOVEL;ONIBUS;BICICLETA;CAMINHAO;MICROONIBUS;CICLOMOTOR;MOTOCICLETA;TRACAOANIMAL;TREM;LATITUDE;LONGITUDE;METODO
362058;17;9;2020;20:17;0;AV JOSE BASTOS;;;5592;;ColisÃ£o;;;;Meio de Quadra;;;0;2;0;0;0;0;0;0;0;1;0;0;"-3;76056200000";"-38;56447700000";mq_match
362848;17;9;2020;19:36;0;RUA VALDETARIO MOTA;;;;;ColisÃ£o;;;;Meio de Quadra;;;0;1;1;1;0;0;0;0;0;1;0;0;;;
360193;17;9;2020;5:54;17412;RUA ALBERTO MAGNO;RUA BAR SOBRAL;;;;ColisÃ£o Transversal;Luz do Dia;Bom;Seca;Cruz;SemÃ¡foro;Comercial;0;1;1;1;0;0;0;0;0;1;0;0;"-3;76799100000";"-38;55241700000";inter_match
360194;17;9;2020;15:45;0;AV JOVITA FEITOSA;RUA FRANCISCO HIPOLITO;;0;;ColisÃ£o Transversal;Luz do Dia;Bom;Seca;Cruz;SemÃ¡foro;Residencial;0;1;1;1;0;0;0;0;0;1;0;0;"-3;73868000000";"-38;55044000000";inter_gpsv
360195;17;9;2020;16:18;1485;RUA PDE VALDEVINO;RUA ANTONIO AUGUSTO;;0;;ColisÃ£o Transversal;Luz do Dia;Bom;Seca;Cruz;Pare;Comercial;0;4;0;1;0;0;0;0;0;0;0;0;"-3;73923900000";"-38;51648900000";inter_match
360196;17;9;2020;17:05;0;RUA AVILA GOULART;RUA VALDETARIO MOTA;;0;;ColisÃ£o;Luz do Dia;Bom;Seca;;;;0;2;0;1;0;0;0;0;0;1;0;0;"-3;73465200000";"-38;47921000000";inter_match
360197;17;9;2020;22:08;0;AV BORGES DE MELO;;;0;;Choque c/ ObstÃ¡culo Fixo;Via Iluminada;Bom;Seca;Outros;NÃ£o HÃ¡ Controle;Comercial;0;1;0;1;0;0;0;0;0;0;0;0;"-3;75606500000";"-38;53470600000";mq_match
360214;17;9;2020;11:50;17428;RUA ALBERTO MAGNO;RUA CESAR ROSSAS;;;;ColisÃ£o Transversal;Luz do Dia;Bom;Seca;Cruz;SemÃ¡foro;Comercial;0;1;1;1;0;0;0;0;0;1;0;0;"-3;76856100000";"-38;55268600000";inter_match
360198;18;9;2020;7:11;9155;AV EDUARDO GIRAO;AV LUCIANO CARNEIRO;;;;ColisÃ£o Transversal;Luz do Dia;Bom;Seca;Cruz;SemÃ¡foro;Escola;0;1;1;1;0;0;0;0;0;1;0;0;"-3;75227500000";"-38;53281100000";inter_match
360199;18;9;2020;9:20;0;AV ABOLICAO;;;2377;;ColisÃ£o;Luz do Dia;Bom;Seca;Meio de Quadra;NÃ£o HÃ¡ Controle;Comercial;0;1;1;1;0;0;0;0;0;1;0;0;"-3;72669000000";"-38;49744500000";mq_match
360200;18;9;2020;12:58;0;RUA CIDADE ECOLOGICA;RUA DR MONTEIRO;;0;;ColisÃ£o;Luz do Dia;Bom;Seca;;;;0;1;1;0;0;0;0;0;0;0;0;0;"-3;77423000000";"-38;46057000000";inter_gpsv
360201;18;9;2020;11:30;18545;RUA CEREJEIRAS;RUA UMARIZEIRA;;;;ColisÃ£o Transversal;Luz do Dia;Bom;Seca;Cruz;Pare;Residencial;0;1;1;1;0;0;0;0;0;1;0;0;"-3;82082900000";"-38;59858900000";inter_match
360202;18;9;2020;9:03;1589;AV DES MOREIRA;RUA GAL TERTULIANO POTYGUARA;;;;ColisÃ£o Transversal;Luz do Dia;Bom;Seca;Cruz;SemÃ¡foro;Comercial;0;1;0;1;0;0;0;0;0;1;0;0;"-3;74313000000";"-38;50056800000";inter_match
360203;18;9;2020;18:00;0;AV NORTE;;;2920;;ColisÃ£o Lateral;Anoitecer;Bom;Seca;Meio de Quadra;NÃ£o HÃ¡ Controle;Comercial;0;1;1;1;0;0;0;0;0;1;0;0;"-3;77829000000";"-38;48301000000";mq_gpsv
360204;18;9;2020;19:00;0;RUA CARLOS CHAGAS;RUA BATURITE;;1931;;ColisÃ£o Transversal;Via Iluminada;Bom;Seca;Meio de Quadra;Pare;Residencial;0;0;1;1;0;0;0;0;0;1;0;0;"-3;77841000000";"-38;59127000000";inter_gpsv
360205;18;9;2020;21:43;0;RUA PORTO VELHO;;;0;;ColisÃ£o Traseira;Via Iluminada;Bom;Seca;Meio de Quadra;SemÃ¡foro;Comercial;0;0;2;1;0;0;0;0;0;0;0;0;;;
362849;18;9;2020;17:30;0;AV SGT HERMINIO SAMPAIO;;;2955;;ColisÃ£o;Anoitecer;;;Meio de Quadra;;;0;0;2;1;0;0;0;0;0;0;0;0;"-3;72752033000";"-38;56700440000";mq_qgis
362189;18;9;2020;23:45;0;RUA CEL FABRICIANO;;;1219;;Queda;;;;Meio de Quadra;;;0;1;0;0;0;0;0;0;0;1;0;0;"-3;78425232000";"-38;60252120000";mq_qgis
362150;18;9;2020;13:15;0;AV PRS COSTA E SILVA;;;;;ColisÃ£o;Luz do Dia;;;Meio de Quadra;;;0;1;0;1;0;0;0;0;0;1;0;0;;;
362151;18;9;2020;13:58;0;AV LINEU MACHADO;;;50;;ColisÃ£o;Luz do Dia;;;Meio de Quadra;;;0;1;0;0;0;0;0;0;0;0;0;0;"-3;76083000000";"-38;57436000000";mq_gpsv
362152;18;9;2020;15:25;0;RUA RIO ARAGUAIA;;;728;;ColisÃ£o;Luz do Dia;;;Meio de Quadra;;;0;2;0;1;0;0;0;0;0;1;0;0;"-3;72264313000";"-38;58184680000";mq_qgis
362153;18;9;2020;17:46;14870;RUA WALDIR DIOGO;RUA ALFREDO MAMEDE;;;;ColisÃ£o;Anoitecer;;;Cruz;SemÃ¡foro;Comercial;0;1;0;0;0;0;0;0;0;0;0;0;"-3;80736700000";"-38;58008400000";inter_match
362154;18;9;2020;17:50;0;AV GODOFREDO MACIEL;;;5462;;Queda;Anoitecer;;;Meio de Quadra;;;0;1;0;0;0;0;0;0;0;1;0;0;"-3;82173000000";"-38;57812000000";mq_gpsv
362155;18;9;2020;18:19;0;AV ANTONIO JUSTA;;;3320;;ColisÃ£o;Anoitecer;;;;;;0;1;1;1;0;0;0;0;0;1;0;0;"-3;72868600000";"-38;49128500000";mq_qgis
362156;18;9;2020;18:47;1289;AV SANTOS DUMONT;RUA SILVA PAULET;;;;ColisÃ£o;;;;Cruz;Pare;Comercial;0;1;0;1;0;0;0;0;0;1;0;0;"-3;73398500000";"-38;50525800000";inter_match
362157;18;9;2020;20:52;0;RUA PORTO VELHO;;;386;;ColisÃ£o;;;;Meio de Quadra;;;0;2;0;1;0;0;0;0;0;1;0;0;"-3;76756025000";"-38;58408600000";mq_qgis
362158;18;9;2020;21:09;0;RUA CEL FABRICIANO;;;1225;;Queda;;;;Meio de Quadra;;;0;1;0;0;0;0;0;0;0;1;0;0;"-3;78423146000";"-38;60259460000";mq_qgis
362159;18;9;2020;22:39;0;RUA NELSON COELHO;;;291;;ColisÃ£o;;;;Meio de Quadra;;;0;1;0;0;0;0;0;0;0;1;0;0;"-3;82806800000";"-38;46379400000";mq_match
362160;18;9;2020;23:17;6729;RUA DES WALDETARIO P MOTA;RUA BENTO ALBUQUERQUE;;;;ColisÃ£o;;;;Cruz;SemÃ¡foro;Residencial;0;1;1;1;0;0;0;0;0;0;0;0;"-3;74338360000";"-38;48478300000";inter_match
362146;18;9;2020;13:13;0;AV WASHINGTON SOARES;;;4550;;ColisÃ£o;Luz do Dia;;;Meio de Quadra;;;0;1;0;1;0;0;0;0;0;1;0;0;"-3;79780000000";"-38;47993000000";mq_gpsv
362070;18;9;2020;8:32;0;RUA CRUZEIRO DO SUL;;;5405;;ColisÃ£o;Luz do Dia;;;Meio de Quadra;;;0;1;0;0;0;0;0;0;0;0;0;0;;;
362071;18;9;2020;8:40;0;AV JOSE BASTOS;;;3800;;ColisÃ£o;Luz do Dia;;;Meio de Quadra;;;0;1;0;0;0;0;0;0;0;0;0;0;"-3;75192400000";"-38;55237950000";mq_match
362106;18;9;2020;9:38;0;RUA ANDRE CHAVES;;;216;;Atropelamento;Luz do Dia;;;Meio de Quadra;;;0;1;0;0;1;0;0;0;0;0;0;0;"-3;75713000000";"-38;53958000000";mq_gpsv
362060;18;9;2020;0:44;0;AV AUGUSTO DOS ANJOS;;;1257;;ColisÃ£o;;;;Meio de Quadra;;;0;1;0;1;0;0;0;0;0;1;0;0;"-3;77797400000";"-38;57723400000";mq_qgis
362061;18;9;2020;1:02;0;RUA CHILE;;;344;;Queda;;;;Meio de Quadra;;;0;1;0;0;0;0;0;0;0;1;0;0;"-3;74709140000";"-38;56629140000";mq_qgis
362062;18;9;2020;2:22;0;RUA URUCUTUBA;;;;;Queda;;;;Meio de Quadra;;;0;1;0;0;0;0;0;0;0;1;0;0;;;
362063;18;9;2020;4:23;0;AV PRS CASTELO BRANCO;;;;;ColisÃ£o;;;;Meio de Quadra;;;0;1;0;0;0;0;0;0;0;0;0;0;;;
362064;18;9;2020;4:43;0;AV WASHINGTON SOARES;;;;;Choque c/ ObstÃ¡culo Fixo;;;;Meio de Quadra;;;0;1;0;1;0;0;0;0;0;0;0;0;;;
362065;18;9;2020;7:37;0;AV SANTOS DUMONT;;;4005;;ColisÃ£o;Luz do Dia;;;Meio de Quadra;;;0;1;0;0;0;0;0;0;0;0;0;0;"-3;73943200000";"-38;48846000000";mq_match
362066;18;9;2020;8:00;0;RUA DA SAUDADE D04;;;;;ColisÃ£o;Luz do Dia;;;Meio de Quadra;;;0;1;0;1;0;0;0;0;0;1;0;0;;;
362067;18;9;2020;8:13;0;RD BR 116;;;;;ColisÃ£o;Luz do Dia;;;Meio de Quadra;;;0;1;0;1;0;0;0;0;0;1;0;0;;;
362117;18;9;2020;11:16;0;RUA N ESPLANADA CASTELAO;;;535;;ColisÃ£o;Luz do Dia;;;Meio de Quadra;;;0;2;0;1;0;0;0;0;0;1;0;0;;;
362110;18;9;2020;10:30;0;AV JOR THOMAZ COELHO;;;1326;;ColisÃ£o;Luz do Dia;;;Meio de Quadra;;;0;1;0;1;0;0;0;0;0;1;0;0;"-3;83028900000";"-38;50762000000";mq_match
360708;18;9;2020;13:00;0;RD CE-040;;;;KM-05;ColisÃ£o;Luz do Dia;;;Meio de Quadra;;;0;1;1;1;0;0;0;0;0;1;0;0;"-3;80059582300";"-38;47953463000";rod_match
360709;18;9;2020;13:50;0;RD CE-040;;;;KM-03;Engavetamento;Luz do Dia;;;Meio de Quadra;;;0;0;3;1;0;0;0;0;0;0;0;0;"-3;78261432500";"-38;48108390000";rod_match
360710;18;9;2020;16:50;0;RD CE-040;;;;KM-06;ColisÃ£o;Luz do Dia;;;Meio de Quadra;;;0;1;1;1;0;0;0;0;0;1;0;0;"-3;80959680400";"-38;47873348000";rod_match
360711;18;9;2020;17:00;0;AV SEN CARLOS JEREISSATI (AEROPORTO);;;;KM 03;ColisÃ£o;Anoitecer;;;Meio de Quadra;;;0;1;1;1;0;0;0;0;0;1;0;0;"-3;77964100000";"-38;54403800000";rod_match
360712;18;9;2020;17:55;0;RD CE-060;;;;KM-01;Atropelamento;Anoitecer;;;Meio de Quadra;;;0;2;0;0;0;0;0;0;0;1;0;0;"-3;82613600000";"-38;57950000000";rod_match
361024;18;9;2020;12:55;15278;RUA LEONARDO MOTA;RUA SILVA JATAHY;;;;ColisÃ£o Transversal;Luz do Dia;Bom;Seca;Cruz;Pare;Residencial;0;0;2;1;0;0;0;0;0;0;0;0;"-3;72898600000";"-38;49387800000";inter_match
361009;19;9;2020;10:10;0;AV GAL OSORIO DE PAIVA;;;2962;;ColisÃ£o Lateral;Luz do Dia;Bom;Seca;Meio de Quadra;NÃ£o HÃ¡ Controle;Comercial;0;2;1;0;0;0;0;0;0;1;0;0;"-3;78858500000";"-38;58635150000";mq_match
360986;19;9;2020;21:50;7733;AV JOAO PESSOA;RUA BAR SOBRAL;;;;ColisÃ£o Traseira;Via Iluminada;Bom;Seca;Cruz;SemÃ¡foro;Comercial;0;1;1;1;0;0;0;0;0;1;0;0;"-3;76450960000";"-38;55870570000";inter_match
360972;19;9;2020;19:00;271;AV JOVITA FEITOSA;RUA AMADEU FURTADO;;;;ColisÃ£o Lateral;;Bom;Seca;Cruz;SemÃ¡foro;Comercial;0;1;1;0;0;0;0;0;0;1;0;0;"-3;74117300000";"-38;56291500000";inter_match
360973;19;9;2020;11:30;0;RUA DNA LUCIA PINHEIRO (QUINTINO CUNHA);;;2752;;Acidente Pessoal;Luz do Dia;Bom;Seca;;;;0;1;1;0;0;0;0;0;0;0;0;0;"-3;73037500000";"-38;60374600000";mq_qgis
360990;19;9;2020;5:00;0;RUA PLANALTO (PRES. KENNEDY);;;;;Choque c/ ObstÃ¡culo Fixo;Luz do Dia;Bom;Seca;Meio de Quadra;Pare;Residencial;0;1;0;1;0;0;0;0;0;0;0;0;;;
360991;19;9;2020;20:17;6818;RUA DR GILBERTO STUDART;RUA FRANCISCO MATOS;;;;Atropelamento;Anoitecer;Bom;Seca;Cruz;Pare;Residencial;0;1;1;0;1;0;0;0;0;0;0;0;"-3;74717380000";"-38;47012300000";inter_match
360975;19;9;2020;18:40;0;AV BEZERRA DE MENEZES;;;1802;;ColisÃ£o;Via Iluminada;Bom;Seca;Meio de Quadra;NÃ£o HÃ¡ Controle;Comercial;0;1;1;1;0;0;0;0;0;1;0;0;"-3;73491200000";"-38;56082200000";mq_match
360998;19;9;2020;11:50;0;RUA EINSTEIN;;;;;ColisÃ£o Transversal;Luz do Dia;Bom;Seca;Meio de Quadra;Pare;Residencial;0;0;2;1;0;0;0;0;0;1;0;0;;;
360706;19;9;2020;6:10;0;RD CE-025;;;;KM-03;ColisÃ£o;Luz do Dia;;;Meio de Quadra;;;0;0;2;1;0;0;0;1;0;0;0;0;"-3;80588917900";"-38;45224656000";rod_match
360707;19;9;2020;6:00;0;RD CE-025;;;2905;KM-03;Choque c/ ObstÃ¡culo Fixo;Luz do Dia;;;Meio de Quadra;;;0;1;0;1;0;0;0;0;0;0;0;0;"-3;80588917900";"-38;45224656000";rod_match
362197;19;9;2020;7:18;0;RUA OSCAR LEITAO;;;282;;Queda;Luz do Dia;;;Meio de Quadra;;;0;1;0;0;0;0;0;0;0;1;0;0;"-3;83800725000";"-38;49137620000";mq_qgis
362198;19;9;2020;7:23;0;RUA POMPILIO GOMES;;;1126;;Acidente Pessoal;Luz do Dia;;;Meio de Quadra;;;0;1;0;0;0;0;0;0;0;1;0;0;;;
362199;19;9;2020;7:35;0;RUA CON DE CASTRO;;;1388;;ColisÃ£o;Luz do Dia;;;Meio de Quadra;;;0;1;0;1;0;0;0;0;0;1;0;0;"-3;78401900000";"-38;57253450000";mq_match
362200;19;9;2020;7:39;0;RUA DIOGO CORREIA;;;514;;ColisÃ£o;Luz do Dia;;;Meio de Quadra;;;0;1;0;1;0;0;0;0;0;1;0;0;"-3;77082000000";"-38;59015000000";mq_gpsv
362201;19;9;2020;7:49;0;AV DR SILAS MUNGUBA;;;557;;Queda;Luz do Dia;;;Meio de Quadra;;;0;1;0;0;0;0;0;0;0;1;0;0;"-3;78557000000";"-38;55161000000";mq_match
362202;19;9;2020;7:55;0;AV CARNEIRO DE MENDONCA;;;14;;Queda;Luz do Dia;;;Meio de Quadra;;;0;1;0;0;0;0;0;0;0;1;0;0;"-3;76717543000";"-38;55992180000";mq_qgis
362203;19;9;2020;8:54;0;AV FRE CIRILO;;;4201;;ColisÃ£o;Luz do Dia;;;Meio de Quadra;;;0;1;0;0;0;0;0;0;0;0;0;0;"-3;82081900000";"-38;49588800000";mq_qgis
362204;19;9;2020;9:35;0;AV ENG HUMBERTO MONTE;;;2677;;Queda;Luz do Dia;;;Meio de Quadra;;;0;1;0;0;0;0;0;0;0;1;0;0;"-3;73969520000";"-38;56803260000";mq_match
362205;19;9;2020;10:08;0;AV J CJ CEARA;;;903;;ColisÃ£o;Luz do Dia;;;Meio de Quadra;;;0;1;0;1;0;0;0;0;0;1;0;0;"-3;76501216000";"-38;61502260000";mq_qgis
362206;19;9;2020;12:27;0;RUA DR ESTENIO GOMES;;;592;;ColisÃ£o;Luz do Dia;;;Meio de Quadra;;;0;1;0;1;0;0;0;0;0;1;0;0;"-3;78976300000";"-38;58125500000";mq_qgis
362207;19;9;2020;12:37;0;RUA VALPARAISO;;;169;;ColisÃ£o;Luz do Dia;;;Meio de Quadra;;;0;1;0;1;0;0;0;0;0;1;0;0;"-3;84622700000";"-38;52193600000";mq_qgis
362208;19;9;2020;13:06;0;AV TEN LISBOA;;;;;Atropelamento;Luz do Dia;;;Meio de Quadra;;;0;1;0;0;0;0;0;0;0;0;0;1;;;
362209;19;9;2020;13:14;0;AV COSTA OESTE;;;50;;Queda;Luz do Dia;;;Meio de Quadra;;;0;1;0;0;0;1;0;0;0;0;0;0;"-3;69799330000";"-38;57663190000";mq_match
362210;19;9;2020;13:33;0;AV FRANCISCO SA;;;;;ColisÃ£o;Luz do Dia;;;Meio de Quadra;;;0;1;0;1;0;0;0;0;0;1;0;0;;;
362211;19;9;2020;13:34;0;RUA CANDIDO MAIA;;;294;;Atropelamento;Luz do Dia;;;Meio de Quadra;;;0;1;0;0;0;0;0;0;0;0;0;1;"-3;73742800000";"-38;59040720000";mq_match
362212;19;9;2020;13:55;0;RUA PERNAMBUCO;;;1941;;Queda;Luz do Dia;;;Meio de Quadra;;;0;1;0;0;0;0;0;0;0;1;0;0;"-3;75478480000";"-38;57444400000";mq_match
362213;19;9;2020;14:01;0;RUA EDUARDO PORTO;;;55;;ColisÃ£o;Luz do Dia;;;Meio de Quadra;;;0;1;0;1;0;0;0;0;0;1;0;0;"-3;83272340000";"-38;49719490000";mq_match
362214;19;9;2020;14:25;1359;RUA CARLOS VASCONCELOS;RUA JOAO CARVALHO;;;;ColisÃ£o;Luz do Dia;;;Cruz;Pare;Comercial;0;1;0;1;0;0;0;0;0;1;0;0;"-3;73625100000";"-38;51184400000";inter_match
362215;19;9;2020;15:23;0;RUA JOAO FERREIRA;;;800;;ColisÃ£o;Luz do Dia;;;Meio de Quadra;;;0;1;0;1;0;0;0;0;0;1;0;0;"-3;81530648000";"-38;50883720000";mq_qgis
362190;19;9;2020;1:06;0;RUA SGT JOAO PINHEIRO;;;1680;;ColisÃ£o;;;;Meio de Quadra;;;0;1;0;1;0;0;0;0;0;1;0;0;"-3;78695550000";"-38;62394250000";mq_match
362192;19;9;2020;15:50;0;RD BR 116;;;;KM-03;Tombamento;Luz do Dia;;Seca;Meio de Quadra;;;0;1;1;0;0;0;0;0;0;1;0;0;"-3;77983800000";"-38;51437200000";rod_match
362193;19;9;2020;16:57;0;RD BR 116;;;577;KM-10;ColisÃ£o Traseira;Luz do Dia;;Seca;Meio de Quadra;;;0;1;1;1;0;0;0;0;0;1;0;0;"-3;83443500000";"-38;50337300000";rod_match
362194;19;9;2020;3:13;0;AV ENG HUMBERTO MONTE;;;;;Queda;;;;Meio de Quadra;;;0;1;0;0;0;0;0;0;0;1;0;0;;;
362195;19;9;2020;4:20;0;RUA CONSTANCIA;;;300;;Acidente Pessoal;;;;Meio de Quadra;;;0;1;0;0;0;0;0;0;0;1;0;0;;;
362248;19;9;2020;16:26;0;RUA JULIO SILVA;;;440;;ColisÃ£o;Luz do Dia;;;Meio de Quadra;;;0;1;0;1;0;0;0;0;0;1;0;0;"-3;74537000000";"-38;45462000000";mq_match
362276;19;9;2020;18:30;0;AV GAL OSORIO DE PAIVA;;;5099;;Queda;Anoitecer;;;Meio de Quadra;;;0;1;0;0;0;0;0;0;0;1;0;0;"-3;80294753000";"-38;60034220000";mq_qgis
362278;19;9;2020;18:31;17577;RUA MINAS GERAIS;RUA PARA;;;;ColisÃ£o;;;;;;;0;1;0;0;0;0;0;0;0;1;0;0;"-3;75489000000";"-38;56434000000";inter_gpsv
362246;19;9;2020;15:58;0;AV ALBERTO CRAVEIRO;;;;;ColisÃ£o;Luz do Dia;;;Meio de Quadra;;;0;1;0;1;0;0;0;0;0;1;0;0;;;
362259;19;9;2020;17:56;0;AV H CJ JOSE WALTER;;;522;;ColisÃ£o;Anoitecer;;;Meio de Quadra;;;0;1;0;0;0;0;0;0;0;0;0;0;"-3;84077754000";"-38;56024330000";mq_qgis
362308;19;9;2020;22:33;0;RUA CASIMIRO DE ABREU;;;460;;ColisÃ£o;;;;Meio de Quadra;;;0;1;0;1;0;0;0;0;0;1;0;0;"-3;78297350000";"-38;56356500000";mq_qgis
362299;19;9;2020;19:26;0;RUA ANTONIO ARRUDA;;;1444;;ColisÃ£o;;;;Meio de Quadra;;;0;2;0;1;0;0;0;0;0;1;0;0;"-3;72030150000";"-38;59405200000";mq_qgis
362303;19;9;2020;21:19;0;RUA OSCAR FRANCA;;;2550;;ColisÃ£o;;;;Meio de Quadra;;;0;1;0;1;0;0;0;0;0;1;0;0;"-3;78755283000";"-38;61295030000";mq_qgis
362304;19;9;2020;21:45;0;RUA JOAQUIM DOS ANJOS;;;1081;;Atropelamento;;;;Meio de Quadra;;;0;1;0;0;0;0;0;0;0;1;0;0;"-3;83025338000";"-38;57105580000";mq_qgis
362305;19;9;2020;22:03;0;AV A CJ CEARA;;;1630;;ColisÃ£o;;;;Meio de Quadra;;;0;1;0;1;0;0;0;0;0;1;0;0;"-3;77607600000";"-38;60618600000";mq_qgis
362306;19;9;2020;22:25;0;AV OLAVO BILAC;;;1300;;Atropelamento;;;;Meio de Quadra;;;0;1;0;0;0;0;0;0;0;1;0;0;"-3;73204100000";"-38;56459000000";mq_match
360206;19;9;2020;3:05;1459;RUA BARBOSA DE FREITAS;RUA EDUARDO GARCIA;;0;;ColisÃ£o Transversal;Via Iluminada;Bom;Seca;Cruz;SemÃ¡foro;Comercial;0;0;2;1;0;0;0;0;0;0;0;0;"-3;73852300000";"-38;49799900000";inter_match
360207;19;9;2020;8:11;0;AV DOM MANUEL;;;336;;ColisÃ£o Traseira;Luz do Dia;Bom;Seca;Meio de Quadra;NÃ£o HÃ¡ Controle;Comercial;0;0;4;1;0;0;0;0;0;0;0;0;"-3;72719611000";"-38;52073450000";mq_qgis
360208;19;9;2020;12:40;19787;RUA DOM LINO;RUA PDE GUERRA;;0;;ColisÃ£o Transversal;Luz do Dia;Bom;Seca;Cruz;Pare;Residencial;0;0;4;1;0;0;0;0;0;0;0;0;"-3;73871800000";"-38;55664300000";inter_match
360209;19;9;2020;15:30;5374;AV DUQ CAXIAS;RUA BAR RIO BRANCO;;;;ColisÃ£o;Luz do Dia;Bom;Seca;Cruz;SemÃ¡foro;Comercial;0;1;1;0;0;0;0;1;0;1;0;0;"-3;73177400000";"-38;52994700000";inter_match
360210;19;9;2020;18:57;7976;AV JOAO PESSOA;RUA MAJ WEYNE;;;;ColisÃ£o Transversal;Via Iluminada;Bom;Seca;Cruz;SemÃ¡foro;Comercial;0;1;1;1;0;0;0;0;0;1;0;0;"-3;74784100000";"-38;54533400000";inter_match
360212;19;9;2020;1:24;11293;RUA ROSA CRUZ;RUA LEON GRADVOHL;;;;ColisÃ£o Transversal;Via Iluminada;Bom;Seca;Cruz;Pare;Residencial;0;1;1;1;0;0;0;0;0;1;0;0;"-3;79881200000";"-38;56702500000";inter_match
360213;20;9;2020;6:52;0;AV PAROARAS;;;496;;Choque c/ ObstÃ¡culo Fixo;Amanhecer;Nublado;Seca;Meio de Quadra;NÃ£o HÃ¡ Controle;Residencial;0;1;0;1;0;0;0;0;0;1;0;0;"-3;81018335000";"-38;53950270000";mq_qgis
360211;20;9;2020;1:23;0;RUA PARAGUACU D45;;;1433;;Choque c/ ObstÃ¡culo Fixo;Via Iluminada;Nublado;Seca;Meio de Quadra;NÃ£o HÃ¡ Controle;Residencial;0;1;0;1;0;0;0;0;0;0;0;0;"-3;78738382000";"-38;53974080000";mq_qgis
360215;20;9;2020;11:15;3768;AV TRISTAO GONCALVES;AV DOMINGOS OLIMPIO;;0;;ColisÃ£o Lateral;Luz do Dia;Bom;Seca;Cruz;SemÃ¡foro;Comercial;0;1;0;1;0;0;0;0;0;1;0;0;"-3;73513300000";"-38;53561300000";inter_match
360216;20;9;2020;14:30;0;AV SGT HERMINIO SAMPAIO;;;2160;;ColisÃ£o Traseira;Luz do Dia;Bom;Seca;Meio de Quadra;NÃ£o HÃ¡ Controle;Lazer;0;1;1;1;0;0;0;0;0;1;0;0;"-3;72630750000";"-38;56013400000";mq_qgis
362318;20;9;2020;0:21;0;RUA VERBENA;;;;;ColisÃ£o;;;;Meio de Quadra;;;0;1;0;0;0;0;0;0;0;0;0;0;;;
362324;20;9;2020;4:13;0;TR MARANGUAPE D01;;;;;Queda;;;;Meio de Quadra;;;0;1;0;0;0;0;0;0;0;1;0;0;;;
362321;20;9;2020;2:35;0;RUA 23 DE JUNHO;;;2140;;ColisÃ£o;;;;Meio de Quadra;;;0;1;0;0;0;0;0;0;0;1;0;0;"-3;78143700000";"-38;60989200000";mq_qgis
362322;20;9;2020;3:46;0;AV LINEU MACHADO;;;144;;Queda;;;;Meio de Quadra;;;0;1;0;0;0;0;0;0;0;1;0;0;"-3;76171100000";"-38;57460000000";mq_match
362360;20;9;2020;15:59;0;RUA LUIS VIEIRA;;;243;;ColisÃ£o;Luz do Dia;;;Meio de Quadra;;;0;1;0;1;0;0;0;0;0;1;0;0;"-3;79608942000";"-38;58656790000";mq_qgis
362355;20;9;2020;15:01;0;RUA AVILA GOULART;;;900;;Queda;Luz do Dia;;;Meio de Quadra;;;0;1;0;0;0;1;0;0;0;0;0;0;"-3;73565000000";"-38;47815000000";mq_match
362356;20;9;2020;15:37;0;RUA JOSE DANTAS PEREIRA;;;;;Queda;Luz do Dia;;;Meio de Quadra;;;0;1;0;0;0;0;0;0;0;1;0;0;;;
362357;20;9;2020;15:44;0;AV LEITE BARBOSA;;;962;;Atropelamento;Luz do Dia;;;Meio de Quadra;;;0;1;0;1;0;0;0;0;0;0;0;0;"-3;70964000000";"-38;46848000000";mq_gpsv
362358;20;9;2020;15:55;0;AV EDILSON B SOARES;;;1150;;ColisÃ£o;Luz do Dia;;;Meio de Quadra;;;0;1;0;1;0;0;0;0;0;1;0;0;"-3;78906541000";"-38;47602680000";mq_qgis
362353;20;9;2020;12:51;0;AV BEIRA MAR;;;;;Queda;Luz do Dia;;;Meio de Quadra;;;0;1;0;0;0;1;0;0;0;0;0;0;;;
362343;20;9;2020;6:41;0;AV ALANIS MARIA LAURINDO DE OLIVEIRA;;;540;;Queda;Luz do Dia;;;Meio de Quadra;;;0;1;0;0;0;0;0;0;0;1;0;0;;;
362344;20;9;2020;11:22;0;RUA SEN ROBERT KENNEDY;;;822;;ColisÃ£o;Luz do Dia;;;Meio de Quadra;;;0;1;0;1;0;0;0;0;0;1;0;0;"-3;70706300000";"-38;58044400000";mq_qgis
362345;20;9;2020;12:39;0;RUA ANTERO QUENTAL;;;255;;ColisÃ£o;Luz do Dia;;;Meio de Quadra;;;0;1;0;0;0;0;0;0;0;1;0;0;"-3;85332000000";"-38;49242000000";mq_gpsv
362346;20;9;2020;12:45;0;AV FRANCISCO SA;;;3780;;ColisÃ£o;Luz do Dia;;;Meio de Quadra;;;0;1;0;0;0;0;0;0;0;0;0;0;"-3;71710600000";"-38;55823700000";mq_qgis
362407;20;9;2020;21:30;0;RUA 12 DE JULHO;;;1290;;ColisÃ£o;;;;Meio de Quadra;;;0;2;0;0;0;0;0;0;0;1;0;0;;;