COD_ACIDENTE;DIA;MES;ANO;HORA;INTERSECAO;LOG1;LOG2;LOG3;NUMERO;REFERENCIA;NATUREZA;ILUMINACAO;TEMPO;SUPERFICIEPISTA;TIPOCRUZAMENTO;CONTROLETRAFEGO;USOSOLO;MORTOS;FERIDOS;ILESOS;AUTOMOVEL;ONIBUS;BICICLETA;CAMINHAO;MICROONIBUS;CICLOMOTOR;MOTOCICLETA;TRACAOANIMAL;TREM;LATITUDE;LONGITUDE;METODO
360246;24;9;2020;8:00;0;RUA VALDETARIO MOTA;RUA PRO HERACLITO;;0;;NÃ£o Informado;Luz do Dia;Bom;Seca;Meio de Quadra;Pare;Residencial;0;0;2;1;0;0;0;0;0;0;0;0;"-3;73192000000";"-38;47755000000";inter_gpsv
360537;24;9;2020;;0;RD CE-040;;;;KM-03;ColisÃ£o;;;;;;;0;1;1;0;0;0;0;0;0;1;0;0;"-3;78261432500";"-38;48108390000";rod_match
360538;24;9;2020;18:40;0;RD CE-040;;;;KM-10;ColisÃ£o;;;;Meio de Quadra;;;0;0;2;1;0;0;0;0;0;0;0;0;"-3;84257666000";"-38;48088284000";rod_match
363207;24;9;2020;13:13;25745;RUA FRANCISCO JOSE A PEREIRA;RUA DR WANDA SIDOU;;;;Outros;Luz do Dia;;;Cruz;NÃ£o HÃ¡ Controle;Residencial;1;1;0;0;0;0;0;0;0;1;0;0;"-3;81165000000";"-38;50741000000";inter_gpsv
362217;24;9;2020;16:40;0;RD BR 222;;;;KM-03;ColisÃ£o Lateral;Luz do Dia;;Seca;Meio de Quadra;;;0;1;1;1;0;1;0;0;0;0;0;0;"-3;74030084800";"-38;59594097000";rod_match
362218;24;9;2020;17:40;0;RD BR 222;;;;KM-02;Tombamento;Anoitecer;;Seca;Meio de Quadra;;;0;1;1;1;0;0;0;0;0;1;0;0;"-3;74036240000";"-38;59699610000";rod_match
362249;24;9;2020;7:41;10721;RUA PRO MIRAMAR DA PONTE;RUA CURITIBA;;;;ColisÃ£o;Luz do Dia;;;Cruz;Pare;Residencial;0;1;0;1;0;0;0;0;0;1;0;0;"-3;75958600000";"-38;58462800000";inter_match
362251;24;9;2020;8:31;0;RUA MARIA JULIA;;;1329;;ColisÃ£o;Luz do Dia;;;Meio de Quadra;;;0;1;0;1;0;0;0;0;0;1;0;0;"-3;79693630000";"-38;60101980000";mq_match
362252;24;9;2020;9:24;22157;RUA DELMIRO FARIAS;RUA MON FURTADO;;;;ColisÃ£o;Luz do Dia;;;Cruz;NÃ£o HÃ¡ Controle;Residencial;0;1;0;1;0;0;0;0;0;1;0;0;"-3;74754400000";"-38;55055000000";inter_match
362253;24;9;2020;9:48;20023;AV DR SILAS MUNGUBA;AV HEROIS DO ACRE;;;;ColisÃ£o;Luz do Dia;;;T;SemÃ¡foro;Comercial;0;1;0;1;0;0;0;0;0;1;0;0;"-3;80307900000";"-38;52854000000";inter_match
362254;24;9;2020;10:46;1404;RUA CATAO MAMEDE;RUA CARLOS VASCONCELOS;;;;Atropelamento;Luz do Dia;;;Cruz;NÃ£o HÃ¡ Controle;Residencial;0;1;0;0;0;0;1;0;0;0;0;0;"-3;73718200000";"-38;51215100000";inter_match
362255;24;9;2020;12:09;0;AV DEP PAULINO ROCHA;;;1313;;Queda;Luz do Dia;;;Meio de Quadra;;;0;1;0;0;0;0;0;0;0;1;0;0;"-3;81077460000";"-38;50953000000";mq_match
362256;24;9;2020;13:06;0;AV PRS COSTA E SILVA;;;;;Queda;Luz do Dia;;;Meio de Quadra;;;0;1;0;0;0;0;0;0;0;1;0;0;;;
362258;24;9;2020;13:15;0;AV PRS COSTA E SILVA;;;51;;ColisÃ£o;Luz do Dia;;;Meio de Quadra;;;0;1;0;0;0;0;0;0;0;0;0;0;"-3;82330800000";"-38;55092100000";mq_match
362239;24;9;2020;5:04;0;RUA DES OTACILIO PEIXOTO;;;;;Atropelamento;Amanhecer;;;Meio de Quadra;;;0;1;0;0;0;0;0;0;0;0;0;0;;;
362240;24;9;2020;6:52;0;RUA GUSTAVO SAMPAIO;;;1784;;ColisÃ£o;Luz do Dia;;;Meio de Quadra;;;0;2;0;1;0;0;0;0;0;1;0;0;"-3;73607400000";"-38;56046200000";mq_match
362241;24;9;2020;7:00;0;RUA SAO JOAO DEL REY;;;1579;;ColisÃ£o;Luz do Dia;;;Meio de Quadra;;;0;1;0;0;0;0;0;0;0;0;0;0;;;
362242;24;9;2020;7:13;0;RUA ELISEU ORIA;;;1130;;ColisÃ£o;Luz do Dia;;;Meio de Quadra;;;0;1;0;1;0;0;0;0;0;1;0;0;"-3;79801100000";"-38;47720200000";mq_qgis
362243;24;9;2020;7:39;0;RUA POMPILIO GOMES;;;1075;;ColisÃ£o;Luz do Dia;;;Meio de Quadra;;;0;1;0;1;0;0;0;0;0;1;0;0;;;
362263;24;9;2020;16:26;0;RUA CEL VIRGILIO NOGUEIRA (BOM JARDIM);;;1136;;ColisÃ£o;Luz do Dia;;;Meio de Quadra;;;0;1;0;1;0;0;0;0;0;1;0;0;"-3;79396000000";"-38;61040000000";mq_gpsv
362264;24;9;2020;16:52;0;RUA CEARA;;;5475;;ColisÃ£o;Luz do Dia;;;Meio de Quadra;;;0;1;0;1;0;0;0;0;0;1;0;0;;;
362265;24;9;2020;17:03;0;AV LINEU MACHADO;;;;;ColisÃ£o;Anoitecer;;;Meio de Quadra;;;0;1;0;1;0;0;0;0;0;1;0;0;;;
362271;24;9;2020;17:55;23607;RUA CAP NESTOR GOIS;RUA BAR CRATO;;;;ColisÃ£o;Anoitecer;;;Cruz;NÃ£o HÃ¡ Controle;Residencial;0;1;0;0;0;0;0;0;0;1;0;0;"-3;72184560000";"-38;56162600000";inter_match
362279;24;9;2020;19:44;0;AV MOZART PINHEIRO DE LUCENA;;;2799;;ColisÃ£o;;;;Meio de Quadra;;;0;1;0;1;0;0;0;0;0;1;0;0;"-3;72922679000";"-38;59880580000";mq_qgis
362275;24;9;2020;18:21;0;RUA CATOLE;;;2240;;ColisÃ£o;Anoitecer;;;Meio de Quadra;;;0;1;0;0;0;0;0;0;0;1;0;0;"-3;84916000000";"-38;52094700000";mq_qgis
362268;24;9;2020;17:36;0;RUA ROSINHA SAMPAIO;;;1866;;ColisÃ£o;Anoitecer;;;Meio de Quadra;;;0;1;0;1;0;0;0;0;0;1;0;0;"-3;72481600000";"-38;59537500000";mq_qgis
362269;24;9;2020;17:54;0;RUA BARRA MANSA;;;1561;;ColisÃ£o;Anoitecer;;;Meio de Quadra;;;0;1;0;1;0;0;0;0;0;1;0;0;;;
362281;24;9;2020;19:51;0;RUA MON BRUNO;;;307;;ColisÃ£o;;;;Meio de Quadra;;;0;1;0;0;0;0;0;0;0;1;0;0;"-3;72457000000";"-38;50693000000";mq_gpsv
360896;24;9;2020;7:30;0;RUA CEL MATOS DOURADO;;;228;;ColisÃ£o Traseira;Luz do Dia;Bom;Seca;Meio de Quadra;Outros;Comercial;0;0;2;0;0;0;1;0;0;0;0;0;"-3;74087800000";"-38;58521350000";mq_match
360891;24;9;2020;21:00;1376;RUA MON BRUNO;RUA JOAO CARVALHO;;;;ColisÃ£o Lateral;Via Iluminada;Bom;Seca;Cruz;Pare;Residencial;0;2;0;0;0;0;0;0;0;1;0;0;"-3;73658500000";"-38;51079200000";inter_match
360857;25;9;2020;19:27;5191;AV DOM MANUEL;RUA PEREIRA FILGUEIRAS;;;;ColisÃ£o Transversal;Anoitecer;Bom;Seca;Cruz;SemÃ¡foro;Comercial;0;1;1;0;0;0;0;0;0;0;0;0;"-3;72594300000";"-38;52033800000";inter_match
360854;25;9;2020;14:25;19377;RUA EDUARDO PERDIGAO;RUA GERMANO FRANCK;;;;Outros;Luz do Dia;Bom;Seca;Cruz;SemÃ¡foro;Comercial;0;0;2;0;0;0;0;0;0;1;0;0;"-3;77770400000";"-38;56254200000";inter_match
360855;25;9;2020;21:00;25013;RUA TEODOMIRO DE CASTRO;RUA ADOLFO B DE MENEZES;;;;ColisÃ£o Transversal;Via Iluminada;Bom;Seca;Cruz;Pare;Residencial;0;1;1;1;0;0;0;0;0;1;0;0;"-3;71661900000";"-38;57742500000";inter_match
362068;25;9;2020;20:17;22073;RUA JOSE FACANHA;RUA MAJ PEDRO SAMPAIO;;;;ColisÃ£o;;;;Cruz;Pare;Comercial;0;1;0;1;0;0;0;0;0;1;0;0;"-3;75120000000";"-38;55831200000";inter_match
362069;25;9;2020;20:47;0;AV DR SILAS MUNGUBA;;;1231;;ColisÃ£o;;;;;;;0;1;0;1;0;0;0;0;0;1;0;0;"-3;78252400000";"-38;55516700000";mq_match
362282;25;9;2020;1:25;0;RUA EDUARDO PERDIGAO;;;10;;Queda;;;;Meio de Quadra;;;0;1;0;0;0;0;0;0;0;1;0;0;"-3;77444000000";"-38;56731000000";mq_gpsv
362285;25;9;2020;4:05;0;AV GAL OSORIO DE PAIVA;;;1706;;ColisÃ£o;;;;Meio de Quadra;;;0;1;0;1;0;0;0;0;0;1;0;0;"-3;78250700000";"-38;57730700000";mq_match
362286;25;9;2020;20:00;0;RUA CARLOS VASCONCELOS;;;105;;ColisÃ£o;;;;Meio de Quadra;;;0;1;0;1;0;0;0;0;0;1;0;0;"-3;72259700000";"-38;50743300000";mq_qgis
362231;25;9;2020;21:23;266;AV JOVITA FEITOSA;RUA ERICO MOTA;;;;ColisÃ£o;;;;Cruz;SemÃ¡foro;Residencial;0;2;0;0;0;0;0;0;0;1;0;0;"-3;74093800000";"-38;56185000000";inter_match
362233;25;9;2020;21:38;23430;RUA MON SALAZAR;RUA CAP MELO;;;;ColisÃ£o;;;;Cruz;SemÃ¡foro;Comercial;0;1;0;1;0;0;0;0;0;1;0;0;"-3;75601900000";"-38;51318000000";inter_match
362234;25;9;2020;22:12;0;RUA TAVARES IRACEMA;;;;;ColisÃ£o;;;;Meio de Quadra;;;0;1;0;1;0;0;0;0;0;1;0;0;;;
362235;25;9;2020;23:44;0;AV ALBERTO CRAVEIRO;;;530;;ColisÃ£o;;;;Meio de Quadra;;;0;1;0;1;0;0;0;0;0;1;0;0;"-3;78314300000";"-38;51669300000";mq_qgis
362236;25;9;2020;0:05;1242;RUA DR JOSE LOURENCO;RUA COSTA BARROS;;;;ColisÃ£o;;;;Cruz;Pare;Comercial;0;1;0;0;0;0;0;0;0;0;0;0;"-3;73187000000";"-38;50692700000";inter_match
362237;25;9;2020;4:04;0;AV PERIMETRAL;;;;;ColisÃ£o;;;;Meio de Quadra;;;0;1;0;0;0;0;0;0;0;0;0;0;;;
362338;25;9;2020;17:02;0;AV ALBERTO NEPOMUCENO;;;;;ColisÃ£o;Anoitecer;;;Meio de Quadra;;;0;1;0;1;0;0;0;0;0;1;0;0;;;
362339;25;9;2020;14:56;0;RUA BETEL;;;;;Queda;Luz do Dia;;;Meio de Quadra;;;0;1;0;0;0;1;0;0;0;0;0;0;;;
362340;25;9;2020;15:56;0;RUA MARIA GOMES DE SA;;;1290;;ColisÃ£o;Luz do Dia;;;Meio de Quadra;;;0;1;0;0;0;0;0;0;0;0;0;0;"-3;82549000000";"-38;58218000000";mq_gpsv
362309;25;9;2020;15:52;0;AV DES MOREIRA;;;2960;;ColisÃ£o;Luz do Dia;;;Meio de Quadra;;;0;1;0;1;0;0;0;0;0;1;0;0;"-3;75301900000";"-38;50372600000";mq_match
362310;25;9;2020;;0;AV VICENTE DE CASTRO;;;;;Atropelamento;;;;Meio de Quadra;;;0;1;0;0;0;0;0;0;0;1;0;0;;;
362307;25;9;2020;13:47;0;AV DEP PAULINO ROCHA;;;1001;;ColisÃ£o;Luz do Dia;;;Meio de Quadra;;;0;1;1;1;0;1;0;0;0;0;0;0;"-3;80762000000";"-38;50840000000";mq_match
362300;25;9;2020;11:38;0;AV GAL OSORIO DE PAIVA;;;2955;;ColisÃ£o;Luz do Dia;;;Meio de Quadra;;;0;1;0;1;0;0;0;0;0;1;0;0;"-3;78925600000";"-38;58702800000";mq_match
362301;25;9;2020;12:12;0;AV SGT HERMINIO SAMPAIO;;;1694;;ColisÃ£o;Luz do Dia;;;Meio de Quadra;;;0;1;0;1;0;0;0;0;0;1;0;0;"-3;72550900000";"-38;55582000000";mq_qgis
362302;25;9;2020;12:41;1360;RUA DES LEITE ALBUQUERQUE;RUA JOAQUIM NABUCO;;;;ColisÃ£o;Luz do Dia;;;Cruz;Pare;Comercial;0;1;0;1;0;0;0;0;0;1;0;0;"-3;73627300000";"-38;50162100000";inter_match
362290;25;9;2020;7:14;0;RUA EMILIO DE MENESES;;;629;;ColisÃ£o;Luz do Dia;;;Meio de Quadra;;;0;1;0;1;0;0;0;0;0;1;0;0;"-3;78181880000";"-38;58710450000";mq_match
362291;25;9;2020;9:41;0;RUA JOSE RANGEL;;;666;;ColisÃ£o;Luz do Dia;;;Meio de Quadra;;;0;1;0;1;0;0;0;0;0;1;0;0;"-3;73851000000";"-38;47172000000";mq_gpsv
362295;25;9;2020;9:53;0;RUA LAURO NOGUEIRA;;;781;;Queda;Luz do Dia;;;Meio de Quadra;;;0;1;0;0;0;0;0;0;0;1;0;0;"-3;73987000000";"-38;47880000000";mq_gpsv
362297;25;9;2020;9:59;0;TR CAP ARAGAO;;;;;Queda;Luz do Dia;;;Meio de Quadra;;;0;1;0;0;0;0;0;0;0;1;0;0;;;
362397;25;9;2020;18:17;0;RUA CEL ALVES TEIXEIRA;;;1717;;Atropelamento;Anoitecer;;;Meio de Quadra;;;0;1;0;0;0;0;0;0;0;0;0;0;"-3;74722330000";"-38;50557370000";mq_qgis
362398;25;9;2020;18:59;24630;RUA ANTONIO ARRUDA;RUA DES HERMES PARAHYBA;;;;ColisÃ£o;;;;Cruz;Pare;Residencial;0;1;0;0;0;0;0;0;0;1;0;0;"-3;71299900000";"-38;59192600000";inter_match
362399;25;9;2020;19:34;0;TR SAO FRANCISCO D21;;;704;;Atropelamento;;;;Meio de Quadra;;;0;1;0;0;0;0;0;0;0;1;0;0;;;
362400;25;9;2020;19:16;0;AV JOVITA FEITOSA;;;2401;;ColisÃ£o;;;;Meio de Quadra;;;0;1;0;0;0;0;0;0;0;0;0;0;"-3;74027600000";"-38;55859400000";mq_qgis
362401;25;9;2020;19:47;0;RUA HOLANDA;;;1174;;ColisÃ£o;;;;Meio de Quadra;;;0;1;0;0;0;0;0;0;0;1;0;0;"-3;80057200000";"-38;56116800000";mq_qgis
362402;25;9;2020;19:53;0;AV GAL OSORIO DE PAIVA;;;600;;ColisÃ£o;;;;Meio de Quadra;;;0;1;0;1;0;0;0;0;0;1;0;0;"-3;77649772700";"-38;56787518000";mq_match
362342;25;9;2020;18:23;0;AV PERIMETRAL;;;300;;ColisÃ£o;Anoitecer;;;Meio de Quadra;;;0;1;0;1;0;0;0;0;0;1;0;0;;;
362219;25;9;2020;10:50;0;RD BR 116;;;;KM-01;ColisÃ£o Traseira;Luz do Dia;;Seca;Meio de Quadra;;;0;0;2;1;0;0;0;0;0;0;0;0;"-3;76255400000";"-38;51870200000";rod_match
362874;25;9;2020;20:45;4760;RUA ALVES DE SOUZA;LOGRADOURO SEM NOME;;;;ColisÃ£o;;;;;;;0;0;2;1;0;0;0;0;0;0;0;0;"-3;80474000000";"-38;59678000000";inter_gpsv
362875;25;9;2020;16:00;0;RUA RUTILO;;;;;ColisÃ£o;Luz do Dia;;;Meio de Quadra;;;0;1;1;0;0;0;1;0;0;0;0;0;;;
362876;25;9;2020;15:00;12614;RUA COS LAFAYETE;AV CEL CARVALHO;;;;ColisÃ£o;Luz do Dia;;;;;;0;1;1;0;0;0;0;0;0;1;0;0;"-3;71751200000";"-38;58793800000";inter_match
360534;25;9;2020;23:30;0;AV SEN CARLOS JEREISSATI (AEROPORTO);;;;KM 01;ColisÃ£o;;;;Meio de Quadra;;;0;1;1;1;0;0;0;0;0;1;0;0;"-3;78375300000";"-38;52685000000";rod_match
360247;25;9;2020;10:00;1701;RUA CAP ARAGAO;RUA CAP VASCONCELOS D46;;;;NÃ£o Informado;Luz do Dia;Bom;Seca;Cruz;SemÃ¡foro;Lazer;0;1;0;0;0;0;0;0;0;1;0;0;"-3;76553800000";"-38;51704100000";inter_match
360248;25;9;2020;13:23;22209;AV SGT HERMINIO SAMPAIO;RUA ARISTIDES B NETO;;1694;;ColisÃ£o Frontal;Luz do Dia;Bom;Seca;T;Pare;Comercial;0;1;1;1;0;0;0;0;0;0;0;0;"-3;72550900000";"-38;55582000000";inter_match
360249;25;9;2020;14:10;19121;RUA JOSE RANGEL;RUA CESAR FONSECA;;;;ColisÃ£o Transversal;Luz do Dia;Bom;Seca;T;Pare;Residencial;0;1;1;1;0;0;0;0;0;1;0;0;"-3;73854000000";"-38;47148000000";inter_gpsv
360250;25;9;2020;19:15;24630;RUA DES HERMES PARAHYBA;RUA ANTONIO ARRUDA;;;;ColisÃ£o Transversal;Mal Iluminada;Bom;Seca;Cruz;Pare;Residencial;0;1;1;0;0;0;0;0;0;1;0;0;"-3;71299900000";"-38;59192600000";inter_match
360251;25;9;2020;17:50;13304;AV I CJ JOSE WALTER;AV G CJ JOSE WALTER;;;;ColisÃ£o Transversal;Anoitecer;Bom;Seca;Cruz;Pare;Residencial;0;1;1;1;0;0;0;0;0;1;0;0;"-3;83906100000";"-38;55495600000";inter_match
360252;25;9;2020;18:30;10740;RUA PORTO ALEGRE;RUA AUDISIO PINHEIRO;;;;ColisÃ£o Lateral;Via Iluminada;Bom;Seca;Cruz;Pare;Residencial;1;2;1;1;0;0;0;0;0;1;0;0;"-3;76060200000";"-38;58994200000";inter_match
360264;25;9;2020;10:55;15175;AV ABOLICAO;RUA NUNES VALENTE;;;;NÃ£o Informado;Luz do Dia;Bom;Seca;Cruz;SemÃ¡foro;Comercial;0;1;1;1;0;0;0;0;0;1;0;0;"-3;72575000000";"-38;50038400000";inter_match
360260;26;9;2020;8:48;0;RUA PDE PEDRO DE ALENCAR;;;2201;;ColisÃ£o Traseira;Luz do Dia;Nublado;Molhada;Outros;NÃ£o HÃ¡ Controle;Comercial;0;0;2;1;0;0;0;0;0;0;0;0;"-3;84801439700";"-38;49476943000";mq_match
360253;26;9;2020;1:14;5384;RUA ANTONIO POMPEU;RUA PDE MORORO;;;;ColisÃ£o Transversal;Luz do Dia;Bom;Seca;Cruz;Pare;Comercial;0;0;2;1;0;0;0;0;0;1;0;0;"-3;73199700000";"-38;53945000000";inter_match
360254;26;9;2020;13:30;5454;RUA METON DE ALENCAR;RUA JAIME BENEVOLO;;;;ColisÃ£o Traseira;Luz do Dia;Bom;Seca;Cruz;SemÃ¡foro;Comercial;0;1;0;0;0;0;0;0;0;1;0;0;"-3;73506500000";"-38;52634900000";inter_match
360255;26;9;2020;21:48;0;AV PRO GOMES DE MATOS;;;148;;ColisÃ£o Traseira;Via Iluminada;Bom;Seca;Meio de Quadra;NÃ£o HÃ¡ Controle;Residencial;0;1;1;1;0;0;0;0;0;1;0;0;"-3;76418000000";"-38;54816000000";mq_gpsv
360535;26;9;2020;3:50;0;AV MIN JOSE AMERICO;;;1000;;Capotamento;;;;Meio de Quadra;;;0;0;1;1;0;0;0;0;0;0;0;0;"-3;80909860000";"-38;49120850000";mq_match
360532;26;9;2020;11:30;0;RD CE-040;;;3500;KM-03;ColisÃ£o;Luz do Dia;;;Meio de Quadra;;;0;1;1;0;0;0;1;0;0;1;0;0;"-3;78261432500";"-38;48108390000";rod_match
360533;26;9;2020;12:40;0;AV SEN CARLOS JEREISSATI (AEROPORTO);;;3000;KM 03;ColisÃ£o;Luz do Dia;;;Meio de Quadra;;;0;0;2;1;0;0;0;0;0;0;0;0;"-3;77964100000";"-38;54403800000";mq_match
363845;26;9;2020;0:00;0;RUA CAETANO SILVA (A. NUNES);;;;;NÃ£o Informado;;;;Meio de Quadra;;;1;0;0;0;0;0;0;0;0;0;0;0;"-3;74996600000";"-38;59904900000";fat_match
362896;26;9;2020;12:48;0;RUA VALPARAISO;;;453;;ColisÃ£o;Luz do Dia;;;Meio de Quadra;;;0;1;0;0;0;0;0;0;0;0;0;0;"-3;84516828000";"-38;52456540000";mq_qgis
362897;26;9;2020;13:40;0;AV ARY THIERS;;;163;;Atropelamento;Luz do Dia;;;Meio de Quadra;;;0;1;0;0;0;0;0;0;0;1;0;0;;;
362878;26;9;2020;15:15;0;AV PRS CASTELO BRANCO;;;295;10Âº REGIÃƒO MILITAR;ColisÃ£o;Luz do Dia;;;Meio de Quadra;;;0;2;0;0;0;0;0;0;0;1;0;0;"-3;72215700000";"-38;52457600000";mq_match
362968;26;9;2020;18:26;0;RD BR 116;;;;;ColisÃ£o;Anoitecer;;;Meio de Quadra;;;0;1;0;1;0;0;0;0;0;1;0;0;;;
362960;26;9;2020;17:11;17617;RUA ACRE;RUA CEARA;;;;ColisÃ£o;Anoitecer;;;T;Pare;Residencial;0;1;0;0;0;0;0;0;0;1;0;0;"-3;75957300000";"-38;56478500000";inter_match
362961;26;9;2020;18:12;0;AV GAL OSORIO DE PAIVA;;;;;ColisÃ£o;Anoitecer;;;Meio de Quadra;;;0;1;0;1;0;0;0;0;0;1;0;0;;;
362944;26;9;2020;16:52;0;AV CASTELO DE CASTRO;;;;;ColisÃ£o;Luz do Dia;;;Meio de Quadra;;;0;1;0;0;0;0;0;0;0;0;0;0;;;
362933;26;9;2020;15:40;0;RD BR 116;;;4180;;Atropelamento;Luz do Dia;;;Meio de Quadra;;;0;1;0;1;0;0;0;0;0;0;0;0;"-3;80235400000";"-38;50386900000";rod_match
362935;26;9;2020;15:58;0;RUA INA BRITO;;;1571;;ColisÃ£o;Luz do Dia;;;Meio de Quadra;;;0;1;0;1;0;0;0;0;0;1;0;0;"-3;82525000000";"-38;59711000000";mq_gpsv
362936;26;9;2020;16:12;0;RUA ANGELA DINIZ;;;809;;ColisÃ£o;Luz do Dia;;;Meio de Quadra;;;0;1;0;1;0;0;0;0;0;1;0;0;"-3;84701089000";"-38;52684740000";mq_qgis
362909;26;9;2020;15:25;0;RUA CAP GUTEMBERG;;;648;;ColisÃ£o;Luz do Dia;;;Meio de Quadra;;;0;1;0;0;0;0;0;0;0;0;0;0;"-3;83774592000";"-38;52576330000";mq_qgis
362931;26;9;2020;15:31;3189;RUA JOSE ARISTOTELES GONDIM;RUA CARLOS CHAGAS;;;;ColisÃ£o;Luz do Dia;;;Cruz;Pare;Residencial;0;1;0;1;0;0;0;0;0;1;0;0;"-3;78011300000";"-38;58533500000";inter_match
362899;26;9;2020;14:00;0;RUA ADOLFO CAMINHA;;;217;;ColisÃ£o;Luz do Dia;;;Meio de Quadra;;;0;1;0;0;0;0;0;0;0;1;0;0;"-3;72103639400";"-38;52508319000";mq_match
362985;26;9;2020;19:19;0;RUA ROSINHA SAMPAIO;;;11285;;Queda;;;;Meio de Quadra;;;0;1;0;0;0;1;0;0;0;0;0;0;;;
362987;26;9;2020;19:31;0;RUA PRO ALVARO COSTA;;;342;;ColisÃ£o;;;;Meio de Quadra;;;0;1;0;0;0;0;0;0;0;1;0;0;"-3;72352000000";"-38;46568000000";mq_gpsv
362989;26;9;2020;20:36;0;AV SGT HERMINIO SAMPAIO;;;3485;;Atropelamento;;;;Meio de Quadra;;;0;1;0;0;0;0;0;0;0;1;0;0;"-3;72854000000";"-38;57175900000";mq_match
362990;26;9;2020;21:04;0;AV MR HULL;;;5080;;Atropelamento;;;;Meio de Quadra;;;0;1;0;0;0;0;0;0;0;1;0;0;"-3;73939518000";"-38;58977440000";mq_qgis
362992;26;9;2020;22:08;0;RUA BERNARDO MANUEL;;;14001;;Queda;;;;Meio de Quadra;;;0;1;0;0;0;0;0;0;0;1;0;0;"-3;84034200000";"-38;56438000000";mq_qgis
362993;26;9;2020;23:40;0;RUA CEL FABRICIANO;;;809;;Atropelamento;;;;Meio de Quadra;;;1;0;1;0;0;0;0;0;0;1;0;0;"-3;78529000000";"-38;59891220000";mq_qgis
362220;26;9;2020;4:00;0;RD BR 116;;;8000;KM-08;Tombamento;;;Molhada;Meio de Quadra;;;1;0;0;0;0;0;0;0;0;1;0;0;"-3;82201800000";"-38;50326900000";rod_match
362221;26;9;2020;18:10;0;RD BR 116;;;;KM-04;Tombamento;Anoitecer;;Seca;Meio de Quadra;;;0;1;1;1;0;0;0;0;0;1;0;0;"-3;80235400000";"-38;50386900000";rod_match
362222;26;9;2020;18:15;0;RD BR 222;;;;KM-02;ColisÃ£o Traseira;Anoitecer;;Seca;Meio de Quadra;;;0;0;2;1;0;0;0;0;0;0;0;0;"-3;74036240000";"-38;59699610000";rod_match
362403;26;9;2020;6:31;0;RUA CON DE CASTRO;;;1320;;Queda;Luz do Dia;;;Meio de Quadra;;;0;1;0;0;0;0;0;0;0;1;0;0;;;
362404;26;9;2020;6:33;0;RUA JOSE FACANHA;;;708;;ColisÃ£o;Luz do Dia;;;Meio de Quadra;;;0;1;0;1;0;0;0;0;0;1;0;0;"-3;75190200000";"-38;55752675000";mq_match
362405;26;9;2020;6:50;0;RUA PDE PEDRO DE ALENCAR;;;2201;;ColisÃ£o;Luz do Dia;;;Meio de Quadra;;;0;1;0;0;0;0;0;0;0;0;0;0;"-3;84801439700";"-38;49476943000";mq_match
362406;26;9;2020;6:52;0;AV LUCIANO CARNEIRO;;;1900;;Queda;Luz do Dia;;;Meio de Quadra;;;0;1;0;0;0;0;0;0;0;1;0;0;"-3;76419400000";"-38;53644900000";mq_qgis
362415;26;9;2020;7:47;0;RUA NEREU RAMOS;;;206;;Queda;Luz do Dia;;;Meio de Quadra;;;0;1;0;0;0;0;0;0;0;1;0;0;"-3;78652500000";"-38;56880700000";mq_match
362417;26;9;2020;9:01;19664;RUA GUSTAVO SAMPAIO;RUA PRO JOSE DE BARCELOS;;;;Queda;Luz do Dia;;;Cruz;Pare;Residencial;0;1;0;0;0;0;0;0;0;1;0;0;"-3;73410100000";"-38;55082900000";inter_match
362418;26;9;2020;9:38;0;RUA VITAL BRASIL;;;2056;;Atropelamento;Luz do Dia;;;Meio de Quadra;;;0;1;0;1;0;0;0;0;0;0;0;0;"-3;77769644000";"-38;59913010000";mq_qgis
362420;26;9;2020;10:41;0;AV GAL OSORIO DE PAIVA;;;5852;;Atropelamento;Luz do Dia;;;Meio de Quadra;;;0;1;0;0;0;0;1;0;0;0;0;0;"-3;80759400000";"-38;60486000000";mq_match
362413;26;9;2020;7:35;0;RUA PEREIRA FILGUEIRAS;;;825;;ColisÃ£o;Luz do Dia;;;Meio de Quadra;;;0;1;0;1;0;0;0;0;0;1;0;0;"-3;72742440000";"-38;51555000000";mq_match
360838;26;9;2020;10:00;12905;AV AGUANAMBI;RUA MES ROSA;;;;ColisÃ£o;Luz do Dia;Bom;Seca;;Outros;Comercial;0;0;2;1;0;0;0;0;0;0;0;0;"-3;74162860000";"-38;52586000000";inter_match
360812;26;9;2020;4:44;0;AV JOR THOMAZ COELHO;;;3100;;ColisÃ£o Frontal;Via Iluminada;Bom;Seca;Meio de Quadra;Outros;Comercial;0;1;0;0;0;0;0;0;0;0;0;0;"-3;82906252000";"-38;52361570000";mq_qgis
360810;26;9;2020;9:00;0;AV ALM HENRIQUE SABOIA;;;;;ColisÃ£o Traseira;Luz do Dia;Nublado;Seca;Meio de Quadra;Pare;Comercial;1;0;1;0;0;0;1;0;0;1;0;0;"-3;75284400000";"-38;50123400000";fat_match
360781;27;9;2020;8:40;0;AV CEL CARVALHO;;;1999;;ColisÃ£o Traseira;Luz do Dia;Bom;Seca;Meio de Quadra;NÃ£o HÃ¡ Controle;Comercial;0;1;1;1;0;0;0;0;0;0;0;0;"-3;72013625000";"-38;58723400000";mq_qgis