COD_ACIDENTE;DIA;MES;ANO;HORA;INTERSECAO;LOG1;LOG2;LOG3;NUMERO;REFERENCIA;NATUREZA;ILUMINACAO;TEMPO;SUPERFICIEPISTA;TIPOCRUZAMENTO;CONTROLETRAFEGO;USOSOLO;MORTOS;FERIDOS;ILESOS;AUTOMOVEL;ONIBUS;BICICLETA;CAMINHAO;MICROONIBUS;CICLOMOTOR;MOTOCICLETA;TRACAOANIMAL;TREM;LATITUDE;LONGITUDE;METODO
360777;27;9;2020;15:15;0;AV FRANCISCO SA;;;;;ColisÃ£o Traseira;Luz do Dia;Bom;Seca;Meio de Quadra;SemÃ¡foro;Escola;0;2;0;1;0;0;0;0;0;0;0;0;;;
362994;27;9;2020;0:07;0;RUA JOR ANTONIO P TAVARES;;;1171;;ColisÃ£o;;;;Meio de Quadra;;;0;1;0;1;0;0;0;0;0;1;0;0;"-3;81389620000";"-38;50812870000";mq_qgis
363036;27;9;2020;7:53;0;RUA ANTENOR ROCHA ALEXANDRE;;;327;;ColisÃ£o;Luz do Dia;;;Meio de Quadra;;;0;1;1;1;0;1;0;0;0;0;0;0;"-3;79218593000";"-38;48289960000";mq_qgis
363037;27;9;2020;8:18;0;AV PRS COSTA E SILVA;;;9693;;ColisÃ£o;Luz do Dia;;;Meio de Quadra;;;0;1;0;0;0;0;0;0;0;0;0;0;;;
363028;27;9;2020;0:13;0;AV SEN FERNANDES TAVORA;;;;;Atropelamento;;;;Meio de Quadra;;;0;1;0;0;0;0;0;0;0;0;0;0;;;
363030;27;9;2020;1:00;0;AV CEL CARVALHO;;;1210;;Queda;;;;Meio de Quadra;;;0;1;0;0;0;0;0;0;0;1;0;0;"-3;71312000000";"-38;58911000000";mq_gpsv
363032;27;9;2020;5:52;0;AV GAL OSORIO DE PAIVA;;;857;;ColisÃ£o;Amanhecer;;;Meio de Quadra;;;0;1;0;0;0;0;0;0;0;0;0;0;"-3;77790600000";"-38;57011500000";mq_match
363034;27;9;2020;7:22;0;RUA MARIA GOMES DE SA;;;;;Queda;Luz do Dia;;;Meio de Quadra;;;0;1;0;0;0;0;0;0;0;1;0;0;;;
363077;27;9;2020;20:28;0;AV VICENTE DE CASTRO;;;5151;CAIS DO PORTO;Queda;;;;Meio de Quadra;;;0;1;0;0;0;1;0;0;0;0;0;0;"-3;71763200000";"-38;47520400000";mq_match
363099;27;9;2020;19:17;0;RUA VALPARAISO;;;126;;Queda;;;;Meio de Quadra;;;0;1;0;0;0;0;0;0;0;1;0;0;"-3;85156000000";"-38;50513000000";mq_gpsv
363100;27;9;2020;19:02;0;RUA PAULO FIRMEZA;;;917;;Queda;;;;Meio de Quadra;;;0;1;0;0;0;1;0;0;0;0;0;0;"-3;75695900000";"-38;51102000000";mq_qgis
363101;27;9;2020;18:51;0;RUA CARLOS AMORA;;;;;ColisÃ£o;;;;Meio de Quadra;;;0;1;1;1;0;0;0;0;0;1;0;0;;;
363102;27;9;2020;8:37;0;RUA VICENTE FERRETE;;;480;;ColisÃ£o;Luz do Dia;;;Meio de Quadra;;;0;1;0;0;0;0;0;0;0;1;0;0;;;
363103;27;9;2020;9:13;0;AV CEL CARVALHO;;;1969;;ColisÃ£o;Luz do Dia;;;Meio de Quadra;;;0;1;0;0;0;0;0;0;0;0;0;0;"-3;71987000000";"-38;58730647400";mq_match
363104;27;9;2020;12:22;0;RUA VALPARAISO;;;;;ColisÃ£o;Luz do Dia;;;Meio de Quadra;;;0;1;0;1;0;0;0;0;0;1;0;0;;;
363105;27;9;2020;14:34;0;RUA PORTO ALEGRE;;;545;;Queda;Luz do Dia;;;Meio de Quadra;;;0;1;0;0;0;0;0;0;0;1;0;0;"-3;76400667000";"-38;58355130000";mq_qgis
363106;27;9;2020;14:46;0;RUA ANTONIO FORTES;;;1737;;ColisÃ£o;Luz do Dia;;;Meio de Quadra;;;0;1;0;1;0;0;0;0;0;1;0;0;;;
363107;27;9;2020;15:31;0;RUA BENTO ALBUQUERQUE;;;1717;;ColisÃ£o;Luz do Dia;;;Meio de Quadra;;;0;1;0;1;0;0;0;0;0;1;0;0;"-3;74683380000";"-38;47374700000";mq_match
363108;27;9;2020;17:08;0;RD BR 020;;;;;ColisÃ£o;Anoitecer;;;Meio de Quadra;;;0;1;0;0;0;0;0;0;0;0;0;0;;;
363110;27;9;2020;18:01;0;AV PERIMETRAL;;;395;;ColisÃ£o;Anoitecer;;;Meio de Quadra;;;0;1;0;0;0;0;0;0;0;1;0;0;;;
363111;27;9;2020;18:18;0;AV GODOFREDO MACIEL;;;;;Atropelamento;Anoitecer;;;Meio de Quadra;;;0;1;0;1;0;0;0;0;0;0;0;0;;;
363069;27;9;2020;23:30;0;AV ALBERTO CRAVEIRO;;;430;;Choque c/ ObstÃ¡culo Fixo;;;;Meio de Quadra;;;1;0;0;0;0;0;0;0;0;1;0;0;"-3;78259100000";"-38;51647600000";mq_match
363070;27;9;2020;23:23;10408;RUA HUMAITA D73;AV GENIBAU;;;;ColisÃ£o;;;;Cruz;Pare;Comercial;0;2;1;1;0;0;0;0;0;1;0;0;"-3;76065200000";"-38;60061300000";inter_match
363071;27;9;2020;22:18;0;RUA MENEZES DE OLIVEIRA;;;440;;Queda;;;;Meio de Quadra;;;0;1;0;0;0;0;0;0;0;1;0;0;"-3;71077000000";"-38;59172000000";mq_gpsv
363073;27;9;2020;21:26;0;RUA MIGUEL GURGEL;;;;;ColisÃ£o;;;;Meio de Quadra;;;0;1;1;1;0;0;0;0;0;1;0;0;;;
363074;27;9;2020;20:34;0;RUA CON DE CASTRO;;;1677;;ColisÃ£o;;;;Meio de Quadra;;;0;2;1;1;0;0;0;0;0;1;0;0;;;
363094;27;9;2020;20:14;0;AV GOV LEONEL BRIZOLA;;;1076;;ColisÃ£o;;;;Meio de Quadra;;;0;1;1;1;0;0;0;0;0;1;0;0;;;
363096;27;9;2020;20:01;15194;RUA DEP MOREIRA DA ROCHA;RUA ILDEFONSO ALBANO;;;;ColisÃ£o;;;;Cruz;Pare;Residencial;0;2;0;0;0;0;0;0;0;1;0;0;"-3;72648000000";"-38;51107200000";inter_match
363097;27;9;2020;19:58;0;AV FRANCISCO SA;;;6422;;ColisÃ£o;;;;Meio de Quadra;;;0;1;1;1;0;0;0;0;0;1;0;0;"-3;70898000000";"-38;58167000000";mq_gpsv
362880;27;9;2020;23:14;12925;AV AGUANAMBI;AV DOMINGOS OLIMPIO;;;;ColisÃ£o;;;;Cruz;SemÃ¡foro;Comercial;0;1;1;1;0;0;0;0;0;0;0;0;"-3;73868300000";"-38;52462800000";inter_match
360528;27;9;2020;4:05;0;ROD CE 010;;;5000;;Choque c/ ObstÃ¡culo Fixo;;;;Meio de Quadra;;;0;1;1;1;0;0;0;0;0;0;0;0;;;
360530;27;9;2020;19:30;0;RD CE-040;;;;KM-01;ColisÃ£o;;;;Meio de Quadra;;;0;0;2;1;0;0;0;0;0;0;0;0;"-3;76465044900";"-38;48258304000";rod_match
360256;27;9;2020;5:00;0;RUA CARLINDO CRUZ;;;55;;Choque c/ ObstÃ¡culo Fixo;Amanhecer;Bom;Seca;Meio de Quadra;NÃ£o HÃ¡ Controle;Residencial;0;1;1;1;0;0;0;0;0;0;0;0;"-3;72790104000";"-38;57493530000";mq_qgis
360257;27;9;2020;16:23;0;RUA DR JOSE ROBERTO SALES;;;644;;Choque c/ ObstÃ¡culo Fixo;Luz do Dia;Bom;Seca;Meio de Quadra;NÃ£o HÃ¡ Controle;Comercial;0;0;2;1;0;0;0;0;0;0;0;0;;;
360258;27;9;2020;17:00;16433;RUA ALZIBERTO MIRANDA;RUA FRANCISCA MARIA DA CONCEICAO;;145;;ColisÃ£o Lateral;Luz do Dia;Bom;Seca;T;NÃ£o HÃ¡ Controle;Residencial;0;1;1;0;1;0;0;0;0;1;0;0;"-3;84192000000";"-38;56628000000";inter_gpsv
360259;28;9;2020;7:11;10999;RUA 15 DE NOVEMBRO;RUA ALBERTO MAGNO;;;;ColisÃ£o Traseira;Luz do Dia;Nublado;Seca;Cruz;SemÃ¡foro;Comercial;0;0;2;1;0;0;0;0;0;0;0;0;"-3;76990900000";"-38;55316900000";inter_match
360261;28;9;2020;9:01;0;AV BERNARDO MANUEL;;;7240;;ColisÃ£o Traseira;Amanhecer;Bom;Seca;Meio de Quadra;NÃ£o HÃ¡ Controle;Comercial;0;1;1;1;0;0;0;0;0;1;0;0;"-3;82883000000";"-38;56032000000";mq_gpsv
360262;28;9;2020;12:28;0;AV ALM MAXIMIANO DA FONSECA;RUA AGERSON TABOSA;;1395;FACULDADE FA7;ColisÃ£o Lateral;Luz do Dia;Bom;Seca;Meio de Quadra;;;0;1;1;1;0;0;0;0;0;1;0;0;"-3;77152420000";"-38;48287600000";inter_match
360263;28;9;2020;19:00;0;RUA GEORGE CAVALCANTE;;;309;;Choque c/ ObstÃ¡culo Fixo;Via Iluminada;Bom;Seca;Meio de Quadra;Pare;Residencial;0;0;2;0;0;0;0;0;0;0;0;0;"-3;71526000000";"-38;59036000000";mq_gpsv
360527;28;9;2020;5:00;0;RD CE-040;;;;KM-10;Capotamento;Amanhecer;;;Meio de Quadra;;;0;1;0;1;0;0;0;0;0;0;0;0;"-3;84257666000";"-38;48088284000";rod_match
363844;28;9;2020;17:00;0;AV ALBERTO CRAVEIRO;;;;;Choque c/ ObstÃ¡culo Fixo;Anoitecer;;;Meio de Quadra;;;1;0;1;0;0;0;0;0;0;1;0;0;"-3;79657300000";"-38;51853900000";fat_match
363059;28;9;2020;11:16;0;AV COS GOMES DE FREITAS (SAPIRANGA/COITE);;;3568;;ColisÃ£o;Luz do Dia;;;Meio de Quadra;;;0;1;1;1;0;0;0;0;0;1;0;0;"-3;79526500000";"-38;47494200000";mq_match
363060;28;9;2020;9:59;1258;AV SANTOS DUMONT;RUA MON BRUNO;;;;ColisÃ£o;Luz do Dia;;;Cruz;Pare;Comercial;0;1;1;1;0;0;0;0;0;1;0;0;"-3;73259500000";"-38;50950600000";inter_match
363061;28;9;2020;7:47;0;AV DOMINGOS OLIMPIO;;;1741;;Queda;Luz do Dia;;;Meio de Quadra;;;0;1;0;0;0;0;0;0;0;1;0;0;;;
363062;28;9;2020;6:08;0;RUA JOSE FACANHA;;;720;;Queda;Luz do Dia;;;Meio de Quadra;;;0;1;0;0;0;0;0;0;0;1;0;0;"-3;75181425000";"-38;55762490000";mq_qgis
363063;28;9;2020;6:00;0;RUA JOSE CANDIDO D08;;;731;;Queda;Luz do Dia;;;Meio de Quadra;;;0;1;0;0;0;0;0;0;0;1;0;0;"-3;73124300000";"-38;55126950000";mq_qgis
363064;28;9;2020;5:40;0;AV MR HULL;;;;;ColisÃ£o;Amanhecer;;;Meio de Quadra;;;0;1;1;0;0;0;0;0;0;0;0;0;;;
363066;28;9;2020;3:27;0;AV RAD JOSE LIMA VERDE;;;841;CLUBE DE REGATAS;ColisÃ£o;;;;Meio de Quadra;;;0;1;0;0;0;0;0;0;0;0;0;0;"-3;69961000000";"-38;58769000000";mq_gpsv
363067;28;9;2020;0:28;0;RUA NEREU RAMOS;;;549;;Queda;;;;Meio de Quadra;;;0;1;0;0;0;0;0;0;0;1;0;0;"-3;78547547000";"-38;57166040000";mq_qgis
363035;28;9;2020;17:22;0;AV PRS CASTELO BRANCO;;;2998;;ColisÃ£o;Anoitecer;;;Meio de Quadra;;;0;1;1;1;0;0;0;0;0;1;0;0;"-3;71184214000";"-38;55576990000";mq_qgis
363033;28;9;2020;17:53;0;RUA BERNARDO MANUEL;;;9970;;ColisÃ£o;Anoitecer;;;Meio de Quadra;;;0;1;1;1;0;0;0;0;0;1;0;0;"-3;80460432000";"-38;55318024000";mq_match
363055;28;9;2020;13:26;0;AV SEN FERNANDES TAVORA;;;905;;ColisÃ£o;Luz do Dia;;;Meio de Quadra;;;0;2;0;0;0;0;0;0;0;1;0;0;"-3;76289111100";"-38;58084750000";mq_match
363056;28;9;2020;12:16;2412;RUA IRAPUA;AV FRANCISCO SA;;;;ColisÃ£o;Luz do Dia;;;Cruz;Pare;Residencial;0;1;1;1;0;0;0;0;0;1;0;0;"-3;70635600000";"-38;58609900000";inter_match
363057;28;9;2020;11:37;0;AV SEN FERNANDES TAVORA;;;137;;ColisÃ£o;Luz do Dia;;;Meio de Quadra;;;0;1;1;1;0;0;0;0;0;1;0;0;"-3;76609400000";"-38;57491600000";mq_match
363031;28;9;2020;18:29;0;RUA MARCELO REIS;;;355;;ColisÃ£o;Anoitecer;;;Meio de Quadra;;;0;1;1;1;0;0;0;0;0;1;0;0;"-3;78491000000";"-38;45876000000";mq_gpsv
363029;28;9;2020;18:53;0;RUA JOSE DANTAS PEREIRA;;;;;Queda;;;;Meio de Quadra;;;0;1;0;0;0;0;0;0;0;1;0;0;;;
363023;28;9;2020;22:02;0;RUA CON DE CASTRO;;;3632;;ColisÃ£o;;;;Meio de Quadra;;;0;1;1;1;0;0;0;0;0;1;0;0;"-3;79896132000";"-38;58636640000";mq_qgis
363024;28;9;2020;21:44;0;RUA TEN JURANDIR ALENCAR;;;56;;Queda;;;;Meio de Quadra;;;0;1;0;0;0;1;0;0;0;0;0;0;"-3;83167900000";"-38;49467950000";mq_match
363026;28;9;2020;19:53;0;AV PRS CASTELO BRANCO;;;2645;;ColisÃ£o;;;;Meio de Quadra;;;0;1;1;0;0;0;0;0;0;0;0;0;"-3;71284757000";"-38;55150400000";mq_qgis
363027;28;9;2020;18:54;5234;RUA NOGUEIRA ACIOLI;RUA PEREIRA FILGUEIRAS;;;;Atropelamento;;;;Cruz;Pare;Comercial;0;1;1;1;0;0;0;0;0;0;0;0;"-3;72736500000";"-38;51602600000";inter_match
363038;28;9;2020;17:18;13334;AV H CJ JOSE WALTER;AV L CJ JOSE WALTER;;;;Queda;Anoitecer;;;Cruz;Pare;Residencial;0;1;0;0;0;0;0;0;0;1;0;0;"-3;84072000000";"-38;56043200000";inter_match
363039;28;9;2020;17:00;0;RUA MARCOS A A SOUZA;;;144;;Queda;Anoitecer;;;Meio de Quadra;;;0;1;0;0;0;0;0;0;0;1;0;0;;;
363040;28;9;2020;16:59;0;RUA RECANTO VERDE;;;1370;;Atropelamento;Luz do Dia;;;Meio de Quadra;;;0;1;1;0;0;0;0;0;0;1;0;0;"-3;83801800000";"-38;51140900000";mq_match
363041;28;9;2020;16:52;0;RUA CARLOS MAGNO;;;1230;;ColisÃ£o;Luz do Dia;;;Meio de Quadra;;;0;1;1;1;0;0;0;0;0;1;0;0;"-3;81659000000";"-38;57747000000";mq_gpsv
363042;28;9;2020;14:53;0;RUA PLACIDO DE CASTRO;;;619;;Atropelamento;Luz do Dia;;;Meio de Quadra;;;0;2;0;0;0;0;0;0;0;0;0;0;"-3;78991155000";"-38;58609980000";mq_qgis
363013;29;9;2020;7:07;0;RUA POMPILIO GOMES;;;400;;ColisÃ£o;Luz do Dia;;;Meio de Quadra;;;0;1;1;1;0;0;0;0;0;1;0;0;;;
363014;29;9;2020;7:02;0;AV PRS COSTA E SILVA;;;;;Atropelamento;Luz do Dia;;;Meio de Quadra;;;0;1;1;0;0;0;0;0;0;1;0;0;;;
363015;29;9;2020;6:39;0;RUA WALDIR DIOGO;;;58;;ColisÃ£o;Luz do Dia;;;Meio de Quadra;;;0;1;1;0;0;0;0;0;0;0;0;0;"-3;80809667000";"-38;57891430000";mq_qgis
363017;29;9;2020;6:37;0;AV CASTELO DE CASTRO;;;400;;ColisÃ£o;Luz do Dia;;;Meio de Quadra;;;0;1;1;1;0;0;0;0;0;1;0;0;"-3;83300000000";"-38;52162000000";mq_gpsv
363018;29;9;2020;1:18;0;AV PRS CASTELO BRANCO;;;;;NÃ£o Informado;;;;Meio de Quadra;;;0;1;0;0;0;0;0;0;0;1;0;0;;;
363019;29;9;2020;0:09;0;RUA NEREU RAMOS;;;540;;Queda;;;;Meio de Quadra;;;0;1;0;0;0;0;0;0;0;1;0;0;"-3;78560600000";"-38;57130100000";mq_qgis
363010;29;9;2020;7:16;17280;RUA ALVARO FERNANDES;RUA ALM RUBIM;;;;ColisÃ£o;Luz do Dia;;;Cruz;Pare;Residencial;0;1;1;1;0;1;0;0;0;0;0;0;"-3;76271000000";"-38;55155000000";inter_gpsv
362970;29;9;2020;11:09;0;RUA FRANCISCO GLICERIO;;;1000;;ColisÃ£o;Luz do Dia;;;Meio de Quadra;;;0;1;1;1;0;0;0;0;0;1;0;0;"-3;79620000000";"-38;56914000000";mq_gpsv
362999;29;9;2020;11:08;19949;RUA ALBERTO MONTEZUMA;RUA FRANCISCO LORDA;;;;ColisÃ£o;Luz do Dia;;;Cruz;NÃ£o HÃ¡ Controle;Comercial;0;1;1;1;0;0;0;0;0;1;0;0;"-3;76190000000";"-38;53192800000";inter_match
363000;29;9;2020;10:51;0;RUA PEDRO MARTINS;;;193;;Atropelamento;Luz do Dia;;;Meio de Quadra;;;0;1;1;0;0;0;0;0;0;1;0;0;"-3;80013300000";"-38;59995100000";mq_match
363001;29;9;2020;10:42;0;AV SEN CARLOS JEREISSATI (AEROPORTO);;;;;ColisÃ£o;Luz do Dia;;;Meio de Quadra;;;0;1;1;1;0;0;0;0;0;1;0;0;;;
363002;29;9;2020;10:18;0;AV A CJ CEARA;;;977;;ColisÃ£o;Luz do Dia;;;Meio de Quadra;;;0;1;1;1;0;0;0;0;0;1;0;0;"-3;76907600000";"-38;60424100000";mq_qgis
363004;29;9;2020;10:15;0;AV CEL CARVALHO;;;1639;;ColisÃ£o;Luz do Dia;;;Meio de Quadra;;;0;1;1;1;0;0;0;0;0;1;0;0;"-3;71751200000";"-38;58793800000";mq_qgis
363005;29;9;2020;10:10;13239;AV F CJ JOSE WALTER;AV J CJ JOSE WALTER;;;;ColisÃ£o;Luz do Dia;;;Cruz;Pare;Residencial;0;1;1;0;0;0;0;0;0;1;0;0;"-3;83583300000";"-38;55714300000";inter_match
363006;29;9;2020;8:41;0;RUA PRO LINO ENCARNACAO;;;850;;ColisÃ£o;Luz do Dia;;;Meio de Quadra;;;0;1;1;1;0;0;0;0;0;1;0;0;"-3;74302650000";"-38;56028850000";mq_qgis
363007;29;9;2020;7:31;5240;RUA CEL FERRAZ;RUA VIS SABOIA;;;;Queda;Luz do Dia;;;T;Pare;Residencial;0;1;0;0;0;0;0;0;0;1;0;0;"-3;75637720000";"-38;52429600000";inter_match
362883;29;9;2020;13:45;2279;RUA FRANCISCO CALACA;LOGRADOURO SEM NOME;;;;ColisÃ£o;Luz do Dia;;;;;;0;0;1;0;0;0;0;0;0;0;0;0;"-3;71022000000";"-38;57150000000";inter_gpsv
362884;29;9;2020;10:30;11877;RUA PDE ANCHIETA;RUA NAT FEIJO;;;;ColisÃ£o;Luz do Dia;;;Cruz;Pare;Misto;0;1;1;1;0;0;0;0;0;0;0;0;"-3;72295000000";"-38;55052000000";inter_gpsv
362932;29;9;2020;19:17;0;AV FRANCISCO SA;;;6076;;Atropelamento;;;;Meio de Quadra;;;0;1;1;0;0;0;0;0;0;1;0;0;"-3;71003400000";"-38;57884150000";mq_qgis
362928;29;9;2020;20:57;0;AV JOSE BASTOS;;;;;ColisÃ£o;;;;Meio de Quadra;;;0;1;1;1;0;0;0;0;0;1;0;0;;;
362929;29;9;2020;20:55;0;RUA PDE MORORO;;;2167;;ColisÃ£o;;;;Meio de Quadra;;;0;1;1;1;0;0;0;0;0;1;0;0;"-3;73544934000";"-38;54045070000";mq_qgis
362937;29;9;2020;18:34;12440;AV AUGUSTO DOS ANJOS;RUA ARARIPE PRATA;;;;ColisÃ£o;;;;Cruz;NÃ£o HÃ¡ Controle;Residencial;0;1;1;1;0;0;0;0;0;1;0;0;"-3;77193600000";"-38;57174900000";inter_match
362934;29;9;2020;19:15;0;RUA GONCALO SOUTO;;;100;;Queda;;;;Meio de Quadra;;;0;1;0;0;0;0;0;0;0;1;0;0;"-3;76677069000";"-38;52998550000";mq_qgis
362939;29;9;2020;18:31;0;AV H CJ CEARA;;;2959;;Queda;;;;Meio de Quadra;;;0;1;0;0;0;0;0;0;0;1;0;0;;;
362941;29;9;2020;18:08;5322;AV DUQ CAXIAS;AV IMPERADOR;;;;ColisÃ£o;Anoitecer;;;Cruz;SemÃ¡foro;Comercial;0;1;1;1;0;0;0;0;0;1;0;0;"-3;73004800000";"-38;53529700000";inter_match
362942;29;9;2020;18:01;5039;RUA ADOLFO CAMINHA;AV ALBERTO NEPOMUCENO;;;;NÃ£o Informado;Anoitecer;;;;;;0;1;0;0;0;0;0;0;0;1;0;0;"-3;72125700000";"-38;52321200000";inter_match
362943;29;9;2020;17:47;1716;AV GOV RAUL BARBOSA;RUA CAP ARAGAO;;;;Queda;Anoitecer;;;;;;0;1;0;0;0;0;0;0;0;1;0;0;"-3;76397700000";"-38;50880200000";inter_match
362951;29;9;2020;14:23;0;RUA OLYNTHO ARRUDA;;;101;;ColisÃ£o;Luz do Dia;;;Meio de Quadra;;;0;1;1;0;0;0;0;0;0;0;0;0;"-3;78727000000";"-38;46693000000";mq_gpsv
362952;29;9;2020;14:09;0;LOGRADOURO SEM NOME;;;;;Queda;Luz do Dia;;;Meio de Quadra;;;0;1;0;0;0;0;0;0;0;1;0;0;;;
362957;29;9;2020;11:59;0;RUA VIRIATO RIBEIRO;;;1047;;ColisÃ£o;Luz do Dia;;;Meio de Quadra;;;0;1;1;1;0;0;0;0;0;1;0;0;"-3;74918800000";"-38;56233100000";mq_qgis
362954;29;9;2020;11:50;0;RUA JOAO REGINO;;;90;;ColisÃ£o;Luz do Dia;;;Meio de Quadra;;;0;1;1;1;0;0;0;0;0;1;0;0;"-3;78837900000";"-38;48313100000";mq_match
362955;29;9;2020;12:13;0;AV AUGUSTO DOS ANJOS;;;489;;ColisÃ£o;Luz do Dia;;;Meio de Quadra;;;0;1;1;0;0;0;0;0;0;1;0;0;"-3;77304700000";"-38;57279210000";mq_match
362948;29;9;2020;16:14;0;AV ABOLICAO;;;4001;;ColisÃ£o;Luz do Dia;;;Meio de Quadra;;;0;1;1;1;0;0;0;0;0;1;0;0;"-3;72505600000";"-38;48338800000";mq_match
362967;29;9;2020;11:19;3211;RUA EMILIO DE MENESES;RUA VERBENA;;;;Atropelamento;Luz do Dia;;;Cruz;SemÃ¡foro;Comercial;0;1;1;0;0;0;0;0;0;1;0;0;"-3;78134400000";"-38;58883800000";inter_match
362963;29;9;2020;11:36;0;RUA TEBAS;;;677;;Queda;Luz do Dia;;;Meio de Quadra;;;0;1;0;0;0;0;0;0;0;1;0;0;"-3;81369000000";"-38;62046000000";mq_gpsv
362223;29;9;2020;6:00;0;RD BR 020;;;;KM 426;ColisÃ£o Transversal;Luz do Dia;;Seca;Meio de Quadra;;;0;1;1;1;0;0;0;0;0;1;0;0;"-3;86300000000";"-38;52400000000";rod_match
362224;29;9;2020;7:10;0;RD BR 116;;;;KM-10;Choque c/ ObstÃ¡culo Fixo;Luz do Dia;;Seca;Meio de Quadra;;;0;1;0;0;0;0;0;0;0;1;0;0;"-3;83443500000";"-38;50337300000";rod_match
362225;29;9;2020;7:30;0;RD BR 116;;;10000;KM-11;Tombamento;Luz do Dia;;Seca;Meio de Quadra;;;0;3;1;0;0;0;0;0;0;1;0;0;"-3;84716000000";"-38;49717600000";rod_match
362226;29;9;2020;12:00;0;RD BR 116;;;816;KM-08;ColisÃ£o Lateral;Luz do Dia;;Seca;Meio de Quadra;;;0;1;1;0;0;0;1;0;0;1;0;0;"-3;82201800000";"-38;50326900000";rod_match
362227;29;9;2020;20:00;0;RD BR 116;;;;KM-08;Atropelamento;Luz do Dia;;Seca;Meio de Quadra;;;0;1;1;1;0;0;0;0;0;0;0;0;"-3;82201800000";"-38;50326900000";rod_match
360526;29;9;2020;16:30;0;RD CE-040;;;;KM-04;ColisÃ£o;Luz do Dia;;;Meio de Quadra;;;0;0;2;1;1;0;0;0;0;0;0;0;"-3;79161315600";"-38;48033084000";rod_match
360522;29;9;2020;13:15;0;RD CE-040;;;;KM-04;ColisÃ£o;Luz do Dia;;;Meio de Quadra;;;0;0;2;1;0;0;0;0;0;1;0;0;"-3;79161315600";"-38;48033084000";rod_match
360523;29;9;2020;16:00;0;AV SEN CARLOS JEREISSATI (AEROPORTO);;;;KM 03;ColisÃ£o;Luz do Dia;;;Meio de Quadra;;;0;0;2;1;0;0;0;0;0;0;0;0;"-3;77964100000";"-38;54403800000";rod_match
360265;29;9;2020;8:25;0;AV PONTES VIEIRA;;;326;;ColisÃ£o Traseira;Luz do Dia;Bom;Seca;Meio de Quadra;NÃ£o HÃ¡ Controle;Comercial;0;0;2;1;0;0;0;0;0;0;0;0;"-3;75318310000";"-38;51737790000";mq_qgis
360266;29;9;2020;7:20;0;AV SEN FERNANDES TAVORA;RUA PROF. MANOEL LOURENCO;;0;;ColisÃ£o Transversal;Luz do Dia;Bom;Seca;;;;0;2;1;1;0;0;0;0;0;1;0;0;"-3;75578000000";"-38;59457000000";inter_gpsv
360267;29;9;2020;9:56;0;AV GOV RAUL BARBOSA;;;6320;;ColisÃ£o Traseira;Luz do Dia;Bom;Seca;Meio de Quadra;NÃ£o HÃ¡ Controle;Residencial;0;0;2;1;0;0;0;0;0;0;0;0;"-3;77165700000";"-38;51149000000";mq_match
360268;29;9;2020;10:18;17311;RUA JOAO FIRMINO;RUA ROMEU MARTINS;;;;ColisÃ£o;Luz do Dia;Bom;Seca;Cruz;Pare;Comercial;0;1;1;1;0;0;0;0;0;1;0;0;"-3;76427400000";"-38;55558200000";inter_match
360269;29;9;2020;14:29;0;AV JOAO PESSOA;;;6760;;ColisÃ£o Lateral;Luz do Dia;Bom;Seca;Meio de Quadra;NÃ£o HÃ¡ Controle;Comercial;0;1;1;0;0;0;0;0;0;1;0;0;"-3;76903369000";"-38;56054810000";mq_match
360270;29;9;2020;14:15;504;AV SEN FERNANDES TAVORA;RUA CAR ARCO VERDE;;;;ColisÃ£o Transversal;Luz do Dia;Bom;Seca;Cruz;SemÃ¡foro;Comercial;0;1;1;0;1;0;0;0;0;1;0;0;"-3;75584220000";"-38;59384000000";inter_match
360271;29;9;2020;17:50;24990;AV PRS COSTA E SILVA;AV PRS JUSCELINO KUBITSCHEK (PASSARÃ‰);;0;;ColisÃ£o Lateral;Anoitecer;Bom;Seca;T;SemÃ¡foro;Comercial;0;0;2;1;0;0;0;0;0;0;0;0;"-3;82564800000";"-38;53951600000";inter_match
360272;29;9;2020;19:10;5728;AV DES GONZAGA;RUA ANTONIO DE CASTRO;;0;;ColisÃ£o Traseira;Via Iluminada;Bom;Seca;Cruz;SemÃ¡foro;Comercial;0;0;2;1;0;0;0;0;0;0;0;0;"-3;79514800000";"-38;50085800000";inter_match
360273;29;9;2020;19:27;0;RUA FERNANDO FARIAS DE MELO (MANUEL SÃTIRO);;;1108;;Atropelamento;Via Iluminada;Bom;Seca;Meio de Quadra;Pare;Residencial;0;1;1;1;0;0;0;0;0;0;0;0;;;
360274;29;9;2020;17:37;4575;RUA TEN TITO BARROS;RUA ENG HENRIQUE MORIZE;;;;ColisÃ£o Lateral;Anoitecer;Bom;Seca;T;Pare;Residencial;0;1;1;0;0;1;0;0;0;0;0;0;"-3;80058900000";"-38;50757500000";inter_match
360275;30;9;2020;16:32;0;AV DR SILAS MUNGUBA;;;5650;;ColisÃ£o Lateral;Luz do Dia;Bom;Seca;Meio de Quadra;SemÃ¡foro;Comercial;0;1;1;1;0;0;0;0;0;1;0;0;"-3;80334020000";"-38;52818700000";mq_match
360276;30;9;2020;13:02;0;RUA BENI DE CARVALHO;;;216;;ColisÃ£o Lateral;Luz do Dia;Bom;Seca;;;;0;1;1;1;0;0;0;0;0;1;0;0;"-3;74485800000";"-38;49855300000";mq_match