COD_ACIDENTE;DIA;MES;ANO;HORA;INTERSECAO;LOG1;LOG2;LOG3;NUMERO;REFERENCIA;NATUREZA;ILUMINACAO;TEMPO;SUPERFICIEPISTA;TIPOCRUZAMENTO;CONTROLETRAFEGO;USOSOLO;MORTOS;FERIDOS;ILESOS;AUTOMOVEL;ONIBUS;BICICLETA;CAMINHAO;MICROONIBUS;CICLOMOTOR;MOTOCICLETA;TRACAOANIMAL;TREM;LATITUDE;LONGITUDE;METODO
360278;30;9;2020;8:53;0;RUA SAO JOSE D03;;;1;PACO MUNICIPAL;Choque c/ ObstÃ¡culo Fixo;Via Iluminada;Bom;Seca;Meio de Quadra;NÃ£o HÃ¡ Controle;Comercial;0;0;2;0;0;0;0;0;0;0;0;0;"-3;81060000000";"-38;45143000000";mq_match
362228;30;9;2020;8:29;0;RD BR 116;;;;KM-03;ColisÃ£o Lateral;Luz do Dia;;Seca;Meio de Quadra;;;0;1;1;1;0;0;0;0;0;1;0;0;"-3;77983800000";"-38;51437200000";rod_match
362915;30;9;2020;17:08;0;RUA LAURO MAIA;;;1163;;ColisÃ£o;Anoitecer;;;Meio de Quadra;;;0;1;1;1;0;0;0;0;0;1;0;0;"-3;74967300000";"-38;52239900000";mq_qgis
362916;30;9;2020;17:06;0;AV DUQ CAXIAS;;;733;;ColisÃ£o;Anoitecer;;;Meio de Quadra;;;0;1;1;0;0;0;0;0;0;0;0;0;"-3;73145200000";"-38;53091500000";mq_match
362911;30;9;2020;19:21;0;AV PRS CASTELO BRANCO;;;;;ColisÃ£o;;;;Meio de Quadra;;;0;1;1;1;0;0;0;0;0;1;0;0;;;
362912;30;9;2020;17:48;0;RUA BAR AQUIRAZ;;;;;ColisÃ£o;Anoitecer;;;Meio de Quadra;;;0;1;1;1;0;0;0;0;0;1;0;0;;;
362913;30;9;2020;17:22;25933;RUA MARIA ALICE FERRAZ;AV ALM MAXIMIANO DA FONSECA;;;;ColisÃ£o;Anoitecer;;;Cruz;Pare;Residencial;0;1;1;1;0;0;0;0;0;1;0;0;"-3;77038100000";"-38;48958100000";inter_match
362919;30;9;2020;16:20;0;RUA MARANGUAPE D50;;;1470;;Queda;Luz do Dia;;;Meio de Quadra;;;0;1;0;0;0;0;0;0;0;1;0;0;;;
362921;30;9;2020;15:12;0;RUA 8;;;1216;;ColisÃ£o;Luz do Dia;;;Meio de Quadra;;;0;1;1;1;0;0;0;0;0;1;0;0;;;
362922;30;9;2020;14:40;0;RUA PDE PEDRO DE ALENCAR;;;1881;;ColisÃ£o;Luz do Dia;;;Meio de Quadra;;;0;1;1;1;0;0;0;0;0;1;0;0;"-3;84464600000";"-38;49443600000";mq_match
362923;30;9;2020;13:12;0;AV PRS CASTELO BRANCO;;;;;NÃ£o Informado;Luz do Dia;;;Meio de Quadra;;;0;1;0;0;0;0;0;0;0;1;0;0;;;
362924;30;9;2020;11:46;0;RUA PINTO MADEIRA;;;1044;;ColisÃ£o;Luz do Dia;;;Meio de Quadra;;;0;1;1;1;0;0;0;0;0;1;0;0;"-3;73270950000";"-38;51622970000";mq_qgis
362925;30;9;2020;8:49;0;RUA JOSE HIPOLITO;;;2790;;ColisÃ£o;Luz do Dia;;;Meio de Quadra;;;0;1;1;1;0;0;0;0;0;1;0;0;"-3;84241900000";"-38;47331400000";mq_qgis
362926;30;9;2020;8:07;0;RUA LEON GRADVOHL;;;;;ColisÃ£o;Luz do Dia;;;Meio de Quadra;;;0;2;0;0;0;0;0;0;0;1;0;0;;;
362927;30;9;2020;7:10;0;AV GODOFREDO MACIEL;;;5642;;ColisÃ£o;Luz do Dia;;;Meio de Quadra;;;0;1;1;1;0;0;0;0;0;0;0;0;"-3;82437915300";"-38;57879612000";mq_match
362885;30;9;2020;23:28;0;RUA FRANCISCO F BAIMA;;;326;;Choque c/ ObstÃ¡culo Fixo;;;;Meio de Quadra;;;0;2;0;1;0;0;0;0;0;0;0;0;"-3;83170632000";"-38;48618510000";mq_qgis
362886;30;9;2020;22:34;0;AV JOAO DE ARAUJO LIMA;;;61;;Queda;;;;Meio de Quadra;;;0;1;0;0;0;0;0;0;0;1;0;0;"-3;82226000000";"-38;55816000000";mq_gpsv
362887;30;9;2020;22:04;0;RUA ESV AZEVEDO;;;567;;Queda;;;;Meio de Quadra;;;0;1;0;0;0;0;0;0;0;1;0;0;"-3;79451441000";"-38;50209150000";mq_qgis
362888;30;9;2020;21:45;0;RUA BAR CRATO;;;1186;;Atropelamento;;;;Meio de Quadra;;;0;1;1;0;0;0;0;0;0;1;0;0;"-3;72123665000";"-38;55953310000";mq_qgis
362889;30;9;2020;20:43;0;RUA F PASSARE;;;978;;ColisÃ£o;;;;Meio de Quadra;;;0;1;1;1;0;0;0;0;0;1;0;0;"-3;81402000000";"-38;53943000000";mq_gpsv
362890;30;9;2020;19:51;0;RUA AQUILES BEVILAQUA;;;73;;ColisÃ£o;;;;Meio de Quadra;;;0;1;1;1;0;0;0;0;0;1;0;0;"-3;74335246000";"-38;52082980000";mq_qgis
362893;30;9;2020;19:46;0;AV CASTELO DE CASTRO;;;;;ColisÃ£o;;;;Meio de Quadra;;;0;1;1;0;0;0;0;0;0;0;0;0;;;
360717;30;9;2020;8:08;13233;AV F CJ JOSE WALTER;AV L CJ JOSE WALTER;;;;ColisÃ£o Transversal;Luz do Dia;Bom;Seca;RotatÃ³ria;DÃª PreferÃªncia;Residencial;1;0;1;0;1;0;0;0;1;0;0;0;"-3;83532800000";"-38;55880500000";inter_match
360687;30;9;2020;16:46;7761;RUA NUNES VALENTE;RUA DOM EXPEDITO LOPES;;;;ColisÃ£o Transversal;Luz do Dia;Bom;Seca;Cruz;Pare;Residencial;0;1;1;0;0;0;1;0;0;1;0;0;"-3;74349400000";"-38;50606800000";inter_match
360688;30;9;2020;21:45;0;AV GOV RAUL BARBOSA;AV GAL MURILO BORGES;;;;Atropelamento;Via Iluminada;Bom;Seca;;;;0;1;1;1;0;0;0;0;0;0;0;0;"-3;76397700000";"-38;50880200000";inter_match
362974;1;10;2020;5:57;0;RUA PRO CARVALHO;;;5630;;ColisÃ£o;Amanhecer;;;Meio de Quadra;;;0;1;0;1;0;0;0;0;0;1;0;0;;;
362975;1;10;2020;6:54;0;AV MR HULL;;;;;ColisÃ£o;Luz do Dia;;;Meio de Quadra;;;0;1;0;0;0;0;0;0;0;0;0;0;;;
362976;1;10;2020;7:06;0;AV C CJ CEARA;;;185;;ColisÃ£o;Luz do Dia;;;Meio de Quadra;;;0;1;0;0;0;0;0;0;0;0;0;0;"-3;76026500000";"-38;60860100000";mq_match
362977;1;10;2020;7:19;0;RUA 1068 CJ CEARA;;;176;;ColisÃ£o;Luz do Dia;;;Meio de Quadra;;;0;1;0;0;0;0;1;0;0;1;0;0;;;
362978;1;10;2020;7:22;1555;RUA OSVALDO CRUZ (ALDEOTA);RUA VICENTE LINHARES;;;;ColisÃ£o;Luz do Dia;;;Cruz;SemÃ¡foro;Residencial;0;1;0;1;0;0;0;0;0;1;0;0;"-3;74150200000";"-38;50222100000";inter_match
362979;1;10;2020;8:05;0;AV JOR JOAO RAMOS;;;1661;;ColisÃ£o;Luz do Dia;;;Meio de Quadra;;;0;1;0;1;0;0;0;0;0;1;0;0;"-3;84212900000";"-38;57251800000";mq_qgis
362980;1;10;2020;9:02;0;AV CARNEIRO DE MENDONCA;;;556;;ColisÃ£o;Luz do Dia;;;Meio de Quadra;;;0;1;0;1;0;0;0;0;0;1;0;0;"-3;76532900000";"-38;56434600000";mq_match
362981;1;10;2020;9:57;0;RUA CANDIDO MAIA;;;294;;ColisÃ£o;Luz do Dia;;;Meio de Quadra;;;0;1;1;1;0;1;0;0;0;0;0;0;"-3;73742800000";"-38;59040720000";mq_match
362982;1;10;2020;10:03;0;RUA BENTO LOUSADO;;;190;;ColisÃ£o;Luz do Dia;;;Meio de Quadra;;;0;1;0;1;0;0;0;0;0;1;0;0;"-3;76528700000";"-38;57029900000";mq_qgis
362983;1;10;2020;10:07;0;RUA MIN ALBUQUERQUE LIMA;;;880;;ColisÃ£o;Luz do Dia;;;Meio de Quadra;;;0;1;0;1;0;0;0;0;0;1;0;0;"-3;77061500000";"-38;60487200000";mq_qgis
362984;1;10;2020;11:34;0;RUA EVILASIO A MIRANDA;;;1240;;ColisÃ£o;Luz do Dia;;;Meio de Quadra;;;0;1;0;1;0;0;0;0;0;1;0;0;;;
362986;1;10;2020;12:12;0;RUA VINTE E QUATRO DE MAIO;;;1372;;ColisÃ£o;Luz do Dia;;;Meio de Quadra;;;0;1;0;1;0;0;0;0;0;1;0;0;"-3;73366700000";"-38;53418600000";mq_qgis
362991;1;10;2020;14:03;0;RUA CANUTO DE AGUIAR;;;1050;;ColisÃ£o;Luz do Dia;;;Meio de Quadra;;;0;1;0;1;0;0;0;0;0;1;0;0;"-3;73126000000";"-38;49352000000";mq_gpsv
362988;1;10;2020;12:38;0;RUA GAL TOME CORDEIRO;;;723;;Queda;Luz do Dia;;;Meio de Quadra;;;0;1;0;0;0;0;0;0;0;1;0;0;"-3;71649000000";"-38;58354000000";mq_gpsv
362995;1;10;2020;14:48;0;AV BEZERRA DE MENEZES;;;262;;Atropelamento;Luz do Dia;;;Meio de Quadra;;;0;1;0;1;0;0;0;0;0;0;0;0;"-3;73207771000";"-38;54717000000";mq_qgis
362996;1;10;2020;14:56;0;AV ODILON GUIMARAES;;;2436;;ColisÃ£o;Luz do Dia;;;Meio de Quadra;;;0;1;0;1;0;0;0;0;0;1;0;0;"-3;81778000000";"-38;47354000000";mq_match
362997;1;10;2020;15:41;0;AV DEP PAULINO ROCHA;;;;;ColisÃ£o;Luz do Dia;;;Meio de Quadra;;;0;1;0;1;0;0;0;0;0;1;0;0;;;
363052;1;10;2020;15:51;0;AV DR SILAS MUNGUBA;;;;;ColisÃ£o;Luz do Dia;;;;;;0;1;0;1;0;0;0;0;0;1;0;0;;;
363053;1;10;2020;16:38;0;AV OLIVEIRA PAIVA;;;941;;ColisÃ£o;Luz do Dia;;;Meio de Quadra;;;0;1;0;1;0;0;0;0;0;1;0;0;"-3;79648500000";"-38;49844800000";mq_match
363054;1;10;2020;18:07;0;RUA POMPILIO GOMES;;;1547;;ColisÃ£o;Anoitecer;;;Meio de Quadra;;;0;1;0;0;0;0;0;0;0;0;0;0;"-3;82552430000";"-38;52116800000";mq_match
363078;1;10;2020;19:20;0;AV CASTELO DE CASTRO;;;;;Acidente Pessoal;;;;Meio de Quadra;;;0;1;0;0;0;0;0;0;0;1;0;0;;;
363079;1;10;2020;19:31;0;RUA 26 BATALHAO;;;511;;Queda;;;;Meio de Quadra;;;0;1;0;0;0;1;0;0;0;0;0;0;"-3;81261000000";"-38;57036000000";mq_gpsv
363080;1;10;2020;20:58;0;AV GENIBAU;;;577;;Atropelamento;;;;Meio de Quadra;;;0;1;0;1;0;0;0;0;0;0;0;0;"-3;76090500000";"-38;59917400000";mq_qgis
363081;1;10;2020;21:03;0;AV PRS CASTELO BRANCO;;;791;;ColisÃ£o;;;;Meio de Quadra;;;0;2;0;1;0;1;0;0;0;0;0;0;"-3;72037300000";"-38;53001900000";mq_match
363082;1;10;2020;21:17;0;RUA GONTRAN GIFFONI;;;697;;ColisÃ£o;;;;Meio de Quadra;;;0;1;0;1;0;0;0;0;0;1;0;0;"-3;76868000000";"-38;49121000000";mq_gpsv
363083;1;10;2020;21:19;0;RUA REV BOLIVAR P BANDEIRA;;;650;;ColisÃ£o;;;;Meio de Quadra;;;0;1;0;1;0;0;0;0;0;1;0;0;;;
363084;1;10;2020;21:23;0;AV GENIBAU;;;577;;ColisÃ£o;;;;Meio de Quadra;;;0;1;0;1;0;0;0;0;0;1;0;0;"-3;76090500000";"-38;59917400000";mq_qgis
363113;1;10;2020;21:25;0;AV AUGUSTO DOS ANJOS;;;444;;ColisÃ£o;;;;Meio de Quadra;;;0;2;0;1;0;0;0;0;0;1;0;0;"-3;77204000000";"-38;57191000000";mq_gpsv
363119;1;10;2020;21:36;0;RUA CODO;;;259;;ColisÃ£o;;;;Meio de Quadra;;;0;1;0;1;0;1;0;0;0;0;0;0;"-3;85001624000";"-38;52233830000";mq_qgis
363075;1;10;2020;18:47;0;AV JULIO VENTURA;;;1790;;ColisÃ£o;;;;Meio de Quadra;;;0;1;0;1;0;0;0;0;0;1;0;0;;;
362229;1;10;2020;19:05;0;RD BR 020;;;;KM 428;Choque c/ ObstÃ¡culo Fixo;Luz do Dia;;Seca;Meio de Quadra;;;0;1;1;1;0;0;1;0;0;0;0;0;"-3;86900000000";"-38;50700000000";rod_match
362467;1;10;2020;1:24;0;AV FRE CIRILO;;;3480;HOSPITAL CORACAO;NÃ£o Informado;Via Iluminada;Bom;Seca;Outros;NÃ£o HÃ¡ Controle;Residencial;0;0;1;1;0;0;0;0;0;0;0;0;"-3;81484711600";"-38;49850911600";mq_match
362311;1;10;2020;21:35;0;RUA FRANCISCO F BAIMA;;;312;;Choque c/ ObstÃ¡culo Fixo;Via Iluminada;Bom;Seca;Meio de Quadra;Outros;Residencial;0;0;1;1;0;0;0;0;0;0;0;0;"-3;82991289000";"-38;48595860000";mq_qgis
362313;1;10;2020;8:00;25729;AV TRISTAO GONCALVES;RUA ANTONIO POMPEU;;;;ColisÃ£o;Luz do Dia;Bom;Seca;Cruz;SemÃ¡foro;Comercial;0;2;1;0;0;0;0;0;0;1;0;0;"-3;73338800000";"-38;53508800000";inter_match
362341;1;10;2020;17:30;15367;RUA PEREIRA VALENTE;RUA CEL JUCA;;;;Outros;Anoitecer;Bom;Seca;Cruz;Pare;Residencial;0;0;1;0;0;0;1;0;0;0;0;0;"-3;73443900000";"-38;49026700000";inter_match
362447;1;10;2020;3:31;0;AV DR SILAS MUNGUBA;;;3090;;Choque c/ ObstÃ¡culo Fixo;Via Iluminada;Bom;Seca;Meio de Quadra;SemÃ¡foro;Comercial;0;1;0;1;0;0;0;0;0;0;0;0;"-3;78840600000";"-38;54596100000";mq_qgis
362448;1;10;2020;7:53;0;AV PRS JUSCELINO KUBITSCHEK (PASSARÃ‰);RUA PRO MOREIRA DE SOUSA (PASSARE);;3451;;ColisÃ£o Lateral;Luz do Dia;Bom;Seca;Meio de Quadra;NÃ£o HÃ¡ Controle;Comercial;0;1;1;0;0;0;0;0;0;1;0;0;"-3;81136400000";"-38;52811700000";inter_gpsv
362449;1;10;2020;14:20;25769;RUA CORUMBA;AV DR SILAS MUNGUBA;;0;;ColisÃ£o Transversal;Luz do Dia;Bom;Seca;T;SemÃ¡foro;Comercial;0;1;1;1;0;0;0;0;1;0;0;0;"-3;80118800000";"-38;53001400000";inter_match
362450;1;10;2020;13:50;0;AV G CJ JOSE WALTER;;;700;;ColisÃ£o Lateral;Luz do Dia;Bom;Seca;Meio de Quadra;NÃ£o HÃ¡ Controle;Residencial;0;1;0;1;0;0;0;0;1;0;0;0;"-3;83726000000";"-38;56042000000";mq_gpsv
362451;1;10;2020;16:12;0;AV PDE ANTONIO TOMAS;;;3580;;ColisÃ£o Lateral;Luz do Dia;Bom;Seca;;;;0;2;0;0;0;0;0;0;0;1;0;0;"-3;74637600000";"-38;48048600000";mq_qgis
364725;1;10;2020;21:50;0;AV PERIMETRAL;;;;;ColisÃ£o;;;;Meio de Quadra;;;0;0;1;0;0;0;0;0;0;1;0;0;;;
364726;2;10;2020;7:00;0;AV BEZERRA DE MENEZES;;;;;ColisÃ£o;Luz do Dia;;;Meio de Quadra;;;0;0;1;0;0;0;0;0;0;0;0;0;;;
362452;2;10;2020;10:29;0;RUA PEREIRA FILGUEIRAS;;;1090;;ColisÃ£o Traseira;Luz do Dia;Bom;Seca;Meio de Quadra;NÃ£o HÃ¡ Controle;Comercial;0;1;0;1;0;0;0;0;0;1;0;0;"-3;72819050000";"-38;51337150000";mq_qgis
362453;2;10;2020;15:04;0;AV 13 DE MAIO;;;2400;;Engavetamento;Luz do Dia;Bom;Seca;Meio de Quadra;NÃ£o HÃ¡ Controle;Comercial;0;0;6;1;0;0;0;0;0;0;0;0;"-3;74150400000";"-38;53847150000";mq_match
362454;2;10;2020;12:31;13416;AV RUI BARBOSA;RUA JOAO BRIGIDO;;;;ColisÃ£o Lateral;Luz do Dia;Bom;Seca;Cruz;Pare;Comercial;0;1;1;0;0;0;0;1;0;1;0;0;"-3;74199500000";"-38;51136900000";inter_match
362455;2;10;2020;15:30;0;RUA PDE GUERRA;RUA 21 DE ABRIL D27;;0;;Choque c/ ObstÃ¡culo Fixo;Luz do Dia;Bom;Seca;Cruz;Pare;Residencial;0;0;1;0;0;0;0;0;0;0;0;0;"-3;74113000000";"-38;56868000000";inter_gpsv
362456;2;10;2020;19:32;10525;RUA PEDRO LOPES D64;RUA WILSON PEREIRA;;;;ColisÃ£o Lateral;Via Iluminada;Bom;Molhada;Cruz;Pare;Residencial;0;2;1;0;0;0;0;0;0;1;0;0;"-3;82827000000";"-38;47747000000";inter_gpsv
362457;2;10;2020;19:33;0;AV GOV RAUL BARBOSA;;;6750;;ColisÃ£o Lateral;Mal Iluminada;Bom;Seca;Meio de Quadra;Gesto;Comercial;0;1;1;0;0;0;0;0;0;1;0;0;"-3;77304400000";"-38;51260200000";mq_match
362354;2;10;2020;16:00;0;RUA VALDETARIO MOTA;;;225;;ColisÃ£o Transversal;Luz do Dia;Bom;;;;;0;1;1;1;0;0;0;0;0;0;0;0;"-3;73204000000";"-38;47757000000";mq_gpsv
362232;2;10;2020;15:55;0;RD BR 116;;;;KM-02;ColisÃ£o Traseira;Luz do Dia;;Seca;Meio de Quadra;;;0;1;1;0;0;0;0;0;0;1;0;0;"-3;77139100000";"-38;51678000000";rod_match
362369;2;10;2020;13:25;12807;RUA ALBERTO MAGNO;RUA ANA NERY;;;;ColisÃ£o Transversal;Luz do Dia;Bom;Seca;Cruz;SemÃ¡foro;Comercial;0;1;1;1;0;0;0;0;0;0;0;0;"-3;75467010000";"-38;54111500000";inter_match
362230;2;10;2020;11:30;0;RD BR 222;;;;KM-02;ColisÃ£o Lateral;Luz do Dia;;Seca;;;;0;2;1;0;1;0;0;0;0;1;0;0;"-3;74036240000";"-38;59699610000";rod_match
363120;2;10;2020;5:58;0;AV JOR THOMAZ COELHO;;;;;Atropelamento;Amanhecer;;;Meio de Quadra;;;0;1;0;0;0;0;0;0;0;1;0;0;;;
363121;2;10;2020;6:59;0;RUA PDE PEDRO DE ALENCAR;;;17;;Queda;Luz do Dia;;;Meio de Quadra;;;0;1;0;0;0;0;0;0;0;1;0;0;"-3;82791000000";"-38;49346000000";mq_gpsv
363122;2;10;2020;7:04;0;AV BEZERRA DE MENEZES;;;25;;ColisÃ£o;Luz do Dia;;;Meio de Quadra;;;0;1;0;0;0;0;0;0;0;0;0;0;"-3;73054800000";"-38;53997300000";mq_match
363124;2;10;2020;7:39;0;AV GODOFREDO MACIEL;;;3929;;ColisÃ£o;Luz do Dia;;;Meio de Quadra;;;0;1;0;1;0;1;0;0;0;0;0;0;"-3;80987000000";"-38;57403000000";mq_gpsv
363125;2;10;2020;9:47;0;RUA MATOS VASCONCELOS;;;1602;;ColisÃ£o;Luz do Dia;;;Meio de Quadra;;;0;1;0;1;0;0;0;0;0;1;0;0;"-3;75655165000";"-38;55529910000";mq_qgis
363126;2;10;2020;9:48;0;RUA JAIME BENEVOLO;;;1059;;Atropelamento;Luz do Dia;;;Meio de Quadra;;;0;1;0;1;0;0;0;0;0;0;0;0;"-3;74134200000";"-38;52842810000";mq_qgis
363129;2;10;2020;11:16;0;RUA EMILIO DE MENESES;;;783;;ColisÃ£o;Luz do Dia;;;Meio de Quadra;;;0;1;0;0;0;0;0;0;0;1;0;0;"-3;78136262700";"-38;58877245000";mq_match
363130;2;10;2020;11:37;0;RUA MAJ PEDRO SAMPAIO;;;420;;ColisÃ£o;Luz do Dia;;;Meio de Quadra;;;0;1;0;1;0;0;0;0;0;1;0;0;"-3;72496000000";"-38;59219000000";mq_gpsv
363208;2;10;2020;20:02;0;AV GODOFREDO MACIEL;;;3862;;ColisÃ£o;;;;Meio de Quadra;;;0;1;0;1;0;0;0;0;0;1;0;0;"-3;80885700000";"-38;57378000000";mq_match
363214;2;10;2020;20:32;17370;RUA ALM RUBIM;RUA BAR SOBRAL;;;;ColisÃ£o;;;;Cruz;SemÃ¡foro;Residencial;0;1;0;1;0;0;0;0;0;1;0;0;"-3;76657200000";"-38;55497200000";inter_match
363215;2;10;2020;21:09;0;AV E CJ ESPERANCA;;;113;;ColisÃ£o;;;;Meio de Quadra;;;0;1;0;1;0;0;0;0;0;1;0;0;"-3;81594538000";"-38;58720770000";mq_qgis
363189;2;10;2020;18:32;26259;RUA JOSE ABILIO;RUA BRAGANCA;;;;ColisÃ£o;;;;Cruz;Pare;Residencial;0;1;1;1;0;0;0;0;0;1;0;0;"-3;78418670000";"-38;59744670000";inter_match
363191;2;10;2020;18:35;0;AV DR SILAS MUNGUBA;;;1555;;ColisÃ£o;;;;Meio de Quadra;;;0;1;0;1;0;0;0;0;0;1;0;0;"-3;78395000000";"-38;55391000000";mq_match
363201;2;10;2020;18:57;0;AV H CJ CEARA;;;165;;Queda;;;;Meio de Quadra;;;0;1;0;0;0;0;0;0;0;1;0;0;;;
363202;2;10;2020;19:01;0;RUA NUNES VALENTE;;;2075;;ColisÃ£o;;;;Meio de Quadra;;;0;1;0;1;0;0;0;0;0;1;0;0;"-3;74274000000";"-38;50581000000";mq_match
363203;2;10;2020;19:50;0;AV ALBERTO CRAVEIRO;;;1975;;ColisÃ£o;;;;Meio de Quadra;;;0;2;0;0;0;0;0;0;0;0;0;0;"-3;79689460000";"-38;51866000000";mq_match
363178;2;10;2020;17:24;0;RUA OSCAR ARARIPE;;;711;;ColisÃ£o;Anoitecer;;;Meio de Quadra;;;0;1;0;0;0;0;0;0;0;0;0;0;"-3;79164500000";"-38;59787600000";mq_match
363179;2;10;2020;17:29;0;RUA PRO SILAS RIBEIRO;;;722;;ColisÃ£o;Anoitecer;;;Meio de Quadra;;;0;1;0;1;0;0;0;0;0;1;0;0;;;
363181;2;10;2020;17:30;0;AV ROGACIANO LEITE;;;2407;;ColisÃ£o;Anoitecer;;;Meio de Quadra;;;0;2;0;1;0;0;0;0;0;1;0;0;"-3;77615100000";"-38;50036200000";mq_qgis
363184;2;10;2020;17:32;0;AV GODOFREDO MACIEL;;;;;Queda;Anoitecer;;;Meio de Quadra;;;0;1;0;0;0;0;0;0;0;1;0;0;;;
363185;2;10;2020;18:15;0;RUA JULIO BRAGA;;;1370;;ColisÃ£o;Anoitecer;;;Meio de Quadra;;;0;1;0;0;0;0;0;0;0;1;0;0;"-3;77424152000";"-38;58320510000";mq_qgis
363187;2;10;2020;18:18;0;AV CEL CARVALHO;;;1577;;Atropelamento;Anoitecer;;;Meio de Quadra;;;0;1;0;0;0;0;0;0;0;1;0;0;"-3;71664500000";"-38;58815900000";mq_match
363193;2;10;2020;18:45;4025;RUA CEARA;RUA AMAPA;;;;Atropelamento;;;;;;;0;1;0;0;0;0;0;0;0;1;0;0;"-3;76131000000";"-38;56330000000";inter_gpsv
363151;2;10;2020;11:48;0;RUA PERO COELHO;;;126;;ColisÃ£o;Luz do Dia;;;Meio de Quadra;;;0;2;0;0;0;0;0;0;0;0;0;0;"-3;73496000000";"-38;51706000000";mq_gpsv
363152;2;10;2020;11:52;0;RUA PRO MOREIRA DE SOUSA (PASSARE);;;663;;ColisÃ£o;Luz do Dia;;;Meio de Quadra;;;0;1;0;0;0;0;0;0;0;1;0;0;"-3;81261000000";"-38;52668000000";mq_gpsv
363155;2;10;2020;13:50;0;AV SEN FERNANDES TAVORA;;;2036;;ColisÃ£o;Luz do Dia;;;Meio de Quadra;;;0;1;0;1;0;0;0;0;0;1;0;0;"-3;74473000000";"-38;49576000000";mq_gpsv
363156;2;10;2020;14:06;0;AV PRO JOSE ARTHUR CARVALHO;;;2121;;ColisÃ£o;Luz do Dia;;;Meio de Quadra;;;0;1;0;0;0;0;0;0;0;0;0;0;"-3;82497420000";"-38;46114100000";mq_qgis
363158;2;10;2020;14:07;0;AV BEZERRA DE MENEZES;;;;;Queda;Luz do Dia;;;Meio de Quadra;;;0;1;0;0;0;0;0;0;0;1;0;0;;;
363160;2;10;2020;14:55;0;RUA CANDIDO MAIA;;;;;Acidente Pessoal;Luz do Dia;;;Meio de Quadra;;;0;1;0;0;0;0;0;0;0;1;0;0;;;
363161;2;10;2020;15:45;0;RUA CAP OLAVO;;;1036;;ColisÃ£o;Luz do Dia;;;Meio de Quadra;;;0;1;0;1;0;0;0;0;0;1;0;0;"-3;77146200000";"-38;51484500000";mq_qgis
363162;2;10;2020;16:02;26254;AV AMERICO BARREIRA;RUA SERGIPE;;;;ColisÃ£o;Luz do Dia;;;T;SemÃ¡foro;Comercial;0;1;0;1;0;0;0;0;0;1;0;0;"-3;76369000000";"-38;56660000000";inter_gpsv
363163;2;10;2020;16:02;0;AV JOR THOMAZ COELHO;;;268;;ColisÃ£o;Luz do Dia;;;Meio de Quadra;;;0;1;0;0;0;0;0;0;0;1;0;0;"-3;83246000000";"-38;49867000000";mq_gpsv
363164;2;10;2020;16:26;0;AV GODOFREDO MACIEL;;;86;;ColisÃ£o;Luz do Dia;;;Meio de Quadra;;;0;1;0;1;0;0;0;0;0;1;0;0;"-3;77931700000";"-38;56465400000";mq_match
363170;2;10;2020;17:24;0;RUA AVILA GOULART;;;900;;Atropelamento;Anoitecer;;;Meio de Quadra;;;0;1;0;0;0;0;0;0;0;0;0;0;"-3;73565000000";"-38;47815000000";mq_match
363212;2;10;2020;20:24;0;RUA ROCHA LIMA;;;230;;Atropelamento;;;;Meio de Quadra;;;0;1;0;0;0;0;0;0;0;1;0;0;"-3;73646085000";"-38;52203080000";mq_qgis
363219;3;10;2020;0:35;0;AV GAL OSORIO DE PAIVA;;;1431;;ColisÃ£o;;;;Meio de Quadra;;;0;2;0;1;0;0;0;0;0;0;0;0;"-3;78042863600";"-38;57413020000";mq_match
363220;3;10;2020;1:47;0;RUA MIGUEL ARAGAO;;;3;;Queda;;;;Meio de Quadra;;;0;1;0;0;0;0;0;0;0;1;0;0;"-3;83560000000";"-38;58425000000";mq_gpsv
363223;3;10;2020;3:57;0;AV GODOFREDO MACIEL;;;4606;;ColisÃ£o;;;;Meio de Quadra;;;0;1;1;1;0;0;0;0;0;1;0;0;"-3;81543000000";"-38;57483000000";mq_gpsv
363226;3;10;2020;4:19;0;AV GAL OSORIO DE PAIVA;;;;;Queda;;;;Meio de Quadra;;;0;1;0;0;0;0;0;0;0;1;0;0;;;
363228;3;10;2020;7:39;0;RUA DEP MATOSO FILHO;;;1134;;ColisÃ£o;Luz do Dia;;;Meio de Quadra;;;0;1;0;1;0;0;0;0;0;1;0;0;"-3;73384800000";"-38;59401900000";mq_match
363229;3;10;2020;8:16;0;AV ALBERTO CRAVEIRO;;;;;ColisÃ£o;Luz do Dia;;;Meio de Quadra;;;0;1;0;1;0;0;0;0;0;1;0;0;;;
363231;3;10;2020;8:36;12666;AV CEL CARVALHO;RUA ROSINHA SAMPAIO;;;;ColisÃ£o;Luz do Dia;;;Cruz;SemÃ¡foro;Comercial;0;1;0;1;0;0;0;0;0;1;0;0;"-3;72693800000";"-38;58541300000";inter_match
363237;3;10;2020;9:47;0;AV BEZERRA DE MENEZES;;;782;;Atropelamento;Luz do Dia;;;Meio de Quadra;;;0;1;0;0;0;0;0;0;0;1;0;0;"-3;73306686000";"-38;55187070000";mq_qgis
363238;3;10;2020;9:49;0;RUA JULIO BRAGA;;;1485;;Queda;Luz do Dia;;;Meio de Quadra;;;0;1;0;0;0;0;0;0;0;1;0;0;"-3;77362500000";"-38;58380700000";mq_match
363239;3;10;2020;11:20;0;RUA GOMES PASSOS;;;543;;ColisÃ£o;Luz do Dia;;;Meio de Quadra;;;0;1;0;0;0;0;0;0;0;0;0;0;"-3;71122748000";"-38;56113950000";mq_qgis