COD_ACIDENTE;DIA;MES;ANO;HORA;INTERSECAO;LOG1;LOG2;LOG3;NUMERO;REFERENCIA;NATUREZA;ILUMINACAO;TEMPO;SUPERFICIEPISTA;TIPOCRUZAMENTO;CONTROLETRAFEGO;USOSOLO;MORTOS;FERIDOS;ILESOS;AUTOMOVEL;ONIBUS;BICICLETA;CAMINHAO;MICROONIBUS;CICLOMOTOR;MOTOCICLETA;TRACAOANIMAL;TREM;LATITUDE;LONGITUDE;METODO
363240;3;10;2020;11:33;0;AV VICENTE DE CASTRO;;;;;ColisÃ£o;Luz do Dia;;;Meio de Quadra;;;0;1;0;0;0;0;0;0;0;1;0;0;;;
363244;3;10;2020;11:36;0;AV I CJ JOSE WALTER;;;1661;;ColisÃ£o;Luz do Dia;;;Meio de Quadra;;;0;1;0;1;0;0;0;0;0;1;0;0;"-3;83923000000";"-38;55494000000";mq_gpsv
363251;3;10;2020;13:58;0;RUA VALPARAISO;;;;;ColisÃ£o;Luz do Dia;;;Meio de Quadra;;;0;2;0;0;0;0;0;0;0;1;0;0;;;
363265;3;10;2020;16:33;0;AV HILDEBRANDO DE MELO;;;1739;;Atropelamento;Luz do Dia;;;Meio de Quadra;;;0;1;0;1;0;0;0;0;0;0;0;0;"-3;72323000000";"-38;58902000000";mq_gpsv
363266;3;10;2020;16:59;0;RD BR 116;;;;;ColisÃ£o;Luz do Dia;;;Meio de Quadra;;;0;1;0;1;0;0;0;0;0;1;0;0;;;
363278;3;10;2020;18:55;0;AV JOSE LEON;;;1852;;Queda;;;;Meio de Quadra;;;0;1;0;0;0;0;0;0;0;1;0;0;"-3;78931695000";"-38;49582230000";mq_qgis
363279;3;10;2020;19:10;0;RUA ELDORADO;;;2310;;ColisÃ£o;;;;Meio de Quadra;;;0;1;0;1;0;0;0;0;0;1;0;0;"-3;81739000000";"-38;52990000000";mq_gpsv
363280;3;10;2020;19:17;0;RUA PALMACIA;;;410;;ColisÃ£o;;;;Meio de Quadra;;;0;1;0;1;0;0;0;0;0;1;0;0;"-3;71766000000";"-38;59183000000";mq_gpsv
363281;3;10;2020;19:20;0;RUA TOMAS RODRIGUES;;;168;;Queda;;;;Meio de Quadra;;;0;1;0;0;0;0;0;0;0;1;0;0;"-3;74048000000";"-38;59391000000";mq_gpsv
363287;3;10;2020;20:50;0;RUA PEDRO MACHADO;;;685;;Queda;;;;Meio de Quadra;;;0;1;0;0;0;0;0;0;0;1;0;0;"-3;75635000000";"-38;54798000000";mq_gpsv
363288;3;10;2020;21:40;0;RUA CON DE CASTRO;;;2680;;ColisÃ£o;;;;Meio de Quadra;;;0;1;0;1;0;0;0;0;0;1;0;0;"-3;79277507000";"-38;58061340000";mq_qgis
363289;3;10;2020;21:59;0;RD BR 116;;;12000;KM-12;ColisÃ£o;;;;Meio de Quadra;;;0;1;0;1;0;0;0;0;0;1;0;0;"-3;85574000000";"-38;49606600000";rod_match
363290;3;10;2020;22:11;0;RUA GETULIO VARGAS;;;1186;;Atropelamento;;;;Meio de Quadra;;;0;1;0;0;0;0;0;0;0;1;0;0;"-3;81785900000";"-38;59380500000";mq_qgis
363291;3;10;2020;22:33;0;AV DIOGUINHO;;;;;ColisÃ£o;;;;Meio de Quadra;;;0;1;0;1;0;0;0;0;0;1;0;0;;;
363292;3;10;2020;23:15;0;RUA RAQUEL FLORENCIO;;;228;;ColisÃ£o;;;;Meio de Quadra;;;0;2;0;0;0;0;0;0;0;1;0;0;"-3;82578000000";"-38;45601000000";mq_gpsv
363293;3;10;2020;23:24;0;RUA DA BARAUNA;;;70;;Queda;;;;Meio de Quadra;;;0;1;0;0;0;0;0;0;0;1;0;0;"-3;80125211000";"-38;55077940000";mq_qgis
363248;3;10;2020;13:29;0;RUA CEL MANUEL ALBANO;;;549;;ColisÃ£o;Luz do Dia;;;Meio de Quadra;;;0;2;0;1;0;0;0;0;0;1;0;0;"-3;80615000000";"-38;57119000000";mq_match
363275;3;10;2020;17:10;0;AV C CJ CEARA;;;1655;;Atropelamento;Anoitecer;;;Meio de Quadra;;;0;1;0;1;0;0;0;0;0;0;0;0;"-3;77294600000";"-38;61540200000";mq_qgis
363216;3;10;2020;0:13;0;AV DEP PAULINO ROCHA;;;50;;Atropelamento;;;;Meio de Quadra;;;0;1;0;1;0;0;0;0;0;0;0;0;"-3;80213600000";"-38;50756500000";mq_match
363217;3;10;2020;0:34;0;RUA CURIO;;;150;;Atropelamento;;;;Meio de Quadra;;;0;1;0;0;0;0;0;0;0;0;0;1;"-3;71921000000";"-38;56910000000";mq_gpsv
362375;3;10;2020;10:40;10920;RUA CEL MATOS DOURADO;RUA FRANCO ROCHA;;;;ColisÃ£o Lateral;Luz do Dia;Bom;Seca;Cruz;Pare;Comercial;0;1;1;1;0;0;0;0;0;1;0;0;"-3;75342700000";"-38;58230900000";inter_match
362388;3;10;2020;21:00;5356;AV DUQ CAXIAS;RUA GAL SAMPAIO;;;;ColisÃ£o Transversal;Via Iluminada;Bom;Seca;Cruz;SemÃ¡foro;Comercial;0;1;2;0;1;0;0;0;0;1;0;0;"-3;73109600000";"-38;53202900000";inter_match
362414;3;10;2020;8:30;0;AV ALBERTO CRAVEIRO;;;;;NÃ£o Informado;Luz do Dia;Bom;Seca;;;;0;1;1;0;1;0;0;0;0;1;0;0;;;
362411;3;10;2020;23:15;607;AV DR THEBERGE;RUA LIRIO;;;;ColisÃ£o Lateral;Via Iluminada;Bom;Seca;T;Pare;Comercial;0;1;1;1;0;0;0;0;0;1;0;0;"-3;71270400000";"-38;56431300000";inter_match
362238;3;10;2020;1:50;0;RD BR 116;;;;KM-12;ColisÃ£o Frontal;;;Seca;Meio de Quadra;;;0;2;1;1;0;0;0;0;0;0;0;0;"-3;85574000000";"-38;49606600000";rod_match
362458;3;10;2020;4:18;0;AV ALM HENRIQUE SABOIA;;;0;;Capotamento;Via Iluminada;Bom;Seca;Meio de Quadra;NÃ£o HÃ¡ Controle;Comercial;0;1;0;1;0;0;0;0;0;0;0;0;"-3;74827360000";"-38;49280000000";mq_match
362459;3;10;2020;14:24;0;RUA ILDEFONSO ALBANO;;;1373;;Tombamento;Luz do Dia;Bom;Seca;Meio de Quadra;NÃ£o HÃ¡ Controle;Comercial;0;0;1;1;0;0;0;0;0;0;0;0;"-3;73281300000";"-38;51306300000";mq_qgis
362460;3;10;2020;14:12;0;RUA ERETIDES MARTINS;RUA CANAL;;0;;Queda;Luz do Dia;Bom;Seca;Cruz;Pare;Residencial;0;1;1;0;0;0;0;0;0;1;0;0;"-3;73066000000";"-38;55889000000";inter_gpsv
362461;3;10;2020;14:39;0;RUA ALM RUBIM;;;1351;;ColisÃ£o Lateral;Luz do Dia;Bom;Seca;Meio de Quadra;NÃ£o HÃ¡ Controle;Comercial;0;2;0;1;0;0;0;0;0;0;0;0;"-3;76956700000";"-38;55619000000";mq_match
362462;3;10;2020;14:52;5307;AV DUQ CAXIAS;RUA PRC ISABEL;;;;ColisÃ£o Transversal;Luz do Dia;Bom;Seca;Cruz;SemÃ¡foro;Comercial;0;2;1;1;0;0;0;0;0;1;0;0;"-3;72968700000";"-38;53640700000";inter_match
362463;3;10;2020;15:54;5343;RUA PDE IBIAPINA;AV BEZERRA DE MENEZES;;;;ColisÃ£o Lateral;Luz do Dia;Bom;Seca;T;SemÃ¡foro;Comercial;0;1;1;1;0;0;0;0;0;1;0;0;"-3;73054800000";"-38;53997300000";inter_match
362464;4;10;2020;1:17;6006;AV C CJ CEARA;RUA 212 CJ CEARA;;0;;ColisÃ£o Transversal;Via Iluminada;Bom;Seca;T;Pare;Residencial;0;0;2;1;0;0;0;0;0;0;0;0;"-3;85636000000";"-38;51835000000";inter_gpsv
362465;4;10;2020;6:50;25137;RUA BENI DE CARVALHO;RUA BARBOSA DE FREITAS;;0;;ColisÃ£o Transversal;Luz do Dia;Bom;Seca;Cruz;SemÃ¡foro;Comercial;0;0;2;0;0;1;0;0;0;1;0;0;"-3;74441400000";"-38;49989000000";inter_match
362423;4;10;2020;22:30;4887;RUA CON DE CASTRO;RUA A CONJ. JARDIM FLUMINENSE;;;;Atropelamento;Mal Iluminada;Bom;Seca;T;NÃ£o HÃ¡ Controle;Residencial;0;2;0;0;0;0;0;0;0;1;0;0;"-3;81268000000";"-38;59791000000";inter_gpsv
363294;4;10;2020;0:13;0;AV GAL OSORIO DE PAIVA;;;8003;;Queda;;;;Meio de Quadra;;;0;1;0;0;0;0;0;0;0;1;0;0;"-3;82116500000";"-38;61801100000";mq_match
363295;4;10;2020;0:19;0;RUA JORGE FIGUEIREDO (ANCURI);;;2353;;Queda;;;;Meio de Quadra;;;0;1;0;0;0;0;0;0;0;1;0;0;"-3;88862000000";"-38;52068000000";mq_gpsv
363296;4;10;2020;10:33;0;RUA CARNAUBAL;;;512;;ColisÃ£o;Luz do Dia;;;Meio de Quadra;;;0;2;0;0;0;0;0;0;0;0;0;0;"-3;72252914000";"-38;58309350000";mq_qgis
363301;4;10;2020;11:46;15699;RUA GUILHERME PESSOA;RUA MEM DE SA;;;;ColisÃ£o;Luz do Dia;;;Cruz;Pare;Residencial;0;1;0;1;0;0;0;0;0;1;0;0;"-3;82741700000";"-38;48533800000";inter_match
363302;4;10;2020;12:49;0;RUA FRANCISCO JOSE A PEREIRA;;;1005;;Queda;Luz do Dia;;;Meio de Quadra;;;0;2;0;0;0;1;0;0;0;0;0;0;"-3;81147000000";"-38;50805000000";mq_gpsv
363303;4;10;2020;15:59;0;AV FRANCISCO SA;;;2802;;ColisÃ£o;Luz do Dia;;;Meio de Quadra;;;0;1;0;1;0;0;0;0;0;1;0;0;"-3;71968000000";"-38;55050100000";mq_match
363304;4;10;2020;16:23;0;RUA ALVARO DE ALENCAR;;;518;;Queda;Luz do Dia;;;Meio de Quadra;;;0;1;0;0;0;1;0;0;0;0;0;0;"-3;71615600000";"-38;55807300000";mq_qgis
363305;4;10;2020;17:19;0;RUA 1020 CJ CEARA;;;2959;;Queda;Anoitecer;;;Meio de Quadra;;;0;1;0;0;0;0;0;0;0;1;0;0;;;
363306;4;10;2020;17:24;0;RUA SEN POMPEU;;;2656;;Queda;Anoitecer;;;Meio de Quadra;;;0;1;0;0;0;1;0;0;0;0;0;0;"-3;74186612000";"-38;53415020000";mq_qgis
363307;4;10;2020;17:36;0;RUA DO LAGO;;;245;;Queda;Anoitecer;;;Meio de Quadra;;;0;1;0;0;0;0;0;0;0;1;0;0;"-3;78228289000";"-38;51026530000";mq_qgis
363308;4;10;2020;17:47;0;RUA 218 A CJ CEARA;;;148;;Queda;Anoitecer;;;Meio de Quadra;;;0;1;0;0;0;0;0;0;0;1;0;0;"-3;76426642000";"-38;60707930000";mq_qgis
363309;4;10;2020;18:17;0;RUA ALVES DE SOUZA;;;799;;Queda;Anoitecer;;;Meio de Quadra;;;0;1;0;0;0;0;0;0;0;1;0;0;;;
363310;4;10;2020;18:21;0;RUA SGT JOAO PINHEIRO;;;610;;ColisÃ£o;Anoitecer;;;Meio de Quadra;;;1;0;1;1;0;0;0;0;0;1;0;0;"-3;78055000000";"-38;62221000000";mq_gpsv
363311;4;10;2020;18:35;0;AV GODOFREDO MACIEL;;;4848;;ColisÃ£o;;;;Meio de Quadra;;;0;3;0;1;0;0;0;0;0;1;0;0;"-3;81839900000";"-38;57572700000";mq_match
363312;4;10;2020;18:55;0;RUA SEN POMPEU;;;;;ColisÃ£o;;;;Meio de Quadra;;;0;1;0;1;0;1;0;0;0;0;0;0;;;
363313;4;10;2020;19:01;0;RUA NOVA CONQUISTA (GRANJA LISBOA);;;388;;ColisÃ£o;;;;Meio de Quadra;;;0;1;0;0;0;0;0;0;0;0;0;0;;;
363314;4;10;2020;19:19;0;RUA E CJ RESD GUAJERU;;;45;;ColisÃ£o;;;;Meio de Quadra;;;0;1;0;0;0;0;0;0;0;1;0;0;"-3;81421000000";"-38;59508000000";mq_gpsv
363315;4;10;2020;19:47;0;RUA 1018 CJ CEARA;;;148;;Acidente Pessoal;;;;Meio de Quadra;;;0;1;0;0;0;0;0;0;0;1;0;0;"-3;77021133300";"-38;61644367000";mq_match
363316;4;10;2020;19:48;0;RUA VALPARAISO;;;169;;Atropelamento;;;;Meio de Quadra;;;0;1;0;0;0;0;0;0;0;1;0;0;"-3;84622700000";"-38;52193600000";mq_qgis
363317;4;10;2020;20:19;0;RUA COM GARCIA;;;385;;ColisÃ£o;;;;Meio de Quadra;;;0;2;0;0;0;0;0;0;0;1;0;0;"-3;78891314000";"-38;57931170000";mq_qgis
363318;4;10;2020;20:23;0;RUA PLANALTINA (PL AYRTON SENNA);;;827;;ColisÃ£o;;;;Meio de Quadra;;;0;1;0;0;0;0;0;0;0;1;0;0;"-3;83194000000";"-38;56913000000";mq_gpsv
363319;4;10;2020;21:06;0;AV GODOFREDO MACIEL;;;;;ColisÃ£o;;;;Meio de Quadra;;;0;1;0;1;0;0;0;0;0;1;0;0;;;
363320;4;10;2020;21:36;0;RUA MONTE LIBANO;;;638;;ColisÃ£o;;;;Meio de Quadra;;;0;1;0;1;0;1;0;0;0;0;0;0;"-3;82604430000";"-38;56297300000";mq_match
363321;4;10;2020;22:00;0;AV RAD JOSE LIMA VERDE;;;819;;Queda;;;;Meio de Quadra;;;0;1;0;0;0;1;0;0;0;0;0;0;"-3;69982500000";"-38;58813400000";mq_qgis
363322;4;10;2020;22:00;0;AV BEIRA MAR;;;886;;ColisÃ£o;;;;Meio de Quadra;;;0;2;0;0;0;0;0;0;0;1;0;0;"-3;72020641000";"-38;51166880000";mq_qgis
363329;4;10;2020;22:07;0;AV DES GONZAGA;;;487;;Queda;;;;Meio de Quadra;;;0;1;0;0;0;1;0;0;0;0;0;0;"-3;79573000000";"-38;50037000000";mq_gpsv
363350;4;10;2020;22:31;0;AV BEIRA MAR;;;;;Queda;;;;Meio de Quadra;;;0;1;0;0;0;0;0;0;0;1;0;0;;;
363351;4;10;2020;22:52;12457;AV AUGUSTO DOS ANJOS;RUA PRO GOMES BRASIL;;;;ColisÃ£o;;;;Cruz;SemÃ¡foro;Comercial;0;2;0;1;0;0;0;0;0;1;0;0;"-3;77015300000";"-38;57042700000";inter_match
363352;4;10;2020;23:27;24229;AV ENG SANTANA JUNIOR;AV ENG ALBERTO SA;;;;ColisÃ£o;;;;Cruz;SemÃ¡foro;Comercial;0;1;0;1;0;1;0;0;0;0;0;0;"-3;73335700000";"-38;48062400000";inter_match
364728;4;10;2020;21:40;0;RD DR MENDEL STEINBRUCH;;;;;ColisÃ£o;;;;Meio de Quadra;;;0;0;2;1;0;0;0;0;0;1;0;0;;;
363353;5;10;2020;0:07;0;AV GODOFREDO MACIEL;;;;;Queda;;;;Meio de Quadra;;;0;1;0;0;0;0;0;0;0;1;0;0;;;
363354;5;10;2020;6:33;0;AV PRS CASTELO BRANCO;;;3795;;ColisÃ£o;Luz do Dia;;;Meio de Quadra;;;0;1;0;1;0;0;0;0;0;1;0;0;"-3;70918900000";"-38;56612000000";mq_match
363355;5;10;2020;7:43;0;RD BR 116;;;11000;KM-11;Queda;Luz do Dia;;;Meio de Quadra;;;0;1;0;0;0;0;0;0;0;1;0;0;"-3;84716000000";"-38;49717600000";rod_match
363356;5;10;2020;7:44;0;RUA JOAO CORDEIRO;;;;;Queda;Luz do Dia;;;Meio de Quadra;;;0;1;0;0;0;1;0;0;0;0;0;0;;;
363357;5;10;2020;9:41;0;RUA MAL BITENCOURT;;;1197;;ColisÃ£o;Luz do Dia;;;Meio de Quadra;;;0;1;0;0;0;0;0;0;0;1;0;0;"-3;79413750000";"-38;53064433000";mq_match
363358;5;10;2020;12:35;100;RUA TOMAS RODRIGUES;AV MR HULL;;;;Atropelamento;Luz do Dia;;;Cruz;SemÃ¡foro;Comercial;0;2;0;0;0;0;0;0;0;1;0;0;"-3;74000400000";"-38;59391500000";inter_match
363359;5;10;2020;12:44;0;AV BEIRA MAR;;;;;Queda;Luz do Dia;;;Meio de Quadra;;;0;1;0;0;0;1;0;0;0;0;0;0;;;
363360;5;10;2020;14:09;0;RUA JUVENAL GALENO;;;54;;ColisÃ£o;Luz do Dia;;;Meio de Quadra;;;0;1;0;1;0;0;0;0;0;1;0;0;"-3;74129950000";"-38;53647400000";mq_qgis
363361;5;10;2020;14:42;0;AV CARNEIRO DE MENDONCA;;;750;;ColisÃ£o;Luz do Dia;;;Meio de Quadra;;;0;1;0;1;0;0;0;0;0;1;0;0;"-3;76410900000";"-38;56675900000";mq_match
363362;5;10;2020;15:21;0;AV GODOFREDO MACIEL;;;2385;;Atropelamento;Luz do Dia;;;Meio de Quadra;;;0;1;0;1;0;0;0;0;0;0;0;0;"-3;79604400000";"-38;56977600000";mq_match
363363;5;10;2020;15:33;0;RUA CANDIDO MAIA;;;;;Atropelamento;Luz do Dia;;;Meio de Quadra;;;0;1;0;0;0;0;0;0;0;1;0;0;;;
363364;5;10;2020;16:33;0;AV JOSE BASTOS;;;3194;;ColisÃ£o;Luz do Dia;;;;;;0;0;0;1;0;0;0;0;0;1;0;0;"-3;74778770000";"-38;54818300000";mq_match
363526;5;10;2020;18:19;0;AV AREIA BRANCA;;;70;;Atropelamento;Anoitecer;;;Meio de Quadra;;;0;1;0;1;0;0;0;0;0;0;0;0;"-3;72811000000";"-38;47323000000";mq_gpsv
363527;5;10;2020;18:36;0;AV MR HULL;;;;;Atropelamento;;;;Meio de Quadra;;;0;1;0;0;0;0;0;0;0;0;0;1;;;
363528;5;10;2020;18:42;0;AV GAL OSORIO DE PAIVA;;;1805;;Atropelamento;;;;Meio de Quadra;;;0;1;0;1;0;0;0;0;0;0;0;0;"-3;78310300000";"-38;57829400000";mq_match
363533;5;10;2020;19:28;0;RUA NEREU RAMOS;;;186;;Queda;;;;Meio de Quadra;;;0;1;0;0;0;0;0;0;0;1;0;0;"-3;78670800000";"-38;56830750000";mq_qgis
363534;5;10;2020;20:03;0;RUA HOLANDA;;;1887;;Queda;;;;Meio de Quadra;;;0;1;0;0;0;0;0;0;0;1;0;0;"-3;80534000000";"-38;55843000000";mq_gpsv
363539;5;10;2020;20:20;0;AV GAL OSORIO DE PAIVA;;;;;ColisÃ£o;;;;Meio de Quadra;;;0;1;0;1;0;0;0;0;0;1;0;0;;;
363541;5;10;2020;21:36;0;RUA OLAVO LIMA SILVA;;;50;;Atropelamento;;;;Meio de Quadra;;;0;1;0;1;0;0;0;0;0;0;0;0;"-3;75794448000";"-38;48919160000";mq_qgis
363542;5;10;2020;21:37;0;RUA NOSSA SRA DAS GRACAS;;;370;;ColisÃ£o;;;;Meio de Quadra;;;0;1;0;0;0;0;0;0;0;0;0;0;"-3;71076519000";"-38;55160180000";mq_qgis
363543;5;10;2020;21:57;0;AV D CJ JOSE WALTER;;;440;HOSP. GONZAGUINHA;Atropelamento;;;;Meio de Quadra;;;0;1;0;1;0;0;0;0;0;0;0;0;"-3;83123740000";"-38;55686770000";mq_match
362468;5;10;2020;7:31;2837;RUA MARIA JULIA;RUA BOM JESUS (GRANJA LISBOA);;;;ColisÃ£o;Luz do Dia;Bom;Seca;Cruz;Pare;Comercial;0;1;1;0;0;0;0;0;0;1;0;0;"-3;79464000000";"-38;60060300000";inter_match
362469;5;10;2020;7:30;7717;AV JOAO PESSOA;RUA PACAEMBU;;;;ColisÃ£o Transversal;Luz do Dia;Bom;Seca;T;NÃ£o HÃ¡ Controle;Escola;0;1;1;1;0;0;0;0;0;1;0;0;"-3;76530800000";"-38;55901400000";inter_match
362470;5;10;2020;8:30;1450;RUA JOAO CARVALHO;RUA JOSE VILAR;;;;ColisÃ£o Transversal;Luz do Dia;Bom;Seca;Cruz;SemÃ¡foro;Residencial;0;1;1;1;0;0;0;0;0;1;0;0;"-3;73831800000";"-38;50547700000";inter_match
362471;5;10;2020;10:45;7855;RUA HENRIQUETA GALENO;RUA CEL JUCA;;0;;ColisÃ£o Transversal;Luz do Dia;Bom;Seca;Cruz;SemÃ¡foro;Comercial;0;0;2;1;0;0;0;0;0;0;0;0;"-3;74698900000";"-38;49428400000";inter_match
362472;5;10;2020;19:22;0;AV JOR THOMAZ COELHO;;;551;;NÃ£o Informado;Via Iluminada;Bom;Seca;T;SemÃ¡foro;Comercial;0;0;2;1;0;0;0;0;0;1;0;0;"-3;83240000000";"-38;49905800000";mq_match
362473;5;10;2020;21:18;0;AV GAL OSORIO DE PAIVA;;;7020;;ColisÃ£o Transversal;Via Iluminada;Bom;Seca;Meio de Quadra;SemÃ¡foro;Comercial;0;2;1;1;0;0;0;0;0;0;0;0;"-3;81447890000";"-38;61191600000";mq_match
362474;5;10;2020;7:00;0;AV AREIA BRANCA;;;360;;Choque c/ ObstÃ¡culo Fixo;Anoitecer;Bom;Seca;Meio de Quadra;NÃ£o HÃ¡ Controle;Comercial;0;0;2;1;0;0;0;0;0;0;0;0;"-3;72791700000";"-38;47523000000";mq_match
362475;5;10;2020;14:58;0;AV BAR STUDART;;;2820;;ColisÃ£o Transversal;Luz do Dia;Bom;Seca;Meio de Quadra;SemÃ¡foro;Comercial;0;1;0;1;0;0;0;0;0;1;0;0;"-3;74870900000";"-38;51119200000";mq_match
362466;5;10;2020;1:16;22117;RUA PRO COSTA MENDES;RUA PAPI JUNIOR;;;;NÃ£o Informado;NÃ£o Informado;NÃ£o Informado;NÃ£o informada;Cruz;Gesto;NÃ£o Informado;0;0;1;1;0;0;0;0;0;0;0;0;"-3;74834200000";"-38;55393100000";inter_match
362476;6;10;2020;11:50;19721;RUA GUSTAVO SAMPAIO;RUA AMADEU FURTADO;;;;ColisÃ£o Transversal;Luz do Dia;Bom;Seca;Cruz;Pare;Comercial;0;2;1;1;0;0;0;0;0;1;0;0;"-3;73678600000";"-38;56382800000";inter_match
362477;6;10;2020;11:34;0;AV GOV PARSIFAL BARROSO;;;0;;ColisÃ£o Traseira;Luz do Dia;Bom;Seca;Meio de Quadra;NÃ£o HÃ¡ Controle;Escola;0;1;1;1;0;0;0;0;0;1;0;0;"-3;73573800000";"-38;56902000000";mq_match
362478;6;10;2020;16:20;25231;AV I CJ JOSE WALTER;AV PRS COSTA E SILVA;;;;ColisÃ£o Lateral;Luz do Dia;Bom;Seca;T;SemÃ¡foro;Residencial;0;1;1;0;0;0;0;0;0;1;0;0;"-3;82349400000";"-38;55023200000";inter_match
362479;6;10;2020;16:30;0;AV CARAPINIMA;;;2200;;ColisÃ£o Traseira;Via Iluminada;Bom;Seca;Meio de Quadra;NÃ£o HÃ¡ Controle;Comercial;0;1;1;1;0;0;0;0;0;1;0;0;"-3;73949950000";"-38;53970750000";mq_match
362480;6;10;2020;19:30;20123;AV PAROARAS;RUA DOS SABIAS;;0;;ColisÃ£o Lateral;Via Iluminada;Bom;Seca;T;Pare;Residencial;0;1;1;1;0;0;0;0;0;1;0;0;"-3;80979700000";"-38;54008400000";inter_match
362481;6;10;2020;22:33;0;AV ENG SANTANA JUNIOR;;;2620;TUNEL DEP WELLINGTON LANDIM;ColisÃ£o;Via Iluminada;Bom;Seca;Meio de Quadra;NÃ£o HÃ¡ Controle;Comercial;0;1;0;1;0;0;0;0;0;1;0;0;"-3;74437550000";"-38;48843750000";mq_qgis
362425;6;10;2020;17:00;0;AV SANTOS DUMONT;;;6870;;Engavetamento;Anoitecer;Bom;Seca;Meio de Quadra;;Comercial;0;0;2;1;0;0;0;0;0;0;0;0;"-3;74480315800";"-38;47178989000";mq_match
363545;6;10;2020;5:57;0;RUA PIN ANTONIO BANDEIRA;;;254;;ColisÃ£o;Amanhecer;;;Meio de Quadra;;;0;1;0;1;0;0;0;0;0;1;0;0;"-3;72404000000";"-38;54427000000";mq_gpsv
363546;6;10;2020;6:25;0;RUA MARIA JULIA;;;801;;Atropelamento;Luz do Dia;;;Meio de Quadra;;;0;1;0;1;0;0;0;0;0;0;0;0;"-3;79055000000";"-38;59927000000";mq_gpsv
363547;6;10;2020;7:07;0;RUA ADOLFO CAMPELO;;;300;;ColisÃ£o;Luz do Dia;;;Meio de Quadra;;;0;1;0;1;0;0;0;0;0;1;0;0;"-3;72049000000";"-38;54591000000";mq_gpsv
363548;6;10;2020;8:08;0;RUA BERNARDO MANUEL;;;10109;;Queda;Luz do Dia;;;Meio de Quadra;;;0;1;0;0;0;0;0;0;0;1;0;0;"-3;80661800000";"-38;55379200000";mq_qgis
363549;6;10;2020;8:24;0;RUA ALM RUBIM;;;1640;;ColisÃ£o;Luz do Dia;;;Meio de Quadra;;;0;1;0;0;0;0;0;0;0;0;0;0;"-3;77166648000";"-38;55691240000";mq_qgis
363550;6;10;2020;9:18;0;RUA COSME JERONIMO;;;820;;ColisÃ£o;Luz do Dia;;;Meio de Quadra;;;0;1;0;0;0;0;0;0;0;1;0;0;"-3;82269000000";"-38;58642000000";mq_gpsv
363551;6;10;2020;10:11;0;AV N CJ JOSE WALTER;;;1565;;ColisÃ£o;Luz do Dia;;;Meio de Quadra;;;0;1;0;1;0;1;0;0;0;0;0;0;;;
363552;6;10;2020;11:38;0;RUA BOM JESUS (GRANJA LISBOA);;;3090;;Queda;Luz do Dia;;;Meio de Quadra;;;0;1;0;0;0;0;0;0;0;1;0;0;"-3;78812900000";"-38;62108900000";mq_qgis
363553;6;10;2020;11:50;0;AV JOR THOMAZ COELHO;;;1307;;ColisÃ£o;Luz do Dia;;;Meio de Quadra;;;0;1;0;1;0;0;0;0;0;1;0;0;"-3;83070000000";"-38;50634000000";mq_match
363554;6;10;2020;12:22;0;AV FRE CIRILO;;;3810;;ColisÃ£o;Luz do Dia;;;Meio de Quadra;;;0;1;0;0;0;0;0;0;0;1;0;0;"-3;81740429000";"-38;49737045000";mq_match
363578;6;10;2020;13:36;9124;RUA MON SALAZAR;AV VIS RIO BRANCO;;;;ColisÃ£o;Luz do Dia;;;Cruz;SemÃ¡foro;Comercial;0;1;0;1;0;0;0;0;0;1;0;0;"-3;75670100000";"-38;51987000000";inter_match
363579;6;10;2020;14:55;0;AV MR HULL;;;5640;;ColisÃ£o;Luz do Dia;;;Meio de Quadra;;;0;2;0;0;0;0;0;0;0;0;0;0;"-3;74014157000";"-38;59483640000";mq_qgis
363581;6;10;2020;15:29;0;AV ODILON GUIMARAES;;;;;ColisÃ£o;Luz do Dia;;;Meio de Quadra;;;0;1;0;1;0;0;0;0;0;1;0;0;;;
363585;6;10;2020;16:18;13019;RUA 23 CJ JOSE WALTER;RUA 59 CJ JOSE WALTER;;;;ColisÃ£o;Luz do Dia;;;;;;0;1;0;1;0;0;0;0;0;1;0;0;;;
363596;6;10;2020;20:57;0;AV VIS RIO BRANCO;;;1183;;ColisÃ£o;;;;Meio de Quadra;;;0;1;0;0;0;0;0;0;0;0;0;0;"-3;73090060000";"-38;52516940000";mq_match
363592;6;10;2020;16:29;0;AV FRE CIRILO;;;;;ColisÃ£o;Luz do Dia;;;Meio de Quadra;;;0;1;0;1;0;0;0;0;0;1;0;0;;;
363594;6;10;2020;19:27;0;RUA COS LAFAYETE;;;1012;;Atropelamento;;;;Meio de Quadra;;;0;1;0;0;0;0;0;0;0;1;0;0;"-3;71758168000";"-38;58713180000";mq_qgis
363609;6;10;2020;21:17;17590;RUA MARANHAO;RUA MINAS GERAIS;;;;ColisÃ£o;;;;Cruz;Pare;Comercial;0;0;1;0;0;0;0;0;0;0;0;0;"-3;75608400000";"-38;56509200000";inter_match
364729;6;10;2020;21:00;0;AV CARAPINIMA;;;;;ColisÃ£o;;;;Meio de Quadra;;;0;0;2;1;0;0;0;0;0;1;0;0;;;
364730;7;10;2020;6:30;0;AV PRS COSTA E SILVA;;;;;ColisÃ£o;Luz do Dia;;;Meio de Quadra;;;0;0;1;0;0;0;0;0;0;0;0;0;;;