COD_ACIDENTE;DIA;MES;ANO;HORA;INTERSECAO;LOG1;LOG2;LOG3;NUMERO;REFERENCIA;NATUREZA;ILUMINACAO;TEMPO;SUPERFICIEPISTA;TIPOCRUZAMENTO;CONTROLETRAFEGO;USOSOLO;MORTOS;FERIDOS;ILESOS;AUTOMOVEL;ONIBUS;BICICLETA;CAMINHAO;MICROONIBUS;CICLOMOTOR;MOTOCICLETA;TRACAOANIMAL;TREM;LATITUDE;LONGITUDE;METODO
362527;13;10;2020;12:15;25154;RUA BENI DE CARVALHO;RUA VICENTE LEITE;;;;ColisÃ£o Transversal;Luz do Dia;Bom;Seca;Cruz;Pare;Residencial;0;1;1;1;0;0;0;0;0;1;0;0;"-3;74503700000";"-38;49796600000";inter_match
362528;13;10;2020;16:00;25038;RUA PDE PEDRO DE ALENCAR;RUA JOSE HIPOLITO;;0;;ColisÃ£o Lateral;Luz do Dia;Bom;Seca;Cruz;SemÃ¡foro;Comercial;0;0;2;0;1;0;0;0;0;0;0;0;"-3;83272800000";"-38;49369000000";inter_match
362529;13;10;2020;15:40;0;AV PRS COSTA E SILVA;;;0;UPA (JOSE WALTER);ColisÃ£o Traseira;Luz do Dia;Bom;Seca;Meio de Quadra;SemÃ¡foro;Residencial;0;1;1;1;0;0;0;0;0;1;0;0;"-3;81576060000";"-38;56845500000";mq_match
362530;14;10;2020;7:41;23791;RUA RAIMUNDO NERY;RUA COSTA FREIRE;;;;ColisÃ£o Transversal;Luz do Dia;Bom;Seca;Cruz;Pare;Residencial;0;1;1;1;0;0;0;0;0;1;0;0;"-3;79414400000";"-38;58642300000";inter_match
362270;14;10;2020;10:00;0;RD BR 116;;;;KM-09;Atropelamento;Luz do Dia;;Seca;Meio de Quadra;;;0;1;1;0;0;0;0;0;0;0;0;0;"-3;83083700000";"-38;50486500000";rod_match
362532;14;10;2020;7:20;0;AV JOR THOMAZ COELHO;;;55;;NÃ£o Informado;Luz do Dia;Bom;Seca;Meio de Quadra;NÃ£o HÃ¡ Controle;Comercial;0;1;2;1;0;0;0;0;0;0;0;0;"-3;83184500000";"-38;49580000000";mq_match
362533;14;10;2020;9:40;0;RUA JULIO ABREU;RUA DELMIRO FARIAS;;0;;ColisÃ£o Lateral;Luz do Dia;Bom;Seca;Cruz;Pare;Comercial;0;0;2;1;0;0;0;0;0;0;0;0;"-3;74952000000";"-38;54838000000";inter_gpsv
362534;14;10;2020;8:47;7771;RUA SILVA PAULET;RUA TOMAS ACIOLI;;0;;ColisÃ£o Transversal;Luz do Dia;Bom;Seca;Cruz;Pare;Residencial;0;1;2;0;0;0;0;0;0;1;0;0;"-3;74515100000";"-38;50889000000";inter_match
362535;14;10;2020;7:44;0;AV DOMINGOS OLIMPIO;AV VIS RIO BRANCO;;0;;ColisÃ£o Transversal;Luz do Dia;Bom;Seca;Cruz;SemÃ¡foro;Comercial;0;1;1;0;0;0;0;1;0;1;0;0;"-3;73857400000";"-38;52358900000";inter_match
362536;14;10;2020;16:10;0;AV PRS JUSCELINO KUBITSCHEK (PASSARÃ‰);;;0;;ColisÃ£o Lateral;Luz do Dia;Bom;Seca;RotatÃ³ria;NÃ£o HÃ¡ Controle;Lazer;0;0;2;1;0;0;0;0;0;0;0;0;;;
362537;14;10;2020;15:40;0;AV OLIVEIRA PAIVA;;;1937;;ColisÃ£o Lateral;Luz do Dia;Bom;Seca;Meio de Quadra;SemÃ¡foro;Comercial;0;0;2;0;0;0;0;0;0;1;0;0;"-3;79610800000";"-38;48893000000";mq_qgis
362538;14;10;2020;13:30;0;AV BERNARDO MANUEL;;;9299;;ColisÃ£o Lateral;Luz do Dia;Bom;Seca;Meio de Quadra;NÃ£o HÃ¡ Controle;Residencial;0;0;3;0;1;0;0;0;0;0;0;0;"-3;82946000000";"-38;56044000000";mq_gpsv
362539;14;10;2020;18:56;15975;AV GODOFREDO MACIEL;RUA CEL MANUEL ALBANO;;;;ColisÃ£o;Via Iluminada;Bom;Seca;Cruz;Pare;Comercial;0;1;1;1;0;0;0;0;0;1;0;0;"-3;80564400000";"-38;57278000000";inter_match
362540;14;10;2020;20:50;0;AV DR SILAS MUNGUBA;RUA 06 UI;;0;;ColisÃ£o Transversal;Via Iluminada;Bom;Seca;Meio de Quadra;SemÃ¡foro;Comercial;0;2;0;1;0;0;0;0;0;1;0;0;"-3;78045000000";"-38;55894000000";inter_gpsv
362541;14;10;2020;23:50;0;RUA DR JUSTA ARAUJO D45;;;796;;ColisÃ£o Lateral;Via Iluminada;Bom;Seca;Meio de Quadra;Pare;Residencial;1;1;1;0;1;0;0;0;0;1;0;0;"-3;78240100000";"-38;55253890000";mq_qgis
363422;14;10;2020;10:51;12520;AV AUGUSTO DOS ANJOS;RUA ALUISIO AZEVEDO;;;;ColisÃ£o;Luz do Dia;;;Duplo T;SemÃ¡foro;Comercial;0;1;1;1;0;0;0;0;0;1;0;0;"-3;77339000000";"-38;57316140000";inter_match
363423;14;10;2020;9:57;0;RUA CON DE CASTRO;;;4359;;Atropelamento;Luz do Dia;;;Meio de Quadra;;;0;1;1;0;0;0;0;0;0;1;0;0;"-3;80347037000";"-38;59057300000";mq_match
363438;14;10;2020;6:16;0;AV DEP PAULINO ROCHA;;;1380;;Atropelamento;Luz do Dia;;;Meio de Quadra;;;0;1;1;0;0;0;0;0;0;1;0;0;"-3;81063281000";"-38;50965682000";mq_match
363439;14;10;2020;5:57;22055;AV CARAPINIMA;RUA PDE CICERO;;;;Queda;Amanhecer;;;;;;0;1;0;0;0;0;0;0;0;1;0;0;"-3;70352000000";"-38;57245000000";inter_gpsv
363405;14;10;2020;17:26;0;AV BEIRA MAR;;;1140;;Queda;Anoitecer;;;Meio de Quadra;;;0;1;0;0;0;0;0;0;0;1;0;0;"-3;72065350000";"-38;51040050000";mq_qgis
363407;14;10;2020;16:31;0;RUA STA MARIA GORETE;;;124;;ColisÃ£o;Luz do Dia;;;Meio de Quadra;;;0;1;1;0;0;0;0;0;0;1;0;0;"-3;72444800000";"-38;60205800000";mq_qgis
363418;14;10;2020;13:47;0;AV PRS CASTELO BRANCO;;;3432;;ColisÃ£o;Luz do Dia;;;Meio de Quadra;;;0;1;1;1;0;0;0;0;0;1;0;0;"-3;71026173000";"-38;56196880000";mq_qgis
363419;14;10;2020;12:21;0;AV GENIBAU;;;107;;Atropelamento;Luz do Dia;;;Meio de Quadra;;;0;1;1;0;0;0;0;0;0;1;0;0;"-3;76181073000";"-38;59527810000";mq_qgis
363420;14;10;2020;11:21;423;AV LIBERDADE;RUA CAETANO SILVA (A. NUNES);;;;ColisÃ£o;Luz do Dia;;;;;;0;1;1;1;0;0;0;0;0;1;0;0;"-3;74908000000";"-38;59894300000";inter_match
363425;14;10;2020;8:36;0;AV GODOFREDO PIMENTEL;;;709;;ColisÃ£o;Luz do Dia;;;Meio de Quadra;;;0;1;1;1;0;0;0;0;0;1;0;0;"-3;73221000000";"-38;58897000000";mq_gpsv
363426;14;10;2020;8:17;0;AV DOM LUIS;;;120;;ColisÃ£o;Luz do Dia;;;Meio de Quadra;;;0;1;1;1;0;0;0;0;0;1;0;0;"-3;73212190000";"-38;50074100000";mq_match
363427;14;10;2020;8:03;24293;RUA JULIO ABREU;RUA DELMIRO GOUVEIA;;;;ColisÃ£o;Luz do Dia;;;Cruz;Gesto;Comercial;0;1;1;1;0;0;0;0;0;1;0;0;"-3;73590000000";"-38;48807200000";inter_match
363428;14;10;2020;8:00;0;RUA BAR RIO BRANCO;;;1998;;ColisÃ£o;Luz do Dia;;;Meio de Quadra;;;0;1;1;1;1;0;0;0;0;0;0;0;"-3;73597060000";"-38;53129800000";mq_qgis
363429;14;10;2020;7:58;7771;RUA TOMAS ACIOLI;RUA SILVA PAULET;;;;ColisÃ£o;Luz do Dia;;;Cruz;Pare;Residencial;0;1;1;1;0;0;0;0;0;1;0;0;"-3;74515100000";"-38;50889000000";inter_match
363430;14;10;2020;7:13;0;AV GODOFREDO MACIEL;;;5923;;Queda;Luz do Dia;;;Meio de Quadra;;;0;1;0;0;0;0;0;0;0;1;0;0;"-3;82652785700";"-38;57951771000";mq_match
363432;14;10;2020;6:30;0;AV JOVITA FEITOSA;;;72;;ColisÃ£o;Luz do Dia;;;Meio de Quadra;;;0;1;1;1;0;0;0;0;0;1;0;0;"-3;73741877800";"-38;54465778000";mq_match
363433;14;10;2020;6:20;0;RD DR MENDEL STEINBRUCH;;;;;ColisÃ£o;Luz do Dia;;;Meio de Quadra;;;0;1;1;1;0;0;0;0;0;1;0;0;;;
363391;14;10;2020;22:58;0;RUA DR JUSTA ARAUJO D45;;;796;;Atropelamento;;;;Meio de Quadra;;;0;1;1;0;1;0;0;0;0;0;0;0;"-3;78240100000";"-38;55253890000";mq_qgis
363392;14;10;2020;21:53;0;AV DOM MANUEL;;;;;Atropelamento;;;;Meio de Quadra;;;0;1;1;1;0;0;0;0;0;0;0;0;;;
363393;14;10;2020;21:42;0;RUA ARI CAVALCANTE;;;219;;ColisÃ£o;;;;Meio de Quadra;;;0;1;0;0;0;0;0;0;0;0;0;0;"-3;70957000000";"-38;57576000000";mq_gpsv
363398;14;10;2020;18:51;0;AV BEIRA MAR;;;;;ColisÃ£o;;;;Meio de Quadra;;;0;1;0;0;0;0;0;0;0;0;0;0;;;
363399;14;10;2020;18:43;0;RUA DES CARVALHO LIMA D56;;;;;ColisÃ£o;;;;Meio de Quadra;;;0;1;1;1;0;0;0;0;0;1;0;0;;;
363400;14;10;2020;18:08;0;AV D CJ JOSE WALTER;;;440;;Queda;Anoitecer;;;Meio de Quadra;;;0;1;0;0;0;0;0;0;0;1;0;0;"-3;83123740000";"-38;55686770000";mq_match
363401;14;10;2020;18:03;14440;RUA ALVARO MENDES;AV SGT HERMINIO SAMPAIO;;;;ColisÃ£o;Anoitecer;;;;;;0;1;1;1;0;0;0;0;0;1;0;0;"-3;72565400000";"-38;55660500000";inter_match
363396;14;10;2020;21:18;0;AV FRANCISCO SA;;;;;ColisÃ£o;;;;Meio de Quadra;;;0;1;1;1;0;0;0;0;0;1;0;0;;;
363403;14;10;2020;17:54;0;RUA FRE MARCELINO;;;1559;;ColisÃ£o;Anoitecer;;;Meio de Quadra;;;0;1;1;1;0;0;0;0;0;1;0;0;"-3;74873000000";"-38;55665000000";mq_gpsv
363410;14;10;2020;15:19;0;RUA BERNARDO MANUEL;;;9287;;ColisÃ£o;Luz do Dia;;;Meio de Quadra;;;0;1;0;0;0;0;0;0;0;0;0;0;"-3;80088300000";"-38;55207800000";mq_qgis
363411;14;10;2020;15:11;4016;RUA PRO COSTA MENDES;RUA JULIO CESAR D12;;;;ColisÃ£o;Luz do Dia;;;Cruz;Pare;Residencial;0;1;1;1;0;0;0;0;0;1;0;0;"-3;75469800000";"-38;54691100000";inter_match
363412;14;10;2020;14:00;9597;RUA LONDRINA;RUA JOSE TORRES;;;;ColisÃ£o;Luz do Dia;;;Cruz;NÃ£o HÃ¡ Controle;Rural;0;1;0;0;0;0;0;0;0;0;0;0;"-3;77991600000";"-38;60725800000";inter_match
362838;14;10;2020;14:14;0;AV JOR THOMAZ COELHO;;;1650;;Atropelamento;Luz do Dia;Bom;Seca;Meio de Quadra;SemÃ¡foro;Comercial;0;1;1;1;0;0;0;0;0;0;0;0;"-3;82980100000";"-38;50958800000";mq_match
362844;14;10;2020;12:00;7923;AV DES MOREIRA;RUA ISAC AMARAL;;;;NÃ£o Informado;Luz do Dia;Bom;Seca;Cruz;SemÃ¡foro;Residencial;0;1;1;0;0;0;0;0;0;1;0;0;"-3;75301900000";"-38;50372600000";inter_match
362842;14;10;2020;11:30;0;AV DEP PAULINO ROCHA;;;1740;;ColisÃ£o Traseira;Luz do Dia;Bom;Seca;Meio de Quadra;;Comercial;0;0;2;1;0;0;0;0;0;0;0;0;"-3;81168192000";"-38;51312090000";mq_qgis
362846;14;10;2020;19:00;0;AV JOSE LEON;;;1260;;ColisÃ£o Lateral;Anoitecer;Bom;Seca;Outros;SemÃ¡foro Intermitente;Comercial;0;1;1;0;0;0;0;0;0;1;0;0;"-3;78830300000";"-38;49990030000";mq_qgis
362855;14;10;2020;15:30;0;RUA MAXIMO LINHARES;;;;;ColisÃ£o Lateral;Luz do Dia;Bom;Seca;Meio de Quadra;Pare;Residencial;0;1;1;1;0;0;0;0;0;1;0;0;;;
364755;14;10;2020;8:50;12926;AV VIS RIO BRANCO;AV ANTONIO SALES;;;;ColisÃ£o;Luz do Dia;;;Outros;SemÃ¡foro;Comercial;0;0;2;0;0;0;0;1;0;1;0;0;"-3;73876800000";"-38;52323000000";inter_match
364780;15;10;2020;15:05;0;RUA PRO ARMANDO FARIAS;;;;;Outros;Luz do Dia;;;Meio de Quadra;;;0;0;2;0;0;0;1;0;0;1;0;0;;;
362868;15;10;2020;20:00;0;RUA SEN POMPEU;;;2607;;ColisÃ£o Traseira;Via Iluminada;Bom;Seca;Meio de Quadra;Pare;Residencial;0;1;1;0;0;0;0;0;0;1;0;0;"-3;74116470000";"-38;53400000000";mq_match
362869;15;10;2020;7:00;0;AV JOSE JATAHY;;;1747;;ColisÃ£o Lateral;Luz do Dia;Nublado;Seca;Meio de Quadra;NÃ£o HÃ¡ Controle;Residencial;0;1;1;1;0;0;0;0;1;0;0;0;"-3;73676650000";"-38;54378250000";mq_qgis
362870;15;10;2020;16:10;605;AV FRANCISCO SA;RUA TEODORO CABRAL;;;;ColisÃ£o Lateral;Luz do Dia;Bom;Seca;Cruz;Pare;Residencial;0;0;2;1;0;0;0;0;0;1;0;0;"-3;71443200000";"-38;56611500000";inter_match
362864;15;10;2020;19:30;0;RUA CEL MATOS DOURADO;;;875;;NÃ£o Informado;Mal Iluminada;Bom;Seca;Meio de Quadra;Outros;Residencial;0;2;0;0;0;0;0;0;0;1;0;0;"-3;74635900000";"-38;58483300000";mq_qgis
362865;15;10;2020;22:00;0;RUA URUCUTUBA;;;;;ColisÃ£o Transversal;Via Iluminada;Bom;Seca;Meio de Quadra;Pare;Residencial;0;1;1;1;0;0;0;0;0;1;0;0;;;
362930;15;10;2020;5:30;0;RUA ALM RUBIM;;;1779;;Choque c/ ObstÃ¡culo Fixo;Amanhecer;Bom;Seca;Meio de Quadra;NÃ£o HÃ¡ Controle;Comercial;0;0;1;1;0;0;0;0;0;0;0;0;"-3;77310500000";"-38;55741661000";mq_match
363388;15;10;2020;5:52;5150;RUA SEN ALENCAR;RUA BAR RIO BRANCO;;;;Atropelamento;Amanhecer;;;T;Pare;Comercial;0;1;1;0;1;0;0;0;0;0;0;0;"-3;72487900000";"-38;52775200000";inter_match
363389;15;10;2020;5:41;0;RUA PDE PEDRO DE ALENCAR;;;1971;;Queda;Amanhecer;;;Meio de Quadra;;;0;1;0;0;0;0;0;0;0;1;0;0;"-3;84542750000";"-38;49451000000";mq_match
363390;15;10;2020;5:39;0;RUA DIADEMA;;;221;;Capotamento;Amanhecer;;;Meio de Quadra;;;0;1;0;1;0;0;0;0;0;0;0;0;"-3;84420000000";"-38;52198000000";mq_gpsv
363383;15;10;2020;6:21;0;RUA RECANTO VERDE;;;1716;;ColisÃ£o;Luz do Dia;;;Meio de Quadra;;;0;1;1;0;0;0;0;0;0;1;0;0;"-3;84160950000";"-38;51283570000";mq_match
363384;15;10;2020;5:59;0;RUA COS LAFAYETE;;;131;;Capotamento;Amanhecer;;;Meio de Quadra;;;0;1;0;1;0;0;0;0;0;0;0;0;"-3;71846000000";"-38;57836000000";mq_gpsv
363365;15;10;2020;15:34;0;AV LINEU MACHADO;;;50;;Atropelamento;Luz do Dia;;;Meio de Quadra;;;0;1;1;1;0;0;0;0;0;0;0;0;"-3;76083000000";"-38;57436000000";mq_gpsv
363342;15;10;2020;18:56;0;AV LUIZ VIEIRA;;;;;Atropelamento;;;;Meio de Quadra;;;0;1;1;0;0;0;0;0;0;0;0;0;;;
363343;15;10;2020;18:32;0;RUA LUIS VIEIRA;;;555;;Atropelamento;;;;Meio de Quadra;;;0;1;1;1;0;0;0;0;0;0;0;0;"-3;79373541700";"-38;58750868000";mq_match
363344;15;10;2020;18:30;0;RUA DAURA;;;;;ColisÃ£o;Anoitecer;;;Meio de Quadra;;;0;1;1;1;0;0;0;0;0;1;0;0;;;
363346;15;10;2020;18:01;0;AV ENG ALBERTO SA;;;;;Queda;Anoitecer;;;Meio de Quadra;;;0;1;0;0;0;0;0;0;0;1;0;0;;;
363348;15;10;2020;17:25;0;RUA BERNARDO MANUEL;;;13510;;ColisÃ£o;Anoitecer;;;Meio de Quadra;;;0;1;1;1;0;0;0;0;0;1;0;0;"-3;83621700000";"-38;56288000000";mq_match
363349;15;10;2020;17:23;0;AV LUCIANO CARNEIRO;;;2236;;ColisÃ£o;Anoitecer;;;Meio de Quadra;;;0;1;0;0;0;0;0;0;0;0;0;0;"-3;76795600000";"-38;53762000000";mq_qgis
363367;15;10;2020;14:21;0;AV MR HULL;;;;;ColisÃ£o;Luz do Dia;;;Meio de Quadra;;;0;1;0;0;0;0;0;0;0;0;0;0;;;
363368;15;10;2020;13:13;0;RUA PIAUI;;;1622;;ColisÃ£o;Luz do Dia;;;Meio de Quadra;;;0;1;0;0;0;0;0;0;0;0;0;0;"-3;75170450000";"-38;57278750000";mq_qgis
363370;15;10;2020;11:59;24886;AV MAJ ASSIS;AV MOZART PINHEIRO DE LUCENA;;;;ColisÃ£o;Luz do Dia;;;Cruz;SemÃ¡foro;Comercial;0;1;1;1;0;0;0;0;0;1;0;0;"-3;72144440000";"-38;59667620000";inter_match
363371;15;10;2020;11:35;0;RUA ADOLFO SIQUEIRA;;;125;;ColisÃ£o;Luz do Dia;;;Meio de Quadra;;;0;1;1;1;0;0;0;0;0;0;0;0;"-3;74251539000";"-38;51903180000";mq_qgis
363373;15;10;2020;9:58;0;AV ENG HUMBERTO MONTE;;;;;Queda;Luz do Dia;;;Meio de Quadra;;;0;1;0;0;0;0;0;0;0;1;0;0;;;
363374;15;10;2020;9:48;0;RUA TEODOMIRO DE CASTRO;;;6048;;ColisÃ£o;Luz do Dia;;;Meio de Quadra;;;0;1;1;1;0;0;0;0;0;1;0;0;"-3;71764450000";"-38;57465400000";mq_match
363376;15;10;2020;7:29;22704;RUA TAB JOAQUIM COELHO;RUA MIN ABNER VASCONCELOS;;;;ColisÃ£o;Luz do Dia;;;Cruz;Pare;Comercial;0;1;1;1;0;0;0;0;0;1;0;0;"-3;79693060000";"-38;47891600000";inter_match
363330;15;10;2020;20:39;0;RUA CAMPO DO DRAGAO;;;58;;Queda;;;;Meio de Quadra;;;0;1;0;0;0;1;0;0;0;0;0;0;"-3;81623000000";"-38;52143000000";mq_gpsv
363326;15;10;2020;22:28;0;AV GODOFREDO MACIEL;;;4600;;ColisÃ£o;;;;Meio de Quadra;;;0;1;1;1;0;0;0;0;0;1;0;0;"-3;81109510000";"-38;57473820000";mq_match
363327;15;10;2020;21:30;0;AV BEIRA MAR;;;810;;ColisÃ£o;;;;Meio de Quadra;;;0;1;0;0;0;0;0;0;0;0;0;0;"-3;72008078000";"-38;51232450000";mq_qgis
363328;15;10;2020;20:48;0;RUA PARANAI;;;1460;;Queda;;;;Meio de Quadra;;;0;1;0;0;0;0;0;0;0;1;0;0;;;
363338;15;10;2020;20:34;0;RD BR 116;;;;;Queda;;;;Meio de Quadra;;;0;1;0;0;0;0;0;0;0;1;0;0;;;
363340;15;10;2020;19:17;0;RUA URUCUTUBA;;;;;ColisÃ£o;;;;Meio de Quadra;;;0;1;1;1;0;0;0;0;0;1;0;0;;;
362542;15;10;2020;10:17;15367;RUA CEL JUCA;RUA PEREIRA VALENTE;;;;ColisÃ£o Transversal;Luz do Dia;Bom;Seca;Cruz;Pare;Comercial;0;1;1;0;0;0;0;0;0;0;0;0;"-3;73450020000";"-38;49025300000";inter_match
362543;15;10;2020;11:30;0;RUA JOAO CORDEIRO;TR ADOLFO SIQUEIRA;;0;;ColisÃ£o Transversal;Luz do Dia;Bom;Seca;Cruz;Pare;Residencial;0;1;2;1;0;0;0;0;0;0;0;0;"-3;74258000000";"-38;51871000000";inter_gpsv
362544;15;10;2020;14:05;0;RUA JOSE HIPOLITO;RUA CEL GUILHERME ALENCAR;;277;;ColisÃ£o Traseira;Luz do Dia;Bom;Seca;Cruz;NÃ£o HÃ¡ Controle;Comercial;0;1;1;1;0;0;0;0;0;0;0;0;"-3;83302000000";"-38;49199000000";inter_gpsv
362545;15;10;2020;16:15;3767;AV IMPERADOR;AV DOMINGOS OLIMPIO;;;;ColisÃ£o Transversal;Luz do Dia;Bom;Seca;Cruz;SemÃ¡foro;Comercial;0;0;1;0;0;0;0;0;0;1;0;0;"-3;73479000000";"-38;53669700000";inter_match
362546;15;10;2020;19:15;24392;AV LUCIANO CARNEIRO;RUA TEODORICO BARROSO;;2236;;ColisÃ£o Lateral;Via Iluminada;Bom;Seca;Cruz;Gesto;Comercial;0;1;2;0;0;0;0;0;0;1;0;0;"-3;76795000000";"-38;53768000000";inter_gpsv
362547;15;10;2020;19:22;0;RUA AMAZONAS;;;888;;Choque c/ ObstÃ¡culo Fixo;Via Iluminada;Bom;Seca;Meio de Quadra;NÃ£o HÃ¡ Controle;Residencial;0;0;2;0;0;0;0;0;0;1;0;0;"-3;75316919000";"-38;56437090000";mq_qgis
362549;15;10;2020;22:51;0;RUA PRO COSTA MENDES;;;925;;ColisÃ£o Frontal;Via Iluminada;Nublado;Seca;Meio de Quadra;NÃ£o HÃ¡ Controle;Residencial;0;1;1;1;0;0;0;0;0;1;0;0;"-3;75331050000";"-38;54844500000";mq_qgis
362550;16;10;2020;1:17;289;RUA PRO LINO ENCARNACAO;RUA ROTARY;;;;ColisÃ£o;Via Iluminada;Bom;Seca;Cruz;Pare;Comercial;0;1;1;0;0;0;0;0;0;1;0;0;"-3;74285500000";"-38;56032300000";inter_match
362551;16;10;2020;10:02;0;RUA CASTRO E SILVA;;;623;;NÃ£o Informado;Luz do Dia;Bom;Seca;Meio de Quadra;NÃ£o HÃ¡ Controle;Comercial;0;1;2;1;0;0;0;0;0;1;0;0;"-3;72259473000";"-38;53105840000";mq_qgis
362552;16;10;2020;19:10;0;AV DIOGUINHO;;;5466;;ColisÃ£o Transversal;Via Iluminada;Bom;Seca;Meio de Quadra;NÃ£o HÃ¡ Controle;Comercial;0;1;0;0;0;0;0;0;0;1;0;0;"-3;76077000000";"-38;44362000000";mq_gpsv
362272;16;10;2020;9:00;0;RD BR 116;;;;KM-09;Choque c/ ObstÃ¡culo Fixo;Luz do Dia;;Seca;Meio de Quadra;;;0;0;2;1;0;0;1;0;0;0;0;0;"-3;83083700000";"-38;50486500000";rod_match
363255;16;10;2020;23:15;0;RUA CANDIDO MAIA;;;294;;Atropelamento;;;;Meio de Quadra;;;0;1;1;0;0;0;0;0;0;1;0;0;"-3;73742800000";"-38;59040720000";mq_match
363256;16;10;2020;22:29;0;RUA DO DOURADO;;;130;;Queda;;;;Meio de Quadra;;;0;2;0;0;0;0;0;0;0;1;0;0;"-3;72969000000";"-38;47425000000";mq_gpsv
363257;16;10;2020;22:04;0;RUA CARTOLA;;;90;;Queda;;;;Meio de Quadra;;;0;1;0;0;0;0;0;0;0;1;0;0;"-3;78376495000";"-38;50711650000";mq_qgis
363258;16;10;2020;22:04;0;RUA PRO MOREIRA DE SOUSA (PASSARE);;;139;;Queda;;;;Meio de Quadra;;;0;1;0;0;0;0;0;0;0;1;0;0;"-3;81440000000";"-38;52199000000";mq_gpsv
363259;16;10;2020;21:38;0;RUA TEODORO CABRAL;;;377;;ColisÃ£o;;;;Meio de Quadra;;;0;1;1;1;0;0;0;0;0;1;0;0;"-3;71314000000";"-38;56564000000";mq_gpsv
363260;16;10;2020;21:16;10793;RUA PRO HERIBALDO COSTA;RUA PORTO ALEGRE;;;;ColisÃ£o;;;;Cruz;NÃ£o HÃ¡ Controle;Comercial;0;1;1;1;0;0;0;0;0;1;0;0;"-3;76299700000";"-38;58543300000";inter_match
363261;16;10;2020;20:21;0;RUA MANUEL BERNARDO;;;1770;;ColisÃ£o;;;;Meio de Quadra;;;0;1;0;0;0;0;0;0;0;0;0;0;;;
363262;16;10;2020;20:16;0;AV WASHINGTON SOARES;;;10425;;ColisÃ£o;;;;Meio de Quadra;;;0;1;1;1;0;0;0;0;0;1;0;0;"-3;84052000000";"-38;47988000000";mq_gpsv
363263;16;10;2020;19:26;0;RUA LUIS VIEIRA;;;159;;ColisÃ£o;;;;Meio de Quadra;;;0;1;1;1;0;0;0;0;0;1;0;0;"-3;79672070000";"-38;58631020000";mq_qgis
363264;16;10;2020;19:24;0;RUA CEL FABRICIANO;;;2526;;ColisÃ£o;;;;Meio de Quadra;;;0;1;1;0;0;0;0;0;0;1;0;0;"-3;78123022000";"-38;61344610000";mq_qgis
363267;16;10;2020;18:37;0;AV SEN CARLOS JEREISSATI (AEROPORTO);;;;;Atropelamento;;;;Meio de Quadra;;;0;1;1;1;0;0;0;0;0;0;0;0;;;
363268;16;10;2020;18:19;0;AV PONTES VIEIRA;;;1500;;Atropelamento;Anoitecer;;;Meio de Quadra;;;0;1;1;0;0;0;0;0;0;1;0;0;"-3;75211000000";"-38;50794000000";mq_gpsv
363269;16;10;2020;16:16;0;AV PRS JUSCELINO KUBITSCHEK (PASSARÃ‰);;;3135;;ColisÃ£o;Luz do Dia;;;Meio de Quadra;;;0;1;1;1;0;1;0;0;0;0;0;0;"-3;80821000000";"-38;52553000000";mq_gpsv
363270;16;10;2020;16:09;0;AV JOR THOMAZ COELHO;;;2719;;ColisÃ£o;Luz do Dia;;;Meio de Quadra;;;0;1;1;1;0;0;0;0;0;1;0;0;"-3;82851989700";"-38;51985063000";mq_match
363282;16;10;2020;11:10;0;AV PASTEUR;;;4003;;ColisÃ£o;Luz do Dia;;;Meio de Quadra;;;0;1;0;0;0;0;0;0;0;0;0;0;;;
363283;16;10;2020;11:07;0;AV FRANCISCO SA;;;5855;;ColisÃ£o;Luz do Dia;;;Meio de Quadra;;;0;1;0;0;0;0;0;0;0;0;0;0;"-3;71045000000";"-38;57768800000";mq_match
363284;16;10;2020;10:46;6998;ET SIQUEIRA;AV CONTORNO OESTE D71;;;;ColisÃ£o;Luz do Dia;;;;;;0;1;0;0;0;0;0;0;0;0;0;0;"-3;80634000000";"-38;58737000000";inter_gpsv
363285;16;10;2020;10:43;0;AV PRS CASTELO BRANCO;;;;;Queda;Luz do Dia;;;Meio de Quadra;;;0;1;0;0;0;0;0;0;0;1;0;0;;;
363286;16;10;2020;7:02;0;AV ROGACIANO LEITE;;;1860;;ColisÃ£o;Luz do Dia;;;Meio de Quadra;;;0;1;1;0;0;0;0;0;0;1;0;0;"-3;77055700000";"-38;49806500000";mq_match
363272;16;10;2020;15:58;0;RUA MOCAMBIQUE;;;125;;Queda;Luz do Dia;;;Meio de Quadra;;;0;1;0;0;0;0;0;0;0;1;0;0;"-3;76561800000";"-38;59932200000";mq_qgis
363273;16;10;2020;15:35;0;RUA VINTE E QUATRO DE MAIO;;;;;ColisÃ£o;Luz do Dia;;;Meio de Quadra;;;0;1;2;1;0;0;0;0;0;1;0;0;;;
363274;16;10;2020;15:18;3820;AV 13 DE MAIO;AV CARAPINIMA;;;;ColisÃ£o;Luz do Dia;;;Cruz;SemÃ¡foro;Comercial;0;1;1;1;0;0;0;0;0;1;0;0;"-3;74000100000";"-38;54023900000";inter_match
363276;16;10;2020;14:10;0;AV OLIVEIRA PAIVA;;;;;ColisÃ£o;Luz do Dia;;;Meio de Quadra;;;0;1;1;1;0;0;0;0;0;1;0;0;;;