COD_ACIDENTE;DIA;MES;ANO;HORA;INTERSECAO;LOG1;LOG2;LOG3;NUMERO;REFERENCIA;NATUREZA;ILUMINACAO;TEMPO;SUPERFICIEPISTA;TIPOCRUZAMENTO;CONTROLETRAFEGO;USOSOLO;MORTOS;FERIDOS;ILESOS;AUTOMOVEL;ONIBUS;BICICLETA;CAMINHAO;MICROONIBUS;CICLOMOTOR;MOTOCICLETA;TRACAOANIMAL;TREM;LATITUDE;LONGITUDE;METODO
363277;16;10;2020;12:57;1341;RUA AFONSO CELSO;RUA MON BRUNO;;;;ColisÃ£o;Luz do Dia;;;Cruz;Pare;Residencial;0;1;1;1;0;0;0;0;0;1;0;0;"-3;73573400000";"-38;51051900000";inter_match
363298;16;10;2020;5:53;0;AV DR SILAS MUNGUBA;;;2620;;Queda;Amanhecer;;;Meio de Quadra;;;0;1;0;0;0;0;0;0;0;1;0;0;"-3;78647150000";"-38;55001950000";mq_match
363299;16;10;2020;2:53;0;RUA PRIMEIRO DE JANEIRO;;;1211;;Queda;;;;Meio de Quadra;;;0;1;0;0;0;0;0;0;0;1;0;0;"-3;78333000000";"-38;57136000000";mq_match
363300;16;10;2020;0:30;0;AV ANTONIO SALES;;;;;Queda;;;;Meio de Quadra;;;0;1;0;0;0;0;0;0;0;1;0;0;;;
362873;16;10;2020;3:20;0;AV SANTOS DUMONT;;;7800;;Choque c/ ObstÃ¡culo Fixo;;Nublado;Seca;Meio de Quadra;NÃ£o HÃ¡ Controle;Comercial;0;0;1;1;0;0;0;0;0;0;0;0;"-3;74736300000";"-38;46379400000";mq_match
362877;16;10;2020;12:30;17341;RUA EDUARDO ANGELIM;AV JOSE DO PATROCINIO;;;;ColisÃ£o Transversal;Luz do Dia;Bom;Seca;Cruz;Pare;Residencial;0;0;2;1;0;0;0;0;0;1;0;0;"-3;76528960000";"-38;54616360000";inter_match
362894;16;10;2020;16:25;5081;RUA CASTRO E SILVA;RUA VINTE E QUATRO DE MAIO;;;;ColisÃ£o Transversal;Luz do Dia;Bom;Seca;Cruz;SemÃ¡foro;Comercial;0;1;1;1;0;0;0;0;0;1;0;0;"-3;72274600000";"-38;53065300000";inter_match
362882;16;10;2020;7:20;0;AV AMERICO BARREIRA;;;;;ColisÃ£o Traseira;Luz do Dia;Bom;Seca;Meio de Quadra;SemÃ¡foro;;0;2;1;1;0;0;0;0;0;1;0;0;;;
362900;17;10;2020;19:00;11478;RUA LEA POMPEU;RUA PDE FRANCISCO PITA;;;;ColisÃ£o Transversal;Anoitecer;Bom;Seca;Cruz;Pare;Residencial;0;0;1;1;0;0;0;0;0;0;0;0;"-3;78280600000";"-38;49553000000";inter_match
363114;17;10;2020;5:10;0;AV AGUANAMBI;;;282;;Atropelamento;Amanhecer;;;Meio de Quadra;;;0;1;0;1;0;0;0;0;0;0;0;0;"-3;73937460000";"-38;52447000000";mq_match
363115;17;10;2020;5:23;4021;RUA DES PRAXEDES;AV PRO GOMES DE MATOS;;;;Atropelamento;Amanhecer;;;Cruz;SemÃ¡foro Intermitente;Comercial;0;1;0;0;0;0;0;0;0;0;0;0;"-3;76187200000";"-38;54622900000";inter_match
363116;17;10;2020;6:44;0;AV ALM HENRIQUE SABOIA;;;;;Queda;Luz do Dia;;;Meio de Quadra;;;0;1;0;0;0;0;0;0;0;1;0;0;;;
363123;17;10;2020;7:48;0;RUA SEBASTIAO DE ABREU;;;;;ColisÃ£o;Luz do Dia;;;Meio de Quadra;;;0;1;0;0;0;0;0;0;0;0;0;0;;;
363135;17;10;2020;10:37;0;AV ODILON GUIMARAES;;;2345;;ColisÃ£o;Luz do Dia;;;Meio de Quadra;;;0;1;0;1;0;0;0;0;0;0;0;0;"-3;81824000000";"-38;47419000000";mq_gpsv
363136;17;10;2020;11:14;0;AV AGUANAMBI;;;176;;Queda;Luz do Dia;;;Meio de Quadra;;;0;1;0;0;0;0;0;0;0;1;0;0;"-3;73842197300";"-38;52452722000";mq_match
363138;17;10;2020;11:36;5246;RUA PEREIRA FILGUEIRAS;RUA GONCALVES LEDO;;;;ColisÃ£o;Luz do Dia;;;Cruz;Pare;Residencial;0;1;0;1;0;0;0;0;0;1;0;0;"-3;72766700000";"-38;51500400000";inter_match
363139;17;10;2020;11:55;0;AV DA UNIVERSIDADE;;;2176;;Queda;Luz do Dia;;;Meio de Quadra;;;0;1;0;0;0;0;0;0;0;1;0;0;"-3;73672086000";"-38;53525230000";mq_qgis
363140;17;10;2020;12:15;0;RUA VALVERDE;;;718;;ColisÃ£o;Luz do Dia;;;Meio de Quadra;;;0;1;0;1;0;0;0;0;0;1;0;0;"-3;79066000000";"-38;60410000000";mq_gpsv
363131;17;10;2020;10:00;0;RUA CHILE;;;840;;ColisÃ£o;Luz do Dia;;;Meio de Quadra;;;0;1;0;0;0;0;0;0;0;0;0;0;"-3;74924000000";"-38;56838000000";mq_gpsv
363133;17;10;2020;10:08;0;RUA EINSTEIN;;;383;;ColisÃ£o;Luz do Dia;;;Meio de Quadra;;;0;1;0;1;0;0;0;0;0;1;0;0;;;
363127;17;10;2020;9:14;0;AV JOSE BASTOS;;;3112;;ColisÃ£o;Luz do Dia;;;Meio de Quadra;;;0;1;0;1;0;0;0;0;0;1;0;0;"-3;74447110000";"-38;54504880000";mq_match
363128;17;10;2020;9:26;0;AV JOR THOMAZ COELHO;;;;;Atropelamento;Luz do Dia;;;Meio de Quadra;;;0;1;0;0;0;0;0;0;0;0;0;0;;;
363169;17;10;2020;21:47;0;RUA ARTUR DE CARVALHO;;;1535;;ColisÃ£o;;;;Meio de Quadra;;;0;1;0;1;0;0;0;0;0;1;0;0;;;
363142;17;10;2020;13:05;0;RUA CEARA;;;876;;ColisÃ£o;Luz do Dia;;;Meio de Quadra;;;0;1;0;1;0;0;0;0;0;1;0;0;"-3;75918300000";"-38;56537600000";mq_qgis
363143;17;10;2020;15:18;0;RUA STA MARGARIDA;;;497;;ColisÃ£o;Luz do Dia;;;Meio de Quadra;;;0;1;0;1;0;0;0;0;0;1;0;0;"-3;81584000000";"-38;59572000000";mq_gpsv
363144;17;10;2020;16:21;0;RUA NEREIDE;;;432;;ColisÃ£o;Luz do Dia;;;Meio de Quadra;;;0;1;0;1;0;0;0;0;0;1;0;0;"-3;78898000000";"-38;59445000000";mq_gpsv
363145;17;10;2020;18:10;0;RD BR 116;;;;;ColisÃ£o;Anoitecer;;;Meio de Quadra;;;0;1;0;1;0;0;0;0;0;1;0;0;;;
363146;17;10;2020;18:11;0;AV SEN CARLOS JEREISSATI (AEROPORTO);;;;;ColisÃ£o;Anoitecer;;;Meio de Quadra;;;0;2;0;1;0;0;0;0;0;1;0;0;;;
363147;17;10;2020;18:20;0;AV BEIRA MAR;;;4060;;Atropelamento;Anoitecer;;;Meio de Quadra;;;0;1;0;1;0;0;0;0;0;0;0;0;"-3;72324000000";"-38;48423000000";mq_gpsv
363148;17;10;2020;19:14;0;RUA CAP NESTOR GOIS;;;253;;Queda;;;;;;;0;1;0;0;0;0;0;0;0;1;0;0;"-3;72161000000";"-38;56172000000";mq_gpsv
363149;17;10;2020;19:41;0;AV WASHINGTON SOARES;;;;;ColisÃ£o;;;;Meio de Quadra;;;0;1;0;1;0;0;0;0;0;1;0;0;;;
363150;17;10;2020;19:51;0;AV DEP PAULINO ROCHA;;;1881;;Queda;;;;Meio de Quadra;;;0;1;0;0;0;0;0;0;0;1;0;0;"-3;81148200000";"-38;51392500000";mq_match
363174;17;10;2020;23:57;318;RUA DAMIAO FERNANDES;RUA ERICO MOTA;;;;Outros;;;;Cruz;Pare;Residencial;0;1;0;0;0;0;0;0;0;0;0;0;"-3;74448000000";"-38;56113000000";inter_gpsv
363171;17;10;2020;23:12;0;AV PRS COSTA E SILVA;;;2382;;ColisÃ£o;;;;Meio de Quadra;;;0;1;0;1;0;0;0;0;0;0;0;0;"-3;82006840000";"-38;56053891000";mq_match
363165;17;10;2020;20:52;0;AV DOLOR BARREIRA;;;;;Queda;;;;Meio de Quadra;;;0;1;0;0;0;1;0;0;0;0;0;0;;;
363166;17;10;2020;21:01;0;AV DA INDEPENDENCIA;;;1100;;ColisÃ£o;;;;Meio de Quadra;;;1;0;1;1;0;0;0;0;0;1;0;0;"-3;72710200000";"-38;59030150000";mq_qgis
363167;17;10;2020;21:37;1292;RUA MARCOS MACEDO;AV DES MOREIRA;;;;ColisÃ£o;;;;Cruz;SemÃ¡foro;Comercial;0;1;0;1;0;0;0;0;0;1;0;0;"-3;73424400000";"-38;49771100000";inter_match
362273;17;10;2020;4:00;0;RD BR 020;;;;KM 426;Outros;;;Seca;Meio de Quadra;;;0;0;1;0;0;0;0;0;0;0;0;0;"-3;86300000000";"-38;52400000000";rod_match
362274;17;10;2020;8:05;0;RD BR 116;;;;;ColisÃ£o Lateral;Luz do Dia;;Seca;Meio de Quadra;;;0;1;1;0;0;0;1;0;0;1;0;0;;;
362553;17;10;2020;7:26;0;AV ALM HENRIQUE SABOIA;;;0;;Queda;Luz do Dia;Nublado;Seca;Outros;NÃ£o HÃ¡ Controle;Escola;0;1;0;0;0;0;0;0;0;1;0;0;"-3;74827360000";"-38;49280000000";mq_match
362554;17;10;2020;15:02;0;RUA VALPARAISO;AV C CJ HAB ST SAO JOAO;;0;;ColisÃ£o Frontal;Luz do Dia;Bom;Seca;;;;0;0;2;1;0;0;0;0;0;1;0;0;"-3;84871820000";"-38;51241300000";inter_match
362555;17;10;2020;19:59;25124;AV AUGUSTO DOS ANJOS;RUA OLIVEIRA SOBRINHO;;0;;ColisÃ£o Traseira;Via Iluminada;Bom;Seca;Cruz;Pare;Comercial;0;0;2;1;0;0;0;0;0;0;0;0;"-3;78392230000";"-38;58245040000";inter_match
362556;17;10;2020;18:47;25279;AV ROGACIANO LEITE;RUA DES WALDEMAR ALVES PEREIRA;;;;ColisÃ£o Lateral;Via Iluminada;Bom;Seca;Cruz;SemÃ¡foro;Comercial;0;1;1;0;1;1;0;0;0;0;0;0;"-3;77053260000";"-38;49807510000";inter_match
362596;17;10;2020;0:32;15232;RUA DEP MOREIRA DA ROCHA;RUA SILVA PAULET;;;;ColisÃ£o Lateral;Anoitecer;Bom;Seca;Cruz;Pare;Residencial;0;1;1;1;0;0;0;0;0;1;0;0;"-3;72752600000";"-38;50319400000";inter_match
362557;18;10;2020;1:04;0;RUA ERICO MOTA;;;895;;NÃ£o Informado;Via Iluminada;Bom;Seca;Meio de Quadra;NÃ£o HÃ¡ Controle;Residencial;0;0;2;1;0;0;0;0;0;0;0;0;"-3;74485500000";"-38;56104600000";mq_qgis
362558;18;10;2020;13:10;0;AV FILOMENO GOMES;;;0;;ColisÃ£o Lateral;Luz do Dia;Bom;Seca;Meio de Quadra;SemÃ¡foro;Residencial;0;2;0;0;0;0;0;0;0;1;0;0;"-3;71874640000";"-38;54157300000";mq_match
362559;18;10;2020;21:15;22887;RUA DR JUSTA ARAUJO D45;RUA VITORIANO BORGES;;;;Engavetamento;Via Iluminada;Bom;Seca;Cruz;Pare;Residencial;0;0;5;1;0;0;0;0;0;0;0;0;"-3;78127000000";"-38;55210000000";inter_gpsv
362560;18;10;2020;17:45;0;AV GAL OSORIO DE PAIVA;;;5421;;ColisÃ£o Lateral;Anoitecer;Bom;Seca;;;;0;1;1;0;0;0;0;0;0;1;0;0;"-3;80442100000";"-38;60177200000";mq_match
362561;18;10;2020;19:49;15175;AV ABOLICAO;RUA NUNES VALENTE;;;;ColisÃ£o Transversal;Via Iluminada;Bom;Seca;Cruz;SemÃ¡foro;Comercial;0;0;3;1;0;0;0;0;0;1;0;0;"-3;72575000000";"-38;50038400000";inter_match
362277;18;10;2020;17:50;0;RD BR 020;;;;KM 430;Tombamento;Anoitecer;;Seca;Meio de Quadra;;;0;1;0;0;0;0;0;0;0;1;0;0;"-3;86876900000";"-38;50833300000";rod_match
363176;18;10;2020;0:43;0;RUA VALPARAISO;;;1011;;Queda;;;;Meio de Quadra;;;0;1;0;0;0;0;0;0;0;1;0;0;"-3;84188035000";"-38;52863650000";mq_qgis
363177;18;10;2020;1:08;0;AV ALM BARROSO;;;711;;ColisÃ£o;;;;Meio de Quadra;;;0;1;0;1;0;0;0;0;0;1;0;0;"-3;72033100000";"-38;51622280000";mq_qgis
363192;18;10;2020;4:22;0;RUA OSMUNDO CAVALCANTE;;;147;;Queda;;;;Meio de Quadra;;;0;1;0;0;0;1;0;0;0;0;0;0;"-3;72683000000";"-38;47697000000";mq_gpsv
363188;18;10;2020;4:04;0;AV GAL OSORIO DE PAIVA;;;5047;;ColisÃ£o;;;;Meio de Quadra;;;0;1;0;1;0;0;0;0;0;0;0;0;"-3;80248300000";"-38;59988700000";mq_qgis
363180;18;10;2020;2:29;0;RUA PAPI JUNIOR;;;2324;;Queda;;;;Meio de Quadra;;;0;1;0;0;0;1;0;0;0;0;0;0;"-3;75464811000";"-38;55980250000";mq_qgis
363194;18;10;2020;4:55;0;AV AREIA BRANCA;;;130;;Queda;;;;Meio de Quadra;;;0;1;0;0;0;0;0;0;0;1;0;0;"-3;72845000000";"-38;47406300000";mq_qgis
363195;18;10;2020;5:44;0;RUA JULIO SILVA;;;;;Queda;Amanhecer;;;Meio de Quadra;;;0;1;0;0;0;1;0;0;0;0;0;0;;;
363196;18;10;2020;0:20;0;RUA MON HIPOLITO BRASIL;;;;;ColisÃ£o;;;;Meio de Quadra;;;0;1;0;1;0;0;0;0;0;1;0;0;;;
363197;18;10;2020;13:27;0;RUA JORGE DE SOUSA;;;190;;ColisÃ£o;Luz do Dia;;;Meio de Quadra;;;0;1;0;1;0;0;0;0;0;1;0;0;;;
363198;18;10;2020;13:40;0;AV GOV RAUL BARBOSA;;;4180;;ColisÃ£o;Luz do Dia;;;Meio de Quadra;;;0;1;0;1;0;0;0;0;0;1;0;0;"-3;76147300000";"-38;50689100000";mq_match
363199;18;10;2020;14:12;0;AV PERIMETRAL;;;491;;Queda;Luz do Dia;;;Meio de Quadra;;;0;1;0;0;0;0;0;0;0;1;0;0;;;
363200;18;10;2020;14:19;9168;AV LUCIANO CARNEIRO;AV BORGES DE MELO;;;;ColisÃ£o;Luz do Dia;;;Cruz;SemÃ¡foro;Comercial;0;1;0;1;0;0;0;0;0;1;0;0;"-3;75646500000";"-38;53409700000";inter_match
363245;18;10;2020;15:59;0;RUA JUVENTUDE;;;80;;Queda;Luz do Dia;;;Meio de Quadra;;;0;1;0;0;0;0;0;0;0;1;0;0;"-3;83025000000";"-38;56893000000";mq_gpsv
363246;18;10;2020;16:24;0;RUA GAL RABELO;;;433;;ColisÃ£o;Luz do Dia;;;Meio de Quadra;;;0;1;0;0;0;0;0;0;0;0;0;0;"-3;80692000000";"-38;60632000000";mq_gpsv
363247;18;10;2020;17:42;0;AV GAL OSORIO DE PAIVA;;;5399;;ColisÃ£o;Anoitecer;;;Meio de Quadra;;;0;1;0;1;0;0;0;0;0;1;0;0;"-3;80437736000";"-38;60172900000";mq_qgis
363241;18;10;2020;14:26;0;RUA DIOGO CORREIA;;;;;Queda;Luz do Dia;;;Meio de Quadra;;;0;1;0;0;0;0;0;0;0;1;0;0;;;
363242;18;10;2020;14:31;0;AV LUCIANO CARNEIRO;;;862;;ColisÃ£o;Luz do Dia;;;Meio de Quadra;;;0;1;0;1;0;0;0;0;0;1;0;0;"-3;75496000000";"-38;53373000000";mq_gpsv
362908;18;10;2020;14:40;0;AV LUCIANO CARNEIRO;;;869;;ColisÃ£o Lateral;Luz do Dia;Bom;Seca;Meio de Quadra;SemÃ¡foro;Residencial;0;1;1;1;0;0;0;0;0;1;0;0;"-3;75547100000";"-38;53377500000";mq_match
362910;18;10;2020;19:50;13054;AV J CJ JOSE WALTER;AV B CJ JOSE WALTER;;;;ColisÃ£o Traseira;Anoitecer;Bom;Seca;T;NÃ£o HÃ¡ Controle;Comercial;0;0;2;1;0;0;0;0;0;0;0;0;"-3;82693900000";"-38;55444500000";inter_match
362918;18;10;2020;13:00;0;RUA ANGELICA GURGEL;;;195;;Atropelamento;Luz do Dia;Bom;Seca;Meio de Quadra;;;0;1;1;0;0;0;0;0;1;0;0;0;"-3;83418500000";"-38;49905000000";mq_match
363523;18;10;2020;18:27;0;AV HILDEBRANDO POMPEU;;;340;;ColisÃ£o;Anoitecer;;;Meio de Quadra;;;0;1;0;0;0;0;0;0;0;0;0;0;;;
363524;18;10;2020;19:31;0;RUA MIGUEL GONCALVES;;;545;;Atropelamento;;;;Meio de Quadra;;;0;1;0;0;0;0;0;0;0;0;0;0;"-3;75542000000";"-38;55895000000";mq_gpsv
363525;18;10;2020;19:32;0;RUA NUNES VALENTE;;;2021;;ColisÃ£o;;;;Meio de Quadra;;;0;1;0;0;0;0;1;0;0;1;0;0;"-3;75414000000";"-38;50911000000";mq_gpsv
363530;18;10;2020;21:56;4080;AV JOSE BASTOS;RUA CEARA;;;;ColisÃ£o;;;;Cruz;SemÃ¡foro;Comercial;0;1;0;1;0;0;0;0;0;1;0;0;"-3;76000800000";"-38;56411200000";inter_match
363531;18;10;2020;22:12;0;ET DO JATOBA;;;2462;;Queda;;;;Meio de Quadra;;;0;1;0;0;0;0;0;0;0;1;0;0;"-3;79397077000";"-38;62646740000";mq_qgis
363532;18;10;2020;22:38;0;RUA NEREIDE;;;477;;ColisÃ£o;;;;Meio de Quadra;;;0;2;0;0;0;0;0;0;0;0;0;0;"-3;78891000000";"-38;59513000000";mq_gpsv
363535;18;10;2020;23:06;5030;AV ALM BARROSO;RUA ALM JACEGUAI;;;;ColisÃ£o;;;;T;SemÃ¡foro;Lazer;0;1;0;0;0;0;0;0;0;1;0;0;"-3;72074900000";"-38;51936300000";inter_match
363536;19;10;2020;0:55;0;RUA JOSE DANTAS PEREIRA;;;;;ColisÃ£o;;;;Meio de Quadra;;;0;1;0;1;0;0;0;0;0;1;0;0;;;
363537;19;10;2020;7:00;206;RUA TEN QUEIROZ;RUA PDE PERDIGAO SAMPAIO;;;;Queda;Luz do Dia;;;;;;0;1;0;0;0;0;0;0;0;1;0;0;"-3;74556800000";"-38;59384600000";inter_match
363538;19;10;2020;7:00;0;RUA PRO HERIBALDO COSTA;;;566;;ColisÃ£o;Luz do Dia;;;Meio de Quadra;;;0;1;0;1;0;0;0;0;0;1;0;0;"-3;75750971000";"-38;58251820000";mq_qgis
363544;19;10;2020;9:44;0;RUA LEONARDO MOTA;;;225;;ColisÃ£o;Luz do Dia;;;Meio de Quadra;;;0;1;0;1;0;0;0;0;0;0;0;0;"-3;72823000000";"-38;49359000000";mq_gpsv
363591;19;10;2020;20:01;738;AV FRANCISCO SA;RUA DNA MENDINHA;;;;ColisÃ£o;;;;Cruz;SemÃ¡foro;Residencial;0;1;0;1;0;0;0;0;0;1;0;0;"-3;71266600000";"-38;57123800000";inter_match
363580;19;10;2020;19:04;0;RD BR 116;;;;;ColisÃ£o;;;;Meio de Quadra;;;0;1;0;0;0;0;0;0;0;0;0;0;;;
363559;19;10;2020;13:05;0;RUA LEANDRO MONTEIRO;;;;;Queda;Luz do Dia;;;Meio de Quadra;;;0;1;0;0;0;0;0;0;0;1;0;0;;;
363560;19;10;2020;13:32;0;RUA LUCAS FRANCISCO ANTONIO;;;454;;Queda;Luz do Dia;;;Meio de Quadra;;;0;1;0;0;0;0;0;0;0;1;0;0;"-3;77167323000";"-38;47262870000";mq_qgis
363561;19;10;2020;15:09;0;AV ALANIS MARIA LAURINDO DE OLIVEIRA;;;9458;;Atropelamento;Luz do Dia;;;Meio de Quadra;;;0;1;0;1;0;0;0;0;0;0;0;0;;;
363562;19;10;2020;15:44;0;AV GAL OSORIO DE PAIVA;;;5841;;ColisÃ£o;Luz do Dia;;;Meio de Quadra;;;0;1;0;1;0;0;0;0;0;1;0;0;"-3;80753400000";"-38;60480400000";mq_match
363563;19;10;2020;16:04;0;AV PRS CASTELO BRANCO;;;1939;;ColisÃ£o;Luz do Dia;;;Meio de Quadra;;;0;1;0;1;0;0;0;0;0;1;0;0;"-3;71511000000";"-38;54463000000";mq_gpsv
363564;19;10;2020;16:34;0;RUA ISMAEL PORDEUS;;;1177;;Atropelamento;Luz do Dia;;;Meio de Quadra;;;0;1;0;1;0;0;0;0;0;0;0;0;"-3;72448000000";"-38;47237000000";mq_gpsv
363566;19;10;2020;16:37;0;RUA FRANCISCO PAIVA;;;1460;;Queda;Luz do Dia;;;Meio de Quadra;;;0;1;0;0;0;0;0;0;0;1;0;0;"-3;79572000000";"-38;61600000000";mq_gpsv
363567;19;10;2020;16:56;0;AV WASHINGTON SOARES;;;6301;;ColisÃ£o;Luz do Dia;;;Meio de Quadra;;;0;1;0;1;0;0;0;0;0;1;0;0;"-3;81429500000";"-38;48083900000";mq_match
363568;19;10;2020;17:02;0;RUA MON HIPOLITO BRASIL;;;1000;;ColisÃ£o;Anoitecer;;;Meio de Quadra;;;0;1;0;1;0;0;0;0;0;1;0;0;"-3;75748500000";"-38;58146900000";mq_qgis
363569;19;10;2020;17:49;0;AV WASHINGTON SOARES;;;;;ColisÃ£o;Anoitecer;;;Meio de Quadra;;;0;1;0;1;0;0;0;0;0;1;0;0;;;
363570;19;10;2020;18:22;7619;RUA RIO GRANDE DO SUL;RUA SERGIPE;;;;ColisÃ£o;Anoitecer;;;Cruz;Pare;Residencial;0;1;1;1;0;1;0;0;0;0;0;0;"-3;76145000000";"-38;56945200000";inter_match
362947;19;10;2020;15:50;9043;RUA BAR ARATANHA;RUA PDE MIGUELINHO;;;;ColisÃ£o Transversal;Luz do Dia;Bom;Seca;Cruz;Pare;Comercial;0;0;3;1;0;0;0;0;0;1;0;0;"-3;74386100000";"-38;53004500000";inter_match
362940;19;10;2020;15:30;0;AV GAL OSORIO DE PAIVA;;;5841;;ColisÃ£o Traseira;Luz do Dia;Bom;Seca;Meio de Quadra;SemÃ¡foro;Comercial;0;1;1;1;0;0;0;0;0;1;0;0;"-3;80753400000";"-38;60480400000";mq_match
362280;19;10;2020;6:30;0;RD BR 116;;;;KM-15;ColisÃ£o Lateral;Luz do Dia;;Seca;Meio de Quadra;;;0;1;1;1;0;0;0;0;0;1;0;0;"-3;88232900000";"-38;50111300000";rod_match
362283;19;10;2020;18:45;0;RD BR 116;;;;KM-07;Atropelamento;;;Seca;Meio de Quadra;;;0;3;0;0;0;0;0;0;0;1;0;0;"-3;78627635900";"-38;51156140000";rod_match
362562;19;10;2020;7:44;0;RUA RAIMUNDO NERY;RUA EINSTEIN;;0;;ColisÃ£o Transversal;Luz do Dia;Bom;Seca;Meio de Quadra;Pare;Residencial;0;1;1;0;0;0;0;0;0;1;0;0;"-3;79413000000";"-38;58642000000";inter_gpsv
362563;19;10;2020;9:15;22845;RUA GOV JOAO CARLOS;RUA CON LIMA SUCUPIRA;;;;ColisÃ£o Transversal;Luz do Dia;Bom;Seca;Cruz;Pare;Residencial;0;0;2;0;0;0;0;0;0;1;0;0;"-3;77795100000";"-38;55151800000";inter_match
362564;19;10;2020;10:57;0;RUA ARARIPE PRATA;;;34;;NÃ£o Informado;Luz do Dia;Bom;Seca;Meio de Quadra;NÃ£o HÃ¡ Controle;Comercial;0;1;1;1;0;0;0;0;0;1;0;0;"-3;77639625000";"-38;56815950000";mq_qgis
362565;19;10;2020;15:36;0;RUA ANGELICA GURGEL;RUA STA TEREZINHA DO MEN JES E DA SAG FACE;;195;;NÃ£o Informado;Luz do Dia;Bom;Seca;Meio de Quadra;NÃ£o HÃ¡ Controle;Comercial;0;1;0;0;0;0;0;0;0;1;0;0;"-3;83580000000";"-38;51455000000";inter_gpsv
362566;19;10;2020;15:30;15356;AV SEN VIRGILIO TAVORA;RUA REPUBLICA DO LIBANO;;;;ColisÃ£o Traseira;Luz do Dia;Bom;Molhada;Cruz;SemÃ¡foro;Comercial;0;1;1;1;0;0;0;0;0;1;0;0;"-3;73288920000";"-38;49181700000";inter_match
362567;19;10;2020;19:36;10842;RUA PRO HERIBALDO COSTA;RUA CUIABA;;;;ColisÃ£o Transversal;Via Iluminada;Bom;Seca;Cruz;Pare;Residencial;0;1;1;1;0;0;0;0;0;1;0;0;"-3;76496100000";"-38;58647100000";inter_match
362568;19;10;2020;20:11;738;AV FRANCISCO SA;RUA DNA MENDINHA;;;;NÃ£o Informado;Via Iluminada;Bom;Seca;Cruz;SemÃ¡foro;Residencial;0;1;0;1;0;0;0;0;0;1;0;0;"-3;71266600000";"-38;57123800000";inter_match
362569;19;10;2020;10:04;0;AV ENG LEAL LIMA VERDE (SAPIRANGA/COITE);;;960;;Capotamento;Via Iluminada;Bom;Seca;Meio de Quadra;NÃ£o HÃ¡ Controle;Residencial;0;2;0;1;0;0;0;0;0;0;0;0;"-3;79755375000";"-38;47552420000";mq_qgis
362571;19;10;2020;11:01;11332;AV GODOFREDO MACIEL;RUA ROSA CRUZ;;;;ColisÃ£o Lateral;Luz do Dia;Bom;Seca;Cruz;Pare;Comercial;0;0;2;1;1;0;0;0;0;0;0;0;"-3;79781700000";"-38;57033400000";inter_match
362691;19;10;2020;19:30;15392;RUA ARAUJO TORREAO;RUA INACIO VASCONCELOS;;;;ColisÃ£o Transversal;Via Iluminada;Bom;Seca;Cruz;Pare;Residencial;0;1;1;1;0;0;0;0;0;1;0;0;"-3;81299400000";"-38;49687300000";inter_match
365116;19;10;2020;8:00;1258;AV SANTOS DUMONT;RUA MON BRUNO;;;;ColisÃ£o Transversal;Luz do Dia;Bom;Seca;Cruz;Pare;Comercial;0;1;1;0;0;0;0;0;0;1;0;0;"-3;73259500000";"-38;50950600000";inter_match
362572;20;10;2020;10:43;15106;RUA JOAO CORDEIRO;RUA DRAGAO DO MAR;;0;;ColisÃ£o Lateral;Luz do Dia;Bom;Seca;Cruz;Pare;Residencial;0;1;1;1;0;0;0;0;0;1;0;0;"-3;72228300000";"-38;51209600000";inter_match
362573;20;10;2020;14:15;0;RUA MON CATAO;;;1300;;ColisÃ£o Lateral;Luz do Dia;Bom;Seca;Meio de Quadra;NÃ£o HÃ¡ Controle;Residencial;0;1;1;1;0;0;0;0;0;1;0;0;"-3;74369600000";"-38;49216700000";mq_qgis
362570;20;10;2020;7:43;0;AV 13 DE MAIO;;;441;;ColisÃ£o Traseira;Luz do Dia;Chuva;Molhada;Meio de Quadra;SemÃ¡foro;Comercial;0;0;3;1;0;0;0;0;0;0;0;0;"-3;75273300000";"-38;52533659000";mq_match
362579;20;10;2020;5:57;0;RUA CARLOS AMORA;;;0;;NÃ£o Informado;Luz do Dia;Bom;Seca;Meio de Quadra;NÃ£o HÃ¡ Controle;Comercial;0;1;0;1;0;0;0;0;0;0;0;0;"-3;77611540000";"-38;56294600000";mq_match
363870;20;10;2020;22:25;4612;AV WASHINGTON SOARES;AV OLIVEIRA PAIVA;;;;ColisÃ£o;;;;;;;0;2;0;1;0;0;0;0;0;0;0;0;"-3;79569500000";"-38;47990800000";inter_match
363876;20;10;2020;8:26;0;AV BEZERRA DE MENEZES;;;115;;ColisÃ£o;Luz do Dia;;;Meio de Quadra;;;0;1;0;1;0;0;0;0;0;1;0;0;"-3;73182750000";"-38;54582200000";mq_match
363715;20;10;2020;5:42;0;AV DR SILAS MUNGUBA;;;;;ColisÃ£o;Amanhecer;;;Meio de Quadra;;;0;1;0;0;0;0;0;0;0;0;0;0;;;
363716;20;10;2020;8:07;0;RUA DR ABDENAGO;;;420;;Queda;Luz do Dia;;;Meio de Quadra;;;0;1;0;0;0;0;0;0;0;1;0;0;"-3;74102000000";"-38;56934000000";mq_gpsv