COD_ACIDENTE;DIA;MES;ANO;HORA;INTERSECAO;LOG1;LOG2;LOG3;NUMERO;REFERENCIA;NATUREZA;ILUMINACAO;TEMPO;SUPERFICIEPISTA;TIPOCRUZAMENTO;CONTROLETRAFEGO;USOSOLO;MORTOS;FERIDOS;ILESOS;AUTOMOVEL;ONIBUS;BICICLETA;CAMINHAO;MICROONIBUS;CICLOMOTOR;MOTOCICLETA;TRACAOANIMAL;TREM;LATITUDE;LONGITUDE;METODO
363717;20;10;2020;9:58;0;AV SEN FERNANDES TAVORA;;;2870;;ColisÃ£o;Luz do Dia;;;Meio de Quadra;;;0;1;0;1;0;0;0;0;0;1;0;0;"-3;75528600000";"-38;59742100000";mq_match
363718;20;10;2020;10:52;0;AV CARNEIRO DE MENDONCA;;;;;Queda;Luz do Dia;;;Meio de Quadra;;;0;1;0;0;0;0;0;0;0;1;0;0;;;
363719;20;10;2020;11:00;0;AV ABOLICAO;;;3340;;ColisÃ£o;Luz do Dia;;;Meio de Quadra;;;0;1;0;1;0;0;0;0;0;1;0;0;"-3;72643200000";"-38;48978800000";mq_match
363720;20;10;2020;11:04;0;AV GODOFREDO MACIEL;;;3000;;ColisÃ£o;Luz do Dia;;;Meio de Quadra;;;0;1;0;1;0;0;0;0;0;1;0;0;"-3;80202077800";"-38;57165256000";mq_match
363721;20;10;2020;12:17;0;RUA PRO JOAQUIM NOGUEIRA D29;;;1002;;ColisÃ£o;Luz do Dia;;;Meio de Quadra;;;0;1;0;1;0;0;0;0;0;1;0;0;"-3;74751900000";"-38;58938100000";mq_gpsv
363816;20;10;2020;21:30;0;RUA SEN ROBERT KENNEDY;;;147;;Atropelamento;Anoitecer;;;Meio de Quadra;;;0;1;0;0;0;0;0;0;0;1;0;0;"-3;70053800000";"-38;57736900000";mq_match
363797;20;10;2020;12:17;0;RUA JOAQUIM NABUCO;;;1208;;ColisÃ£o;Luz do Dia;;;Meio de Quadra;;;0;1;0;1;0;0;0;0;0;1;0;0;"-3;73578400000";"-38;50145300000";mq_match
363800;20;10;2020;14:41;0;RUA DELMIRO FARIAS;;;55;PÃ‡A. JARDIM AMÃ‰RICA;ColisÃ£o;Luz do Dia;;;;;;0;1;0;0;0;0;0;0;0;0;0;0;"-3;75547700000";"-38;54149470000";mq_qgis
363803;20;10;2020;16:16;9170;AV EDUARDO GIRAO;RUA GAL SILVA JUNIOR;;;;ColisÃ£o;Luz do Dia;;;Cruz;SemÃ¡foro;Comercial;0;1;0;1;0;1;0;0;0;0;0;0;"-3;75430900000";"-38;53078500000";inter_match
363877;21;10;2020;8:58;0;AV JOSE BASTOS;;;;;ColisÃ£o;Luz do Dia;;;Meio de Quadra;;;0;1;0;1;0;0;0;0;0;1;0;0;;;
363878;21;10;2020;8:58;0;AV PRS COSTA E SILVA;;;2560;;ColisÃ£o;Luz do Dia;;;Meio de Quadra;;;0;1;0;0;0;0;0;0;0;1;0;0;"-3;82068886000";"-38;55923980000";mq_qgis
363871;21;10;2020;5:36;0;AV CEL CARVALHO;;;2824;;ColisÃ£o;Amanhecer;;;Meio de Quadra;;;0;1;0;1;0;0;0;0;0;1;0;0;"-3;72839500000";"-38;58503100000";mq_match
363872;21;10;2020;6:13;0;RUA POE MARIO LINHARES (J.WALTER);;;51;;Queda;Luz do Dia;;;Meio de Quadra;;;0;1;0;0;0;0;0;0;0;1;0;0;"-3;82355000000";"-38;55096000000";mq_gpsv
363873;21;10;2020;7:04;0;RUA STA ANGELA;;;771;;ColisÃ£o;Luz do Dia;;;Meio de Quadra;;;0;1;0;1;0;0;0;0;0;1;0;0;"-3;83397343000";"-38;50327260000";mq_qgis
363874;21;10;2020;7:37;0;AV JOSE BASTOS;;;4150;;ColisÃ£o;Luz do Dia;;;Meio de Quadra;;;0;1;0;1;0;0;0;0;0;1;0;0;"-3;75400600000";"-38;55446750000";mq_match
363875;21;10;2020;8:58;0;AV WASHINGTON SOARES;;;3340;;ColisÃ£o;Luz do Dia;;;Meio de Quadra;;;0;1;0;1;0;0;0;0;0;1;0;0;"-3;78131030000";"-38;48127260000";mq_match
363889;21;10;2020;17:50;0;AV MAE LISBOA;;;;;ColisÃ£o;Anoitecer;;;Meio de Quadra;;;0;1;0;0;0;0;0;0;0;1;0;0;;;
363886;21;10;2020;14:17;0;AV DR SILAS MUNGUBA;;;3038;;ColisÃ£o;Luz do Dia;;;Meio de Quadra;;;0;1;0;1;0;0;0;0;0;1;0;0;"-3;78821822200";"-38;54649978000";mq_match
363887;21;10;2020;15:52;0;AV GAL OSORIO DE PAIVA;;;3638;;ColisÃ£o;Luz do Dia;;;Meio de Quadra;;;0;1;0;0;0;0;0;0;0;0;0;0;"-3;79236900000";"-38;59003700000";mq_match
363881;21;10;2020;11:02;0;AV AGUANAMBI;;;889;;ColisÃ£o;Luz do Dia;;;Meio de Quadra;;;0;1;0;1;0;0;0;0;0;1;0;0;"-3;74448667000";"-38;52555820000";mq_qgis
363882;21;10;2020;11:42;0;AV ENG SANTANA JUNIOR;;;1221;;ColisÃ£o;Luz do Dia;;;Meio de Quadra;;;0;1;0;1;0;0;0;0;0;1;0;0;"-3;73832500000";"-38;48375600000";mq_qgis
363883;21;10;2020;12:04;0;AV CONTORNO SUL;;;937;;ColisÃ£o;Luz do Dia;;;Meio de Quadra;;;0;1;0;1;0;0;0;0;0;1;0;0;"-3;83713055000";"-38;51884070000";mq_qgis
363884;21;10;2020;13:16;305;RUA GAL PIRAGIBE;RUA DAMIAO FERNANDES;;;;ColisÃ£o;Luz do Dia;;;;;;0;1;0;1;0;0;0;0;0;1;0;0;"-3;74358000000";"-38;55677000000";inter_gpsv
363900;21;10;2020;18:04;0;AV SEN CARLOS JEREISSATI (AEROPORTO);;;;;ColisÃ£o;Anoitecer;;;Meio de Quadra;;;0;1;0;0;0;0;0;0;0;1;0;0;;;
363901;21;10;2020;18:20;0;AV SGT HERMINIO SAMPAIO;;;4588;;ColisÃ£o;Anoitecer;;;Meio de Quadra;;;0;2;0;0;0;0;0;0;0;0;0;0;"-3;73201867000";"-38;58050500000";mq_qgis
363903;21;10;2020;18:55;0;RUA BERNARDO MANUEL;;;8321;;ColisÃ£o;;;;Meio de Quadra;;;0;1;0;1;0;0;0;0;0;1;0;0;"-3;79258421000";"-38;54954940000";mq_qgis
363904;21;10;2020;19:03;0;AV MR HULL;;;;;ColisÃ£o;;;;Meio de Quadra;;;0;1;0;1;0;0;0;0;0;1;0;0;;;
364788;21;10;2020;9:32;18028;AV DIOGUINHO;RUA RENATO BRAGA;;;;ColisÃ£o;Luz do Dia;;;Cruz;SemÃ¡foro;Comercial;0;0;2;0;0;0;0;0;0;0;0;0;"-3;73142800000";"-38;45888900000";inter_match
364790;21;10;2020;21:30;25951;AV JOSE LEON;RUA STENIO GOMES (JD OLIVEIRAS);;;;ColisÃ£o;;;;T;Pare;Comercial;0;0;2;0;0;0;1;0;0;1;0;0;"-3;78841900000";"-38;49942700000";inter_match
364792;21;10;2020;13:15;9148;RUA GUILHERME MOREIRA;RUA DOM SEBASTIAO LEME;;;;ColisÃ£o;Luz do Dia;;;Cruz;Pare;Residencial;0;0;2;0;0;0;0;0;0;1;0;0;"-3;75007300000";"-38;52559000000";inter_match
362574;21;10;2020;7:25;0;AV ROGACIANO LEITE;;;1815;;ColisÃ£o Traseira;Luz do Dia;Bom;Seca;Meio de Quadra;NÃ£o HÃ¡ Controle;Comercial;0;1;1;1;0;0;0;0;0;1;0;0;"-3;77055700000";"-38;49806500000";mq_match
362575;21;10;2020;13:32;1658;RUA MON CATAO;RUA BENI DE CARVALHO;;0;;ColisÃ£o Transversal;Luz do Dia;Bom;Seca;Cruz;NÃ£o HÃ¡ Controle;Comercial;0;1;1;1;0;0;0;0;0;1;0;0;"-3;74661800000";"-38;49311300000";inter_match
362576;21;10;2020;14:10;9155;AV EDUARDO GIRAO;AV LUCIANO CARNEIRO;;0;;ColisÃ£o Traseira;Luz do Dia;Bom;Seca;Cruz;SemÃ¡foro;Comercial;0;0;2;1;0;0;0;0;0;0;0;0;"-3;75227500000";"-38;53281100000";inter_match
362577;21;10;2020;14:31;5036;RUA PESSOA ANTA;RUA BORIS;;;;ColisÃ£o Lateral;Luz do Dia;Bom;Seca;Cruz;NÃ£o HÃ¡ Controle;Comercial;0;1;1;1;0;0;0;0;0;1;0;0;"-3;72097600000";"-38;52101700000";inter_match
362578;21;10;2020;15:02;0;AV JOSE LEON;;;2713;;ColisÃ£o Frontal;Luz do Dia;Bom;Seca;Meio de Quadra;Pare;Escola;0;1;1;1;0;0;0;0;0;1;0;0;"-3;79114400000";"-38;48821200000";mq_qgis
362613;21;10;2020;8:35;22099;AV JOSE BASTOS;RUA JOSE FACANHA;;4150;;NÃ£o Informado;Luz do Dia;Bom;Seca;Meio de Quadra;NÃ£o HÃ¡ Controle;Comercial;0;2;1;1;0;0;0;0;0;1;0;0;"-3;75435900000";"-38;55482200000";inter_match
362284;21;10;2020;9:00;0;RD BR 116;;;;KM-06;ColisÃ£o;Luz do Dia;;Seca;Meio de Quadra;;;0;1;1;1;0;0;0;0;0;1;0;0;"-3;80469100000";"-38;50305300000";rod_match
362965;21;10;2020;17:20;26269;AV DIOGUINHO;AV DR ALDY MENTOR;;;;ColisÃ£o Frontal;Anoitecer;Bom;Seca;Cruz;SemÃ¡foro;Comercial;0;1;2;1;0;0;0;0;0;1;0;0;"-3;75617050000";"-38;44590000000";inter_match
363086;21;10;2020;7:45;0;AV GOV RAUL BARBOSA;;;3860;;ColisÃ£o Traseira;Luz do Dia;Nublado;Seca;Meio de Quadra;NÃ£o HÃ¡ Controle;Comercial;0;1;1;1;0;0;0;0;0;1;0;0;"-3;75969000000";"-38;50471000000";mq_gpsv
363068;21;10;2020;12:30;13368;RUA JOAO BRIGIDO;RUA J DA PENHA;;;;ColisÃ£o Traseira;Luz do Dia;Bom;Seca;Cruz;Pare;Comercial;0;0;2;0;0;0;0;0;0;1;0;0;"-3;73892500000";"-38;52111700000";inter_match
363065;21;10;2020;12:00;0;AV CESAR CALS;;;1231;;ColisÃ£o Transversal;Luz do Dia;Bom;Seca;Meio de Quadra;NÃ£o HÃ¡ Controle;Comercial;0;0;3;1;0;0;0;0;0;1;0;0;"-3;72870283000";"-38;46037930000";mq_qgis
362998;21;10;2020;21:20;25446;AV DOS EXPEDICIONARIOS;RUA EDUARDO ANGELIM;;;;ColisÃ£o Transversal;Via Iluminada;Bom;Seca;T;Outros;Residencial;0;2;1;1;0;0;0;0;0;1;0;0;"-3;77059000000";"-38;54292000000";inter_gpsv
363021;21;10;2020;11:00;25116;AV ROGACIANO LEITE;RUA PDE FRANCISCO PITA;;;;Outros;Luz do Dia;Bom;Seca;Cruz;SemÃ¡foro;Comercial;0;1;1;0;0;0;0;0;0;1;0;0;"-3;78096000000";"-38;50176600000";inter_match
363058;21;10;2020;13:30;0;AV NORTE SUL;;;;;ColisÃ£o Lateral;Luz do Dia;Bom;Seca;;;;0;0;2;0;0;0;0;0;0;1;0;0;;;
363009;21;10;2020;19:27;0;AV JOSE LEON;;;1300;;ColisÃ£o Lateral;Via Iluminada;Bom;;Meio de Quadra;SemÃ¡foro;Residencial;0;1;1;0;0;0;1;0;0;1;0;0;"-3;78841900000";"-38;49942700000";mq_qgis
363118;22;10;2020;9:00;5039;RUA PESSOA ANTA;AV ALBERTO NEPOMUCENO;;;;ColisÃ£o Traseira;Luz do Dia;Chuva;Molhada;;;Comercial;0;0;2;1;0;0;0;0;0;0;0;0;"-3;72125700000";"-38;52321200000";inter_match
363141;22;10;2020;18:45;0;AV DR THEBERGE;;;1073;;ColisÃ£o Traseira;Via Iluminada;Bom;Seca;Meio de Quadra;;Residencial;0;1;1;0;0;0;0;0;0;1;0;0;"-3;71225520000";"-38;56416980000";mq_qgis
362287;22;10;2020;17:00;0;RD BR 020;;;;KM 430;Tombamento;Anoitecer;;Seca;Meio de Quadra;;;0;2;0;0;0;0;0;0;0;1;0;0;"-3;86876900000";"-38;50833300000";rod_match
362288;22;10;2020;17:20;0;RD BR 116;;;;KM-13;ColisÃ£o Lateral;Anoitecer;;Seca;Meio de Quadra;;;0;0;2;1;0;0;0;0;0;1;0;0;"-3;86467000000";"-38;49772700000";rod_match
362580;22;10;2020;7:48;13156;AV D CJ JOSE WALTER;AV J CJ JOSE WALTER;;;;Choque c/ ObstÃ¡culo Fixo;Amanhecer;Chuva;Molhada;T;Pare;Residencial;0;1;0;1;0;0;0;0;0;0;0;0;"-3;83159900000";"-38;55583200000";inter_match
362581;22;10;2020;8:00;0;AV EDILSON B SOARES;AV MIN GENTIL BARREIRA;;0;;ColisÃ£o Transversal;Luz do Dia;Chuva;Molhada;Cruz;NÃ£o HÃ¡ Controle;Comercial;0;0;2;1;0;0;0;0;0;0;0;0;"-3;78867000000";"-38;47202000000";inter_gpsv
362582;22;10;2020;9:48;15160;AV ABOLICAO;RUA SILVA PAULET;;;;ColisÃ£o Traseira;Luz do Dia;Chuva;Molhada;T;NÃ£o HÃ¡ Controle;Comercial;0;0;2;1;0;0;0;0;0;1;0;0;"-3;72511100000";"-38;50241200000";inter_match
362583;22;10;2020;14:00;5433;RUA METON DE ALENCAR;RUA MAJ FACUNDO;;;;ColisÃ£o Transversal;Luz do Dia;Bom;Seca;Cruz;Pare;Comercial;0;1;1;1;0;0;0;0;0;1;0;0;"-3;73391700000";"-38;52989900000";inter_match
362584;22;10;2020;17:14;0;AV PRO GOMES DE MATOS;;;1680;;ColisÃ£o Traseira;Luz do Dia;Bom;Seca;Meio de Quadra;NÃ£o HÃ¡ Controle;Comercial;0;0;3;1;0;0;0;0;0;1;0;0;"-3;76620114000";"-38;54994470000";mq_qgis
362585;22;10;2020;21:28;1257;RUA COSTA BARROS;RUA SILVA PAULET;;;;ColisÃ£o Transversal;Via Iluminada;Bom;Seca;Cruz;Pare;Residencial;0;2;1;1;0;0;0;0;0;0;0;0;"-3;73256500000";"-38;50479900000";inter_match
364794;22;10;2020;15:05;0;RUA ROBERTO SILVA;;;70;;Choque c/ ObstÃ¡culo Fixo;Luz do Dia;;;Meio de Quadra;;;0;0;1;0;0;0;0;0;0;0;0;0;"-3;77260782000";"-38;47579000000";mq_qgis
363924;22;10;2020;8:51;9358;RUA COS LAFAYETE;RUA ALBERTO DE OLIVEIRA;;;;ColisÃ£o;Luz do Dia;;;;Pare;Comercial;0;1;0;1;0;0;0;0;0;1;0;0;"-3;71832100000";"-38;57937100000";inter_match
363925;22;10;2020;0:55;0;RUA JOSE VILAR;;;2180;;Queda;;;;Meio de Quadra;;;0;1;0;0;0;0;0;0;0;1;0;0;"-3;74348000000";"-38;50714000000";mq_gpsv
363926;22;10;2020;9:01;22176;AV ENG HUMBERTO MONTE;AV JOSE BASTOS;;;;ColisÃ£o;Luz do Dia;;;T;SemÃ¡foro;Comercial;0;1;0;1;0;0;0;0;0;1;0;0;"-3;75496600000";"-38;55545500000";inter_match
363927;22;10;2020;9:05;0;AV ANTONIO SALES;;;3410;;Queda;Luz do Dia;;;Meio de Quadra;;;0;1;0;0;0;0;0;0;0;1;0;0;"-3;74791600000";"-38;49449400000";mq_match
363928;22;10;2020;9:50;0;RUA DES PRAXEDES;;;210;;Atropelamento;Luz do Dia;;;Meio de Quadra;;;0;1;0;1;0;0;0;0;0;0;0;0;"-3;75808000000";"-38;55191000000";mq_match
363929;22;10;2020;10:31;0;AV PRS COSTA E SILVA;;;2230;;Queda;Luz do Dia;;;Meio de Quadra;;;0;1;0;0;0;0;0;0;0;1;0;0;"-3;81953857000";"-38;56164820000";mq_qgis
363930;22;10;2020;10:56;0;RUA PERNAMBUCO;;;1891;;Atropelamento;Luz do Dia;;;Meio de Quadra;;;0;1;0;0;0;0;0;0;0;1;0;0;"-3;75539728200";"-38;57436685000";mq_match
363931;22;10;2020;12:04;0;AV DUQ CAXIAS;;;101;;Atropelamento;Luz do Dia;;;Meio de Quadra;;;0;1;0;1;0;0;0;0;0;0;0;0;"-3;73313700000";"-38;52570400000";mq_match
363932;22;10;2020;12:07;7579;RUA BANDEIRA DE MELO;RUA CAPRICHO;;;;ColisÃ£o;Luz do Dia;;;;;;0;1;0;0;0;0;0;0;0;1;0;0;"-3;78736000000";"-38;52517000000";inter_gpsv
363933;22;10;2020;13:38;0;AV DOS EXPEDICIONARIOS;;;5425;;ColisÃ£o;Luz do Dia;;;Meio de Quadra;;;0;1;0;0;0;0;0;0;0;1;0;0;"-3;76699086000";"-38;54180080000";mq_qgis
363934;22;10;2020;13:43;1424;RUA CARLOS VASCONCELOS;AV HERACLITO GRACA;;;;ColisÃ£o;Luz do Dia;;;Cruz;SemÃ¡foro;Comercial;0;1;0;0;0;0;0;0;0;1;0;0;"-3;73759000000";"-38;51228500000";inter_match
363935;22;10;2020;14:45;0;AV BENJAMIM BRASIL;;;430;;Queda;Luz do Dia;;;Meio de Quadra;;;0;1;0;0;0;0;0;0;0;1;0;0;"-3;80414100000";"-38;56921900000";mq_qgis
363936;22;10;2020;15:26;19820;AV JOVITA FEITOSA;RUA GAL PIRAGIBE;;;;ColisÃ£o;Luz do Dia;;;Cruz;SemÃ¡foro;Residencial;0;1;0;1;0;0;0;0;0;1;0;0;"-3;74004900000";"-38;55748400000";inter_match
363937;22;10;2020;19:29;0;RUA PAULA NEI;;;729;;ColisÃ£o;;;;Meio de Quadra;;;0;1;0;1;0;0;0;0;0;1;0;0;"-3;74160841000";"-38;49179820000";mq_qgis
363938;22;10;2020;18:04;0;RUA D JD MESSEJANA;;;3185;;ColisÃ£o;Anoitecer;;;Meio de Quadra;;;0;1;0;0;0;0;0;0;0;0;0;0;;;
363939;22;10;2020;18:12;0;AV CARNEIRO DE MENDONCA;;;583;;ColisÃ£o;Anoitecer;;;Meio de Quadra;;;0;1;0;0;0;0;0;0;0;0;0;0;"-3;76498600000";"-38;56508000000";mq_match
363910;22;10;2020;5:50;0;AV FRANCISCO SA;;;;;ColisÃ£o;Amanhecer;;;Meio de Quadra;;;0;1;0;1;0;0;0;0;0;1;0;0;;;
363912;22;10;2020;6:02;0;RUA LEONARDO MOTA;;;716;;Queda;Luz do Dia;;;Meio de Quadra;;;0;1;0;0;0;0;0;0;0;1;0;0;"-3;73249420000";"-38;49501000000";mq_qgis
363914;22;10;2020;6:51;0;RUA CON DE CASTRO;;;3032;;ColisÃ£o;Luz do Dia;;;Meio de Quadra;;;0;1;0;1;0;0;0;0;0;1;0;0;"-3;79535700000";"-38;58300300000";mq_match
363916;22;10;2020;6:59;0;AV GODOFREDO MACIEL;;;;;ColisÃ£o;Luz do Dia;;;Meio de Quadra;;;0;1;0;1;0;0;0;0;0;1;0;0;;;
363918;22;10;2020;7:04;0;RUA EURICO MEDINA;;;1150;;Queda;Luz do Dia;;;Meio de Quadra;;;0;1;0;0;0;0;0;0;0;1;0;0;"-3;76288242000";"-38;58826430000";mq_qgis
363920;22;10;2020;7:32;0;AV 13 DE MAIO;;;825;;ColisÃ£o;Luz do Dia;;;Meio de Quadra;;;0;1;0;1;0;0;0;0;0;1;0;0;"-3;75150300000";"-38;52734000000";mq_match
363941;22;10;2020;10:37;0;RUA LUIS VIEIRA;;;166;;Atropelamento;Luz do Dia;;;Meio de Quadra;;;0;1;0;0;0;0;0;0;0;1;0;0;"-3;79683828000";"-38;58626270000";mq_qgis
363942;22;10;2020;18:55;0;RUA PEDRO DE SOUZA;;;558;;Queda;;;;Meio de Quadra;;;0;1;0;0;0;0;0;0;0;1;0;0;"-3;85224843000";"-38;50038670000";mq_qgis
363943;22;10;2020;19:09;0;AV GODOFREDO MACIEL;;;;;ColisÃ£o;;;;Meio de Quadra;;;0;2;0;1;0;0;0;0;0;1;0;0;;;
363945;22;10;2020;19:40;0;RUA PDE GUERRA;;;755;;ColisÃ£o;;;;Meio de Quadra;;;0;1;0;0;0;0;0;0;0;0;0;0;"-3;73755836000";"-38;55099990000";mq_qgis
363947;22;10;2020;20:16;0;AV WASHINGTON SOARES;;;;;ColisÃ£o;;;;Meio de Quadra;;;0;1;0;1;0;1;0;0;0;0;0;0;;;
363948;22;10;2020;20:22;0;AV BEZERRA DE MENEZES;;;342;;Queda;;;;Meio de Quadra;;;0;1;0;0;0;1;0;0;0;0;0;0;"-3;73223086000";"-38;54788040000";mq_qgis
363949;22;10;2020;20:57;1257;RUA COSTA BARROS;RUA SILVA PAULET;;;;ColisÃ£o;;;;Cruz;Pare;Residencial;0;1;0;0;0;0;0;0;0;0;0;0;"-3;73256500000";"-38;50479900000";inter_match
363950;22;10;2020;22:17;0;AV JOSE BASTOS;;;4000;;Acidente Pessoal;;;;Meio de Quadra;;;0;2;0;0;0;0;0;0;0;0;0;0;"-3;75329550000";"-38;55375650000";mq_match
363951;22;10;2020;7:54;5466;AV VIS RIO BRANCO;RUA METON DE ALENCAR;;;;ColisÃ£o;Luz do Dia;;;Cruz;SemÃ¡foro;Comercial;0;1;0;0;0;0;0;0;0;1;0;0;"-3;73577000000";"-38;52415300000";inter_match
363955;23;10;2020;9:39;0;AV DIOGUINHO;;;3999;;ColisÃ£o;Luz do Dia;;;Meio de Quadra;;;0;1;1;0;0;0;0;0;0;0;0;0;"-3;75010000000";"-38;44873000000";mq_gpsv
363956;23;10;2020;11:46;0;AV PERIMETRAL;;;669;;ColisÃ£o;Luz do Dia;;;Meio de Quadra;;;0;1;0;1;0;0;0;0;0;1;0;0;;;
363957;23;10;2020;12:06;9069;RUA LAURO MAIA;RUA GUILHERME MOREIRA;;;;ColisÃ£o;Luz do Dia;;;Cruz;Pare;Residencial;0;1;0;1;0;0;0;0;0;0;0;0;"-3;74967300000";"-38;52239900000";inter_match
363958;23;10;2020;12:59;0;RUA JABORANDI;;;1838;;ColisÃ£o;Luz do Dia;;;Meio de Quadra;;;0;1;0;1;0;0;0;0;0;1;0;0;"-3;84268800000";"-38;51875900000";mq_qgis
363960;23;10;2020;14:43;0;RUA GERMANO FRANCK;;;765;;ColisÃ£o;Luz do Dia;;;Meio de Quadra;;;0;1;0;1;0;0;0;0;0;1;0;0;"-3;77790711000";"-38;56278340000";mq_qgis
363961;23;10;2020;15:06;0;RD CE-040;;;;;Atropelamento;Luz do Dia;;;Meio de Quadra;;;0;1;0;0;0;0;0;0;0;0;0;0;;;
363964;23;10;2020;15:14;0;AV GAL OSORIO DE PAIVA;;;;;ColisÃ£o;Luz do Dia;;;Meio de Quadra;;;0;1;0;1;0;0;0;0;0;1;0;0;;;
363965;23;10;2020;15:40;0;RUA JOSE MARTINS;;;1935;;ColisÃ£o;Luz do Dia;;;Meio de Quadra;;;0;1;0;1;0;0;0;0;0;1;0;0;"-3;78646000000";"-38;60940000000";mq_gpsv
363966;23;10;2020;16:16;0;AV GODOFREDO MACIEL;;;393;;ColisÃ£o;Luz do Dia;;;Meio de Quadra;;;0;1;0;1;0;0;0;0;0;1;0;0;"-3;77984564000";"-38;56480520000";mq_qgis
363967;23;10;2020;17:33;0;AV MR HULL;;;5000;;ColisÃ£o;Anoitecer;;;Meio de Quadra;;;0;1;0;0;0;0;1;0;0;1;0;0;"-3;73921061400";"-38;58867060000";mq_match
363968;23;10;2020;17:34;0;RUA MARIA GOMES DE SA;;;;;ColisÃ£o;Anoitecer;;;Meio de Quadra;;;0;1;0;0;0;1;0;0;0;1;0;0;;;
363969;23;10;2020;17:58;0;RUA MARQ DE ABRANTES;;;890;;Acidente Pessoal;Anoitecer;;;Meio de Quadra;;;0;1;0;1;0;0;0;0;0;1;0;0;;;
363972;23;10;2020;18:08;0;RUA PDE VALDEVINO;;;;;Atropelamento;Anoitecer;;;Meio de Quadra;;;0;1;0;0;0;0;0;0;0;1;0;0;;;
363974;23;10;2020;18:13;13534;AV SORIANO ALBUQUERQUE;RUA JOAO CORDEIRO;;;;ColisÃ£o;Anoitecer;;;Cruz;Pare;Residencial;0;1;0;0;0;0;0;0;0;0;0;0;"-3;74787100000";"-38;51945800000";inter_match
363976;23;10;2020;20:13;0;AV GODOFREDO MACIEL;;;922;;ColisÃ£o;;;;Meio de Quadra;;;0;1;0;1;0;0;0;0;0;0;0;0;"-3;78488140000";"-38;56648300000";mq_match
363977;23;10;2020;20:42;0;RUA PDE PERDIGAO SAMPAIO;;;661;;ColisÃ£o;;;;Meio de Quadra;;;0;1;0;1;0;0;0;0;0;1;0;0;"-3;74225500000";"-38;59433100000";mq_match
363978;23;10;2020;21:01;0;AV DOS EXPEDICIONARIOS;;;4474;;ColisÃ£o;;;;Meio de Quadra;;;0;1;0;1;0;0;0;0;0;1;0;0;"-3;75749439400";"-38;53894512000";mq_match
363979;23;10;2020;22:25;0;RUA ROSA LEITE OLIVEIRA;;;1089;;ColisÃ£o;;;;Meio de Quadra;;;0;1;0;1;0;0;0;0;0;1;0;0;"-3;72791000000";"-38;58729000000";mq_gpsv
363980;23;10;2020;23:05;0;RUA CON DE CASTRO;;;3951;;ColisÃ£o;;;;Meio de Quadra;;;0;2;0;1;0;0;0;0;0;1;0;0;;;
364796;23;10;2020;20:50;0;RUA OSCAR ARARIPE;;;3611;;ColisÃ£o;;;;Meio de Quadra;;;0;0;1;0;0;0;0;0;0;0;0;0;"-3;78387000000";"-38;62293900000";mq_match
364797;23;10;2020;14:10;0;AV MAE MANOEL MAVIGNIER;;;6321;;ColisÃ£o;Luz do Dia;;;Meio de Quadra;;;0;0;2;0;0;0;0;0;0;0;0;0;;;
364799;23;10;2020;16:10;0;AV WASHINGTON SOARES;;;2601;;Outros;Luz do Dia;;;Meio de Quadra;;;0;0;1;0;0;0;0;0;0;1;0;0;"-3;78280000000";"-38;48095000000";mq_gpsv
362586;23;10;2020;9:50;5466;AV VIS RIO BRANCO;RUA METON DE ALENCAR;;0;;ColisÃ£o Traseira;Luz do Dia;Bom;Seca;Cruz;SemÃ¡foro;Comercial;0;2;0;0;0;0;0;0;0;1;0;0;"-3;73577000000";"-38;52415300000";inter_match
362587;23;10;2020;10:39;0;RUA NOGUEIRA ACIOLI;;;1462;;NÃ£o Informado;Luz do Dia;Bom;Seca;;;;0;1;1;1;0;0;0;0;0;1;0;0;"-3;73639000000";"-38;51899500000";mq_qgis
362588;23;10;2020;11:37;22990;AV DR SILAS MUNGUBA;RUA AMERICO VESPUCIO;;;;Capotamento;Luz do Dia;Bom;Seca;T;SemÃ¡foro;Comercial;0;0;2;1;0;0;0;0;0;0;0;0;"-3;78656440000";"-38;54987000000";inter_match
362589;23;10;2020;13:00;0;AV GAL OSORIO DE PAIVA;;;2962;;ColisÃ£o Traseira;Luz do Dia;Bom;Seca;;;;0;1;1;0;0;0;0;0;0;1;0;0;"-3;78858500000";"-38;58635150000";mq_match
362590;23;10;2020;19:14;22157;RUA DELMIRO FARIAS;RUA MON FURTADO;;0;;ColisÃ£o Transversal;Anoitecer;Bom;Seca;Cruz;NÃ£o HÃ¡ Controle;Comercial;0;1;1;1;0;0;0;0;0;1;0;0;"-3;74754400000";"-38;55055000000";inter_match
362591;23;10;2020;21:41;0;AV GAL OSORIO DE PAIVA;;;14;;ColisÃ£o Lateral;Via Iluminada;Bom;Seca;Outros;Pare;Residencial;0;1;1;1;0;0;0;0;0;0;0;0;"-3;77179500000";"-38;56229900000";mq_match
362592;23;10;2020;21:21;0;RUA LEONARDO MOTA;;;715;;ColisÃ£o Lateral;Via Iluminada;Bom;Seca;Meio de Quadra;Gesto;Comercial;0;1;1;0;0;0;0;0;0;1;0;0;"-3;73261854500";"-38;49504945000";mq_match