COD_ACIDENTE;DIA;MES;ANO;HORA;INTERSECAO;LOG1;LOG2;LOG3;NUMERO;REFERENCIA;NATUREZA;ILUMINACAO;TEMPO;SUPERFICIEPISTA;TIPOCRUZAMENTO;CONTROLETRAFEGO;USOSOLO;MORTOS;FERIDOS;ILESOS;AUTOMOVEL;ONIBUS;BICICLETA;CAMINHAO;MICROONIBUS;CICLOMOTOR;MOTOCICLETA;TRACAOANIMAL;TREM;LATITUDE;LONGITUDE;METODO
363629;26;10;2020;22:39;0;RUA MARTINS CARVALHO;;;3829;;Queda;;;;Meio de Quadra;;;0;1;0;0;0;0;0;0;0;1;0;0;"-3;78893328000";"-38;62618540000";mq_qgis
362293;26;10;2020;16:30;0;RD BR 116;;;;KM-01;Queda;Luz do Dia;;Seca;Meio de Quadra;;;0;1;0;0;0;0;0;0;0;1;0;0;"-3;76255400000";"-38;51870200000";rod_match
362610;26;10;2020;4:30;19559;RUA CON DE CASTRO;RUA OSVALDO ARANHA;;;;ColisÃ£o Transversal;Via Iluminada;Bom;Seca;T;Pare;Comercial;0;0;1;0;1;0;0;0;0;1;0;0;"-3;78321800000";"-38;57178400000";inter_match
362611;26;10;2020;9:25;0;AV BORGES DE MELO;;;0;SINDIONIBUS;Atropelamento;Luz do Dia;Bom;Seca;Meio de Quadra;NÃ£o HÃ¡ Controle;Residencial;0;1;1;0;0;0;0;0;0;1;0;0;"-3;75606500000";"-38;53470600000";mq_match
362612;26;10;2020;10:11;0;AV HERACLITO GRACA;;;0;BANCO CENTRAL;ColisÃ£o Lateral;Luz do Dia;Bom;Seca;Meio de Quadra;SemÃ¡foro;Comercial;0;0;2;1;0;0;0;0;0;0;0;0;;;
362614;26;10;2020;10:48;11843;AV FRANCISCO SA;RUA JOAO SALGADO;;0;;NÃ£o Informado;Luz do Dia;Bom;Seca;T;Pare;Comercial;0;1;1;1;0;0;0;0;0;1;0;0;"-3;72047500000";"-38;54804300000";inter_match
362615;26;10;2020;13:32;20025;AV HEROIS DO ACRE;RUA JOAQUIM MARTINS;;0;;Choque c/ ObstÃ¡culo Fixo;Luz do Dia;Bom;Seca;T;Pare;Residencial;0;0;2;1;0;0;0;0;0;0;0;0;"-3;80309000000";"-38;54058000000";inter_gpsv
362616;26;10;2020;14:44;1271;RUA JOAQUIM NABUCO;RUA MARCOS MACEDO;;0;;ColisÃ£o Transversal;Luz do Dia;Bom;Seca;Cruz;Pare;Residencial;0;1;1;1;0;0;0;0;0;1;0;0;"-3;73327700000";"-38;50064500000";inter_match
362617;27;10;2020;2:34;13432;AV ANTONIO SALES;AV RUI BARBOSA;;;;ColisÃ£o Lateral;Via Iluminada;Bom;Seca;Cruz;SemÃ¡foro;Comercial;2;0;2;1;0;0;1;0;0;0;0;0;"-3;74261100000";"-38;51156900000";inter_match
362618;27;10;2020;7:40;376;RUA GAL BERNARDO FIGUEIREDO;RUA PRO ANACLETO;;;;ColisÃ£o Lateral;Luz do Dia;Bom;Seca;T;Pare;Comercial;0;2;1;1;0;0;0;0;0;1;0;0;"-3;73959370000";"-38;55186000000";inter_match
362619;27;10;2020;8:05;1394;RUA TORRES CAMARA;RUA TIBURCIO CAVALCANTE;;;;ColisÃ£o Transversal;Luz do Dia;Bom;Seca;Cruz;SemÃ¡foro;Comercial;0;1;2;1;0;0;0;0;0;1;0;0;"-3;73693300000";"-38;50290600000";inter_match
362620;27;10;2020;10:28;19957;AV LUCIANO CARNEIRO;RUA STA QUITERIA;;;;ColisÃ£o Transversal;Luz do Dia;Bom;Seca;Cruz;SemÃ¡foro;Comercial;0;1;1;1;0;0;0;0;0;1;0;0;"-3;76053700000";"-38;53533900000";inter_match
362621;27;10;2020;10:30;0;AV PRS COSTA E SILVA;RUA PAU BRASIL;;0;;ColisÃ£o Transversal;Luz do Dia;Bom;Seca;;;;0;3;0;0;0;0;0;0;0;1;0;0;"-3;82391000000";"-38;54806500000";inter_match
362622;27;10;2020;13:46;0;AV GAL OSORIO DE PAIVA;;;1607;;ColisÃ£o Traseira;Luz do Dia;Bom;Seca;Meio de Quadra;NÃ£o HÃ¡ Controle;Comercial;0;2;0;0;0;0;0;0;0;1;0;0;"-3;78165189000";"-38;57601860000";mq_qgis
362623;27;10;2020;12:53;0;AV SGT HERMINIO SAMPAIO;;;3356;;ColisÃ£o Frontal;Luz do Dia;Bom;Seca;Meio de Quadra;NÃ£o HÃ¡ Controle;Comercial;0;1;1;1;0;0;0;0;0;1;0;0;"-3;72821400000";"-38;57070200000";mq_match
362624;27;10;2020;20:15;5292;RUA COSTA BARROS;RUA GONCALVES LEDO;;0;;ColisÃ£o Transversal;Via Iluminada;Bom;Seca;Cruz;Pare;Comercial;0;1;2;1;0;0;0;0;0;0;0;0;"-3;72908800000";"-38;51542600000";inter_match
362625;27;10;2020;19:40;0;AV VIS RIO BRANCO;;;3260;;Capotamento;Via Iluminada;Bom;Seca;Meio de Quadra;NÃ£o HÃ¡ Controle;Residencial;0;0;2;1;0;0;0;0;0;0;0;0;"-3;74951700000";"-38;52128260000";mq_qgis
362630;27;10;2020;10:30;663;RUA COELHO DA FONSECA;RUA CRUZEIRO DO SUL;;;;ColisÃ£o Lateral;Luz do Dia;Bom;Seca;Cruz;Pare;Comercial;0;1;1;1;0;0;0;0;0;1;0;0;"-3;71379000000";"-38;56115000000";inter_gpsv
362294;27;10;2020;9:05;0;RD BR 116;;;;KM-05;Engavetamento;Luz do Dia;;Seca;Meio de Quadra;;;0;1;2;1;0;0;0;0;0;0;0;0;"-3;79650200000";"-38;50678700000";rod_match
363630;27;10;2020;7:18;15290;RUA JOAQUIM NABUCO;RUA CANUTO DE AGUIAR;;;;Queda;Luz do Dia;;;Cruz;Pare;Residencial;0;1;0;0;0;0;0;0;0;1;0;0;"-3;72936000000";"-38;49939000000";inter_match
363642;27;10;2020;14:55;0;AV SEN FERNANDES TAVORA;;;2501;;ColisÃ£o;Luz do Dia;;;Meio de Quadra;;;0;1;1;1;0;0;0;0;0;1;0;0;"-3;75566600000";"-38;59537100000";mq_match
363638;27;10;2020;13:28;0;AV EDUARDO GIRAO;;;311;;Queda;Luz do Dia;;;Meio de Quadra;;;0;1;0;0;0;0;0;0;0;1;0;0;"-3;75661000000";"-38;52802000000";mq_gpsv
363639;27;10;2020;14:17;25423;AV SANTOS DUMONT;AV ZUCA ACIOLY;;;;ColisÃ£o;Luz do Dia;;;T;Pare;Residencial;0;2;0;1;0;0;0;0;0;1;0;0;"-3;74681600000";"-38;46562300000";inter_match
363640;27;10;2020;14:43;0;AV WASHINGTON SOARES;;;2340;;ColisÃ£o;Luz do Dia;;;Meio de Quadra;;;0;1;1;1;0;0;0;0;0;1;0;0;"-3;77796657200";"-38;48146285700";mq_match
363653;27;10;2020;18:35;0;AV DUQ CAXIAS;;;403;;ColisÃ£o;;;;Meio de Quadra;;;0;1;1;1;0;0;0;0;0;1;0;0;"-3;73240500000";"-38;52795200000";mq_match
363654;27;10;2020;19:34;0;RUA CASTRO E SILVA;;;950;;Atropelamento;;;;Meio de Quadra;;;0;1;1;0;0;0;0;0;0;1;0;0;"-3;72175800000";"-38;53370200000";mq_match
363655;27;10;2020;22:53;0;AV 13 DE MAIO;;;403;;ColisÃ£o;;;;Meio de Quadra;;;0;1;1;1;0;0;0;0;0;1;0;0;"-3;75285700000";"-38;52528900000";mq_gpsv
363632;27;10;2020;7:52;0;RUA POMPILIO GOMES;;;;;ColisÃ£o;Luz do Dia;;;Meio de Quadra;;;0;1;1;0;0;0;0;0;0;1;0;0;;;
363633;27;10;2020;9:29;15370;AV SEN VIRGILIO TAVORA;AV DOM LUIS;;;;ColisÃ£o;Luz do Dia;;;Cruz;SemÃ¡foro;Lazer;0;2;0;0;0;0;0;0;0;1;0;0;"-3;73482900000";"-38;49250700000";inter_match
363634;27;10;2020;10:04;25729;RUA ANTONIO POMPEU;AV TRISTAO GONCALVES;;;;ColisÃ£o;Luz do Dia;;;Cruz;SemÃ¡foro;Comercial;0;1;1;0;0;0;0;0;0;0;0;0;"-3;73338800000";"-38;53508800000";inter_match
363635;27;10;2020;11:53;9250;RUA COS TRISTAO;AV FELINO BARROSO;;;;ColisÃ£o;Luz do Dia;;;;;;0;1;1;1;0;0;0;0;0;1;0;0;"-3;74422000000";"-38;52852000000";inter_gpsv
363636;27;10;2020;12:20;0;AV ALBERTO CRAVEIRO;;;;;Queda;Luz do Dia;;;Meio de Quadra;;;0;1;0;0;0;0;0;0;0;1;0;0;;;
363644;27;10;2020;16:21;10695;RUA MON HIPOLITO BRASIL;RUA PRO HERIBALDO COSTA;;;;ColisÃ£o;Luz do Dia;;;Cruz;SemÃ¡foro;Residencial;0;1;1;0;0;0;1;0;0;1;0;0;"-3;75706900000";"-38;58227500000";inter_match
363645;27;10;2020;16:54;1159;RUA MANUEL TEIXEIRA;RUA OLIMPIO LEITE;;;;ColisÃ£o;Luz do Dia;;;Cruz;Gesto;Residencial;0;1;1;1;0;0;0;0;0;1;0;0;"-3;81682900000";"-38;47932900000";inter_match
363646;27;10;2020;17:20;0;AV JOSE JATAHY;;;944;;ColisÃ£o;Anoitecer;;;Meio de Quadra;;;0;2;1;1;0;0;0;0;0;1;0;0;"-3;72957390000";"-38;54517210000";mq_match
363647;27;10;2020;17:28;0;RUA ROMEU MARTINS;;;43;;ColisÃ£o;Anoitecer;;;Meio de Quadra;;;0;1;1;1;0;0;0;0;0;1;0;0;"-3;76291000000";"-38;55768000000";mq_gpsv
363648;27;10;2020;17:43;0;AV SEN CARLOS JEREISSATI (AEROPORTO);;;;;ColisÃ£o;Anoitecer;;;Meio de Quadra;;;0;1;1;1;0;0;0;0;0;1;0;0;;;
363649;27;10;2020;18:00;0;AV FRE CIRILO;;;;;Queda;Anoitecer;;;Meio de Quadra;;;0;1;0;0;0;1;0;0;0;0;0;0;;;
363650;27;10;2020;18:04;0;AV CEL CARVALHO;;;3621;;ColisÃ£o;Anoitecer;;;Meio de Quadra;;;0;3;0;0;0;0;0;0;0;0;0;0;"-3;70361340000";"-38;59150300000";mq_match
363271;27;10;2020;18:10;18302;RUA DRAGAO DO MAR;RUA SEN ALMINO;;;;ColisÃ£o Lateral;Anoitecer;Bom;Seca;Cruz;Gesto;Comercial;0;1;2;1;0;0;0;0;0;1;0;0;"-3;72181600000";"-38;51791900000";inter_match
363297;27;10;2020;10:00;5964;RUA 442 CJ CEARA;RUA 436 CJ CEARA;;;;Queda;Luz do Dia;Bom;Seca;Com Via FÃ©rrea;NÃ£o HÃ¡ Controle;Residencial;0;0;1;0;0;0;0;0;0;1;0;0;"-3;76275900000";"-38;60480100000";inter_gpsv
363137;27;10;2020;11:23;0;AV SEN FERNANDES TAVORA;;;1172;;ColisÃ£o;Luz do Dia;;;Meio de Quadra;;;0;1;0;1;0;0;0;0;0;1;0;0;"-3;76178400000";"-38;58292400000";mq_qgis
363117;27;10;2020;6:54;11242;AV DR SILAS MUNGUBA;RUA DUARTE PIMENTEL;;;;ColisÃ£o;Luz do Dia;;;T;Pare;Comercial;0;1;0;1;0;0;0;0;0;1;0;0;"-3;78943000000";"-38;54293000000";inter_gpsv
363323;28;10;2020;17:30;7762;AV ANTONIO SALES;RUA NUNES VALENTE;;;;ColisÃ£o Transversal;Anoitecer;Bom;Seca;Cruz;Pare;Residencial;0;0;2;1;0;0;0;0;0;1;0;0;"-3;74423700000";"-38;50631400000";inter_match
363656;28;10;2020;0:33;0;AV ANTONIO SALES;;;3525;;ColisÃ£o;;;;Meio de Quadra;;;0;1;1;0;0;0;0;0;0;0;0;0;"-3;74925700000";"-38;49003900000";mq_match
363657;28;10;2020;7:53;9531;RUA 23 DE JUNHO;RUA SGT BARBOSA D70;;;;ColisÃ£o;Luz do Dia;;;;;;0;1;1;1;0;0;0;0;0;1;0;0;"-3;81527000000";"-38;54283000000";inter_gpsv
363659;28;10;2020;7:56;10044;RUA EMILIO DE MENESES;RUA ANTONIO NERY;;;;ColisÃ£o;Luz do Dia;;;Cruz;SemÃ¡foro;Comercial;0;1;1;1;0;0;0;0;0;1;0;0;"-3;77816200000";"-38;60020400000";inter_match
363662;28;10;2020;8:38;0;AV PONTES VIEIRA;;;52;;Atropelamento;Luz do Dia;;;Meio de Quadra;;;0;1;1;0;0;0;0;0;0;1;0;0;"-3;75343800000";"-38;52010300000";mq_match
363663;28;10;2020;9:43;1592;RUA CAROLINA SUCUPIRA;RUA CEL JUCA;;;;ColisÃ£o;Luz do Dia;;;Cruz;Pare;Residencial;0;1;1;1;0;0;0;0;0;1;0;0;"-3;74338900000";"-38;49311400000";inter_match
363664;28;10;2020;12:36;0;RUA COS ARAUJO LIMA;;;1377;;Queda;Luz do Dia;;;Meio de Quadra;;;0;1;0;0;0;0;0;0;0;1;0;0;"-3;75003600000";"-38;59009600000";mq_qgis
363669;28;10;2020;14:23;0;AV SEN FERNANDES TAVORA;;;1648;;ColisÃ£o;Luz do Dia;;;Meio de Quadra;;;0;1;1;1;0;0;0;0;0;1;0;0;"-3;75939800000";"-38;58737700000";mq_qgis
363666;28;10;2020;12:42;0;RUA RAIMUNDO ARISTIDES;;;335;;ColisÃ£o;Luz do Dia;;;Meio de Quadra;;;0;1;1;0;0;0;0;0;0;0;0;0;"-3;82048980000";"-38;58914520000";mq_qgis
363671;28;10;2020;16:34;0;RUA MANUEL ARRUDA;;;256;;ColisÃ£o;Luz do Dia;;;Meio de Quadra;;;0;1;1;1;0;0;0;0;0;1;0;0;"-3;82820124000";"-38;50705280000";mq_qgis
363673;28;10;2020;16:36;0;RUA ISABEL;;;;;Queda;Luz do Dia;;;Meio de Quadra;;;0;1;0;0;0;0;0;0;0;1;0;0;;;
363674;28;10;2020;18:02;0;RUA ABILIO FARIAS;;;407;;Atropelamento;Anoitecer;;;Meio de Quadra;;;0;1;1;1;0;0;0;0;0;0;0;0;"-3;74921000000";"-38;58221000000";mq_gpsv
363675;28;10;2020;18:35;0;RUA LUIS VIEIRA;;;381;;ColisÃ£o;;;;Meio de Quadra;;;0;1;1;0;0;0;0;0;0;0;0;0;"-3;79485000000";"-38;58706400000";mq_match
363676;28;10;2020;18:55;17584;RUA MATO GROSSO;RUA PARA;;;;ColisÃ£o;;;;Cruz;Pare;Residencial;0;1;1;0;0;0;0;0;0;1;0;0;"-3;75565700000";"-38;56313100000";inter_match
363677;28;10;2020;20:25;0;RD BR 116;;;;;Atropelamento;;;;Meio de Quadra;;;0;1;1;0;0;0;0;0;0;1;0;0;;;
363678;28;10;2020;22:53;0;AV PRS CASTELO BRANCO;;;;;ColisÃ£o;;;;Meio de Quadra;;;0;1;1;0;0;0;0;0;0;0;0;0;;;
363679;28;10;2020;23:54;0;AV SGT HERMINIO SAMPAIO;;;2505;;ColisÃ£o;;;;Meio de Quadra;;;0;1;1;1;0;0;0;0;0;1;0;0;"-3;72681700000";"-38;56300400000";mq_match
362627;28;10;2020;7:39;21319;RUA GUSTAVO SAMPAIO;RUA JOSE SOMBRA;;;;ColisÃ£o Transversal;Luz do Dia;Bom;Seca;Cruz;Pare;Residencial;0;1;1;1;0;0;0;0;0;1;0;0;"-3;73334900000";"-38;54726000000";inter_match
362628;28;10;2020;13:27;5402;RUA VINTE E QUATRO DE MAIO;RUA METON DE ALENCAR;;;;ColisÃ£o Transversal;Luz do Dia;Bom;Seca;Cruz;Pare;Comercial;0;2;1;1;0;0;0;0;0;1;0;0;"-3;73262600000";"-38;53384800000";inter_match
364838;28;10;2020;18:34;25727;RUA 701 CJ CEARA;RUA MIN ALBUQUERQUE LIMA;;;;ColisÃ£o;;;;Cruz;Pare;Comercial;0;0;2;0;0;0;1;0;0;0;0;0;"-3;77015000000";"-38;59823200000";inter_match
364840;29;10;2020;21:40;0;AV PRS CASTELO BRANCO;;;3732;;ColisÃ£o;;;;Meio de Quadra;;;0;0;2;0;1;0;0;0;0;1;0;0;"-3;70942500000";"-38;56540400000";mq_qgis
363922;29;10;2020;17:58;0;AV WASHINGTON SOARES;;;;;ColisÃ£o;Anoitecer;;;Meio de Quadra;;;0;1;1;1;0;0;0;0;0;1;0;0;;;
363917;29;10;2020;17:54;13257;AV F CJ JOSE WALTER;AV I CJ JOSE WALTER;;;;ColisÃ£o;Anoitecer;;;Cruz;Pare;Rural;0;2;0;0;0;0;0;0;0;1;0;0;"-3;83672700000";"-38;55424300000";inter_match
363911;29;10;2020;17:38;0;RD QUARTO ANEL VIARIO;;;;;Queda;Anoitecer;;;Meio de Quadra;;;0;1;0;0;0;0;0;0;0;1;0;0;;;
363902;29;10;2020;17:58;0;AV ZEZE DIOGO;;;911;;Atropelamento;Anoitecer;;;Meio de Quadra;;;1;0;1;0;1;0;0;0;0;0;0;0;"-3;71479020000";"-38;46572020000";mq_qgis
363897;29;10;2020;13:37;0;AV GODOFREDO MACIEL;;;5900;;ColisÃ£o;Luz do Dia;;;Meio de Quadra;;;0;1;1;1;0;0;0;0;0;1;0;0;"-3;82642218000";"-38;57948370000";mq_qgis
363898;29;10;2020;13:55;5297;AV DUQ CAXIAS;RUA TEREZA CRISTINA;;;;ColisÃ£o;Luz do Dia;;;Cruz;SemÃ¡foro;Comercial;0;1;1;1;0;0;0;0;0;1;0;0;"-3;72933500000";"-38;53745200000";inter_match
363899;29;10;2020;15:30;6577;AV H CJ CEARA;RUA 916 CJ CEARA;;;;ColisÃ£o;Luz do Dia;;;Duplo T;NÃ£o HÃ¡ Controle;Residencial;0;2;0;0;0;0;0;0;0;1;0;0;"-3;77667400000";"-38;61804300000";inter_match
363895;29;10;2020;11:41;0;AV ZEZE DIOGO;;;1231;;ColisÃ£o;Luz do Dia;;;Meio de Quadra;;;0;1;1;1;0;0;0;0;0;1;0;0;"-3;71800274000";"-38;46427170000";mq_qgis
363909;29;10;2020;16:18;0;AV C CJ CEARA;;;297;;Queda;Luz do Dia;;;Meio de Quadra;;;0;1;0;0;0;0;0;0;0;1;0;0;"-3;76130900000";"-38;60901200000";mq_qgis
364097;29;10;2020;18:56;0;LOGRADOURO SEM NOME;;;;;Atropelamento;;;;Meio de Quadra;;;0;1;1;1;0;0;0;0;0;0;0;0;;;
364099;29;10;2020;20:13;0;AV JOR THOMAZ COELHO;;;2245;;ColisÃ£o;;;;Meio de Quadra;;;0;1;1;0;0;0;0;0;0;1;0;0;"-3;82802288000";"-38;51584960000";mq_qgis
364100;29;10;2020;20:21;13021;AV I CJ JOSE WALTER;AV A CJ JOSE WALTER;;;;ColisÃ£o;;;;Cruz;Pare;Residencial;0;1;1;1;0;0;0;0;0;1;0;0;"-3;82583400000";"-38;55093500000";inter_match
364101;29;10;2020;20:33;0;AV SEN CARLOS JEREISSATI (AEROPORTO);;;580;;ColisÃ£o;;;;Meio de Quadra;;;0;1;1;1;0;1;0;0;0;0;0;0;"-3;78328000000";"-38;52298000000";mq_gpsv
364102;29;10;2020;23:02;3502;RUA MUCAMBINHO (MESSEJANA);RUA MANUEL ARRUDA;;;;ColisÃ£o;;;;Cruz;NÃ£o HÃ¡ Controle;Comercial;0;1;1;1;0;0;0;0;0;1;0;0;"-3;82827900000";"-38;50673600000";inter_match
364095;29;10;2020;18:41;0;RUA COM GARCIA;;;992;;ColisÃ£o;;;;Meio de Quadra;;;0;1;1;1;0;0;0;0;0;1;0;0;"-3;79280400000";"-38;58288900000";mq_qgis
363854;29;10;2020;7:54;0;AV FRANCISCO SA;;;3907;;Atropelamento;Luz do Dia;;;Meio de Quadra;;;0;1;1;0;0;0;0;0;0;1;0;0;"-3;71659330000";"-38;55990000000";mq_match
363855;29;10;2020;11:06;0;RUA PDE JANUARIO CAMPOS;;;34;;ColisÃ£o;Luz do Dia;;;Meio de Quadra;;;0;1;1;1;0;0;0;0;0;1;0;0;"-3;79114000000";"-38;48915000000";mq_gpsv
362629;29;10;2020;6:42;1360;RUA JOAQUIM NABUCO;RUA DES LEITE ALBUQUERQUE;;;;ColisÃ£o Transversal;Luz do Dia;Bom;Seca;Cruz;Pare;Comercial;0;3;1;1;0;0;0;0;0;1;0;0;"-3;73627300000";"-38;50162100000";inter_match
362631;29;10;2020;7:00;0;RUA VALPARAISO;;;663;;ColisÃ£o Traseira;Luz do Dia;Bom;Seca;Meio de Quadra;Pare;Comercial;0;1;1;0;1;0;0;0;0;1;0;0;"-3;84392943000";"-38;52612810000";mq_qgis
362632;29;10;2020;9:57;15531;AV FRE CIRILO;RUA PAULO SETUBAL;;;;ColisÃ£o Transversal;Luz do Dia;Bom;Seca;Outros;SemÃ¡foro;Comercial;0;1;1;1;0;0;0;0;0;1;0;0;"-3;82050200000";"-38;49602800000";inter_match
362633;29;10;2020;17:27;0;RUA MONTE LIBANO;;;776;;ColisÃ£o Lateral;Luz do Dia;Bom;Seca;;;;0;1;1;1;1;0;0;0;0;0;0;0;"-3;82624000000";"-38;56320000000";mq_gpsv
363325;29;10;2020;18:27;0;AV GOV RAUL BARBOSA;;;5482;;Atropelamento;Anoitecer;Bom;Seca;Meio de Quadra;NÃ£o HÃ¡ Controle;Residencial;0;2;1;0;0;0;0;0;0;1;0;0;"-3;76748600000";"-38;50938200000";mq_match
363377;30;10;2020;13:30;1383;RUA MARCOS MACEDO;RUA MON CATAO;;;;ColisÃ£o Transversal;Luz do Dia;Bom;Seca;Cruz;Pare;Comercial;0;2;0;1;0;0;0;0;0;1;0;0;"-3;73684980000";"-38;48993000000";inter_match
363375;30;10;2020;9:00;26176;AV ODILON GUIMARAES;RUA AFONSO HENRIQUE;;;;ColisÃ£o Frontal;Luz do Dia;Bom;Seca;T;Pare;Comercial;0;1;2;1;0;0;0;0;0;1;0;0;"-3;82672000000";"-38;48033000000";inter_match
363366;30;10;2020;17:23;0;RUA GONCALVES DIAS;;;260;;ColisÃ£o Frontal;Anoitecer;Bom;Seca;Meio de Quadra;NÃ£o HÃ¡ Controle;Residencial;0;1;1;1;0;0;0;0;0;1;0;0;"-3;74172614000";"-38;55374090000";mq_qgis
362634;30;10;2020;7:30;20042;AV PRS JUSCELINO KUBITSCHEK (PASSARÃ‰);AV DR SILAS MUNGUBA;;0;ROTATÃ“RIA CASTELÃƒO;ColisÃ£o Transversal;Luz do Dia;Bom;Seca;RotatÃ³ria;DÃª PreferÃªncia;Lazer;0;1;1;1;0;0;0;0;0;1;0;0;"-3;80213000000";"-38;52933000000";inter_gpsv
362635;30;10;2020;8:18;23433;RUA MON SALAZAR;RUA PRO CARVALHO;;;;ColisÃ£o Transversal;Luz do Dia;Bom;Seca;Cruz;Pare;Comercial;0;2;0;1;0;0;0;0;0;1;0;0;"-3;75614600000";"-38;51430800000";inter_match
362636;30;10;2020;7:46;0;AV JOAO PESSOA;RUA PDE MACEDO;;4633;;ColisÃ£o;Luz do Dia;Bom;Seca;Meio de Quadra;Pare;Comercial;0;1;1;1;0;0;0;0;0;1;0;0;"-3;74572000000";"-38;54343000000";inter_gpsv
362637;30;10;2020;11:05;7762;AV ANTONIO SALES;RUA NUNES VALENTE;;0;;ColisÃ£o Lateral;Luz do Dia;Bom;Seca;Cruz;Pare;Residencial;0;0;2;1;0;0;0;0;0;0;0;0;"-3;74423700000";"-38;50631400000";inter_match
362638;30;10;2020;14:13;0;AV JOSE BASTOS;;;3830;;Engavetamento;Luz do Dia;Bom;Seca;T;NÃ£o HÃ¡ Controle;Comercial;0;0;0;1;0;0;0;0;0;0;0;0;"-3;75191100000";"-38;55236300000";mq_match
362639;30;10;2020;14:34;0;RUA PDE GUERRA;;;1268;;ColisÃ£o Lateral;Luz do Dia;Bom;Seca;Meio de Quadra;Pare;Comercial;0;1;1;1;0;0;0;0;0;1;0;0;"-3;73861850000";"-38;55614350000";mq_qgis
362640;30;10;2020;18:20;0;AV AUGUSTO DOS ANJOS;;;180;;ColisÃ£o Lateral;Via Iluminada;Bom;Seca;Meio de Quadra;SemÃ¡foro;Comercial;0;0;0;1;0;0;0;0;0;0;0;0;"-3;77058300000";"-38;57065200000";mq_match
362641;30;10;2020;20:15;0;RUA SENA MADUREIRA;;;723;;ColisÃ£o Traseira;Via Iluminada;Bom;Seca;Meio de Quadra;NÃ£o HÃ¡ Controle;Comercial;0;1;2;1;0;0;0;0;0;0;0;0;"-3;72666164300";"-38;52591328600";mq_match
362646;30;10;2020;7:01;19683;RUA PRO JOSE DE BARCELOS;RUA AZEVEDO BOLAO;;;;ColisÃ£o Traseira;Luz do Dia;Bom;Seca;Cruz;SemÃ¡foro;Residencial;0;1;1;1;0;0;0;0;0;1;0;0;"-3;73519600000";"-38;55061000000";inter_match
364107;30;10;2020;9:24;303;RUA TIP SALES;RUA ROTARY;;;;ColisÃ£o;Luz do Dia;;;Meio de Quadra;Pare;Residencial;0;1;1;1;0;0;0;0;0;1;0;0;"-3;74355300000";"-38;56356400000";inter_match
364110;30;10;2020;11:17;0;AV GAL OSORIO DE PAIVA;;;;;Atropelamento;Luz do Dia;;;Meio de Quadra;;;0;1;1;0;0;0;0;0;0;0;0;0;;;
364111;30;10;2020;11:34;6543;RUA 916 CJ CEARA;RUA 910 CJ CEARA;;;;ColisÃ£o;Luz do Dia;;;;;;0;1;1;1;0;1;0;0;0;0;0;0;"-3;77502200000";"-38;61762300000";inter_gpsv
364112;30;10;2020;14:04;0;RUA EDUARDO PERDIGAO;;;398;;ColisÃ£o;Luz do Dia;;;Meio de Quadra;;;0;1;1;0;0;0;0;0;0;1;0;0;"-3;77776200000";"-38;56181800000";mq_qgis
364113;30;10;2020;17:54;0;RUA LAURO NOGUEIRA;;;957;;ColisÃ£o;Anoitecer;;;Meio de Quadra;;;0;1;1;1;0;1;0;0;0;0;0;0;"-3;74030000000";"-38;47746000000";mq_gpsv
364103;30;10;2020;3:20;1279;RUA OSVALDO CRUZ (ALDEOTA);AV DOM LUIS;;;;ColisÃ£o;;;;Cruz;SemÃ¡foro;Comercial;0;1;1;0;0;0;0;0;0;1;0;0;"-3;73261600000";"-38;49935300000";inter_match
364104;30;10;2020;7:16;0;RUA BERNARDO MANUEL;;;9977;;ColisÃ£o;Luz do Dia;;;Meio de Quadra;;;0;1;1;1;0;1;0;0;0;0;0;0;"-3;80388800000";"-38;55296200000";mq_match
364173;30;10;2020;17:57;0;AV WASHINGTON SOARES;;;1321;;Atropelamento;Anoitecer;;;Meio de Quadra;;;0;1;1;0;0;0;0;0;0;0;0;0;"-3;76649600000";"-38;48243300000";mq_match
364178;30;10;2020;18:03;3956;RUA PEDRO MACHADO;RUA JULIO CESAR D12;;;;ColisÃ£o;Anoitecer;;;Cruz;NÃ£o HÃ¡ Controle;Residencial;0;1;1;1;0;0;0;0;0;1;0;0;"-3;75610200000";"-38;54809500000";inter_match
364179;30;10;2020;18:20;0;AV CEL CARVALHO;;;1627;;ColisÃ£o;Anoitecer;;;Meio de Quadra;;;0;1;1;1;0;0;0;0;0;1;0;0;"-3;71587780000";"-38;58833450000";mq_match
364180;30;10;2020;18:37;0;RUA CANDIDO MAIA;;;;;ColisÃ£o;;;;Meio de Quadra;;;0;1;1;1;0;0;0;0;0;1;0;0;;;
364181;30;10;2020;19:28;0;AV BENJAMIM BRASIL;;;1685;;ColisÃ£o;;;;Meio de Quadra;;;0;1;1;1;0;0;0;0;0;1;0;0;"-3;80707893300";"-38;56081148000";mq_match
364184;30;10;2020;21:42;17383;RUA BAR SOBRAL;RUA EUZEBIO DE QUEIROS;;;;ColisÃ£o;;;;Cruz;Pare;Residencial;0;1;1;1;0;0;0;0;0;1;0;0;"-3;76705100000";"-38;55412100000";inter_match