COD_ACIDENTE;DIA;MES;ANO;HORA;INTERSECAO;LOG1;LOG2;LOG3;NUMERO;REFERENCIA;NATUREZA;ILUMINACAO;TEMPO;SUPERFICIEPISTA;TIPOCRUZAMENTO;CONTROLETRAFEGO;USOSOLO;MORTOS;FERIDOS;ILESOS;AUTOMOVEL;ONIBUS;BICICLETA;CAMINHAO;MICROONIBUS;CICLOMOTOR;MOTOCICLETA;TRACAOANIMAL;TREM;LATITUDE;LONGITUDE;METODO
364185;30;10;2020;22:04;0;RD BR 116;;;;;ColisÃ£o;;;;Meio de Quadra;;;0;1;1;0;0;0;0;0;0;0;0;0;;;
364187;30;10;2020;22:59;0;AV PAROARAS;;;1084;;ColisÃ£o;;;;Meio de Quadra;;;0;3;0;0;0;0;0;0;0;0;0;0;"-3;80866257000";"-38;54390270000";mq_qgis
364189;30;10;2020;23:18;0;LOGRADOURO SEM NOME;;;;;ColisÃ£o;;;;Meio de Quadra;;;0;1;1;0;0;0;0;0;0;0;0;0;;;
364841;30;10;2020;8:30;0;RUA WALDIR DIOGO;;;597;;Outros;Luz do Dia;;;Meio de Quadra;;;0;0;2;1;1;0;0;0;0;0;0;0;"-3;80581300000";"-38;58312100000";mq_qgis
364843;31;10;2020;15:00;0;RUA EDUARDO PERDIGAO;;;;;Outros;Luz do Dia;;;Meio de Quadra;;;0;0;2;0;1;0;0;0;0;0;0;0;;;
364845;31;10;2020;0:30;0;AV PAROARAS;;;1084;;ColisÃ£o;;;;Meio de Quadra;;;0;0;2;0;0;1;0;0;0;1;0;0;"-3;80866257000";"-38;54390270000";mq_qgis
363923;31;10;2020;6:21;3789;AV 13 DE MAIO;RUA WALDERY UCHOA;;;;Atropelamento;Luz do Dia;;;Cruz;DÃª PreferÃªncia;Comercial;1;0;1;1;0;0;0;0;0;0;0;0;"-3;74239900000";"-38;53742700000";inter_match
364195;31;10;2020;1:43;0;AV MR HULL;;;5286;;ColisÃ£o;;;;Meio de Quadra;;;0;2;1;1;0;0;0;0;0;1;0;0;"-3;73967700000";"-38;59163900000";mq_qgis
364206;31;10;2020;5:33;0;AV 13 DE MAIO;;;;;ColisÃ£o;Amanhecer;;;Meio de Quadra;;;0;1;1;1;0;0;0;0;0;1;0;0;;;
364207;31;10;2020;6:16;19224;AV SANTOS DUMONT;RUA FRANCISCO MATOS;;;;ColisÃ£o;Luz do Dia;;;Cruz;SemÃ¡foro;Residencial;0;1;1;0;0;0;0;0;0;0;0;0;"-3;74549700000";"-38;46967500000";inter_match
364287;31;10;2020;15:06;0;RUA REINO UNIDO;;;180;;Queda;Luz do Dia;;;Meio de Quadra;;;0;1;0;0;0;0;0;0;0;1;0;0;"-3;78465600000";"-38;50426200000";mq_qgis
364288;31;10;2020;15:34;0;RUA NOSSA SRA DAS GRACAS;;;1124;;Atropelamento;Luz do Dia;;;Meio de Quadra;;;0;1;1;0;0;0;0;0;0;1;0;0;"-3;70829597000";"-38;55967400000";mq_qgis
364289;31;10;2020;15:52;0;AV GODOFREDO MACIEL;;;3399;;ColisÃ£o;Luz do Dia;;;Meio de Quadra;;;0;1;1;1;0;0;0;0;0;1;0;0;"-3;80485700000";"-38;57253600000";mq_match
364290;31;10;2020;16:15;20042;AV DR SILAS MUNGUBA;AV DEP PAULINO ROCHA;;;;Queda;Luz do Dia;;;;;;0;1;0;0;0;0;0;0;0;1;0;0;"-3;80722900000";"-38;52478200000";inter_match
364291;31;10;2020;17:06;19688;RUA AZEVEDO BOLAO;RUA PRO RAIMUNDO ARRUDA;;;;ColisÃ£o;Anoitecer;;;Cruz;Gesto;Comercial;0;1;1;1;0;0;0;0;0;1;0;0;"-3;73541400000";"-38;55170100000";inter_match
364292;31;10;2020;17:19;0;RUA PROF. MANOEL LOURENCO;;;;;ColisÃ£o;Anoitecer;;;Meio de Quadra;;;0;1;1;1;0;0;0;0;0;1;0;0;;;
364293;31;10;2020;18:01;0;RUA TEODOMIRO DE CASTRO;;;6478;;Atropelamento;Anoitecer;;;Meio de Quadra;;;0;1;1;0;0;0;0;0;0;1;0;0;"-3;71628614000";"-38;57832940000";mq_qgis
364294;31;10;2020;19:06;0;RUA DR QUIXADA FELICIO;;;605;;Atropelamento;;;;Meio de Quadra;;;0;1;1;1;0;0;0;0;0;0;0;0;"-3;70940000000";"-38;59843000000";mq_gpsv
364295;31;10;2020;18:01;0;RUA TEODORO DE CASTRO;;;900;;Queda;Anoitecer;;;Meio de Quadra;;;0;1;0;0;0;1;0;0;0;0;0;0;"-3;78146800000";"-38;59894300000";mq_qgis
364296;31;10;2020;20:19;0;RUA CONTORNO DA UNIFOR;;;;;Atropelamento;;;;Meio de Quadra;;;0;1;1;0;0;0;0;0;0;0;0;0;;;
364297;31;10;2020;22:23;0;AV C CJ CEARA;;;1829;;Queda;;;;Meio de Quadra;;;0;1;0;0;0;0;0;0;0;1;0;0;"-3;77438400000";"-38;61582600000";mq_match
364298;31;10;2020;22:41;0;RUA PDE FRANCISCO PINTO;;;990;;ColisÃ£o;;;;Meio de Quadra;;;0;1;1;0;0;0;0;0;0;1;0;0;;;
364269;31;10;2020;7:34;0;AV DEP PAULINO ROCHA;;;33;;Atropelamento;Luz do Dia;;;Meio de Quadra;;;0;1;1;0;0;0;0;0;0;1;0;0;"-3;80103200000";"-38;50731100000";mq_match
364270;31;10;2020;7:47;2788;RUA ITU;RUA DR FERNANDO AUGUSTO;;;;ColisÃ£o;Luz do Dia;;;;;;0;1;1;1;0;0;0;0;0;1;0;0;"-3;79302200000";"-38;60331900000";inter_match
364271;31;10;2020;8:56;21372;AV JOVITA FEITOSA;RUA JOSE SOMBRA;;;;ColisÃ£o;Luz do Dia;;;T;SemÃ¡foro;Residencial;0;1;1;1;0;0;0;0;0;1;0;0;"-3;73776300000";"-38;54630100000";inter_match
364272;31;10;2020;12:39;0;AV HIS RAIMUNDO GIRAO;;;91;;ColisÃ£o;Luz do Dia;;;Meio de Quadra;;;0;1;1;1;0;0;0;0;0;1;0;0;"-3;72030000000";"-38;51510000000";mq_match
364273;31;10;2020;12:44;18743;RUA VALPARAISO;RUA CATOLE;;;;Queda;Luz do Dia;;;Cruz;SemÃ¡foro;Comercial;0;1;0;0;0;0;0;0;0;1;0;0;"-3;84640700000";"-38;52017100000";inter_match
364274;31;10;2020;12:55;0;RUA LUIS VIEIRA;;;284;;ColisÃ£o;Luz do Dia;;;Meio de Quadra;;;0;1;1;1;0;0;0;0;0;1;0;0;"-3;79579100000";"-38;58669000000";mq_match
364276;31;10;2020;13:26;0;AV TRISTAO GONCALVES;;;613;;Atropelamento;Luz do Dia;;;Meio de Quadra;;;0;1;1;1;0;0;0;0;0;0;0;0;"-3;72703417000";"-38;53317810000";mq_qgis
364278;31;10;2020;13:39;0;AV FRANCISCO SA;;;3447;;Atropelamento;Luz do Dia;;;Meio de Quadra;;;0;1;1;0;0;0;0;0;0;1;0;0;"-3;71791900000";"-38;55582200000";mq_match
364280;31;10;2020;14:49;0;RUA RECANTO VERDE;;;;;Queda;Luz do Dia;;;Meio de Quadra;;;0;1;0;0;0;0;0;0;0;1;0;0;;;
364281;31;10;2020;14:58;0;RUA BARTOLOMEU DE GUSMAO;;;840;;Atropelamento;Luz do Dia;;;Meio de Quadra;;;0;1;1;0;0;0;0;0;0;1;0;0;"-3;75750450000";"-38;52506150000";mq_qgis
364282;31;10;2020;15:02;0;AV PRS COSTA E SILVA;;;;;ColisÃ£o;Luz do Dia;;;Meio de Quadra;;;0;1;1;0;0;0;0;0;0;1;0;0;;;
364285;31;10;2020;15:06;14421;AV SGT HERMINIO SAMPAIO;RUA PDE ANCHIETA;;;;ColisÃ£o;Luz do Dia;;;Cruz;SemÃ¡foro;Comercial;0;1;1;1;0;0;0;0;0;1;0;0;"-3;72469300000";"-38;55107900000";inter_match
362642;31;10;2020;7:47;9246;AV 13 DE MAIO;RUA BAR RIO BRANCO;;;;NÃ£o Informado;Amanhecer;Nublado;Molhada;Cruz;SemÃ¡foro;Comercial;0;0;1;0;1;0;0;0;0;1;0;0;"-3;74512900000";"-38;53425500000";inter_match
362643;31;10;2020;10:26;25847;RUA MONTE PASCOAL;RUA ALVES DE SOUZA;;;;Atropelamento;Luz do Dia;Bom;Seca;;NÃ£o HÃ¡ Controle;Comercial;0;2;0;0;0;0;0;0;0;1;0;0;"-3;80579000000";"-38;59763000000";inter_gpsv
362298;31;10;2020;9:40;0;RD BR 222;;;;KM-02;Queda;Luz do Dia;;Seca;Meio de Quadra;;;0;4;1;1;0;0;0;0;0;1;0;0;"-3;74036240000";"-38;59699610000";rod_match
362296;31;10;2020;9:00;0;AV MR HULL;;;;;ColisÃ£o Lateral;Luz do Dia;;Molhada;Meio de Quadra;;;0;2;1;1;0;0;0;0;0;1;0;0;;;
363397;31;10;2020;13:00;0;AV ENG LUIS VIEIRA;;;;;ColisÃ£o Lateral;Luz do Dia;Bom;Seca;Meio de Quadra;Pare;Residencial;0;1;1;1;0;0;0;0;0;1;0;0;;;
363402;31;10;2020;2:15;0;RUA DR JOSE LOURENCO;;;2270;;ColisÃ£o Traseira;Via Iluminada;Nublado;Seca;Meio de Quadra;NÃ£o HÃ¡ Controle;Residencial;0;0;3;1;0;0;0;0;0;0;0;0;"-3;74362517000";"-38;51066750000";mq_qgis
363380;31;10;2020;16:47;0;AV CASTELO DE CASTRO;;;574;;ColisÃ£o Lateral;Luz do Dia;Bom;Seca;Meio de Quadra;SemÃ¡foro;Comercial;0;2;1;0;0;0;0;0;0;1;0;0;"-3;83428222000";"-38;52160280000";mq_qgis
363381;31;10;2020;14:15;5508;RUA FLORIANO PEIXOTO;RUA LIBERATO BARROSO;;;;ColisÃ£o Transversal;Luz do Dia;Bom;Seca;Cruz;Outros;Comercial;0;0;3;1;0;0;0;0;0;1;0;0;"-3;72865000000";"-38;52756000000";inter_gpsv
363386;31;10;2020;20:50;0;AV GAL OSORIO DE PAIVA;;;5852;;ColisÃ£o Traseira;Via Iluminada;Bom;Seca;Meio de Quadra;SemÃ¡foro;Residencial;1;1;0;1;0;0;0;0;0;1;0;0;"-3;80759400000";"-38;60486000000";mq_match
363076;31;10;2020;13:53;10765;RUA PRO MIRAMAR DA PONTE;RUA FLORIANOPOLIS;;;;ColisÃ£o Transversal;Luz do Dia;Bom;Seca;Cruz;Pare;Residencial;0;1;1;1;0;0;0;0;0;1;0;0;"-3;76161000000";"-38;58569000000";inter_gpsv
362644;1;11;2020;9:54;0;AV BERNARDO MANUEL;;;9996;;Queda;Luz do Dia;Bom;Seca;Meio de Quadra;SemÃ¡foro;Residencial;0;0;0;1;0;0;0;0;0;0;0;0;"-3;82964000000";"-38;56058000000";mq_gpsv
362645;1;11;2020;4:41;0;AV DOM MANUEL;;;268;;Choque c/ ObstÃ¡culo Fixo;Via Iluminada;Bom;Seca;Meio de Quadra;NÃ£o HÃ¡ Controle;Comercial;0;1;0;1;0;0;0;0;0;0;0;0;"-3;72649766000";"-38;52051350000";mq_qgis
362657;1;11;2020;22:20;0;AV DR ALDY MENTOR;;;0;;Choque c/ ObstÃ¡culo Fixo;Via Iluminada;Bom;Seca;Meio de Quadra;Gesto;Rural;0;0;1;1;0;0;0;0;0;0;0;0;"-3;75337530000";"-38;46234000000";mq_match
364453;1;11;2020;16:40;0;ROD CE 010;;;;;ColisÃ£o;Luz do Dia;;;Meio de Quadra;;;0;0;2;1;0;0;0;0;0;1;0;0;;;
363739;1;11;2020;3:46;6855;AV CONTORNO OESTE D71;AV CONTORNO SUL D71;;;;Queda;;;;;;;0;1;0;0;0;0;0;0;0;1;0;0;"-3;84022000000";"-38;59757000000";inter_gpsv
363742;1;11;2020;4:53;0;AV FRANCISCO SA;;;3633;;ColisÃ£o;;;;Meio de Quadra;;;0;1;0;0;0;0;0;0;0;0;0;0;"-3;71720489000";"-38;55794130000";mq_qgis
363757;1;11;2020;10:57;0;RUA CESARIO LANGE;;;689;;Atropelamento;Luz do Dia;;;Meio de Quadra;;;0;1;0;0;0;0;0;0;0;1;0;0;"-3;82861467000";"-38;49019840000";mq_qgis
363758;1;11;2020;12:49;0;RUA SGT JOAO PINHEIRO;;;;;Queda;Luz do Dia;;;Meio de Quadra;;;0;1;0;0;0;0;0;0;0;1;0;0;;;
363759;1;11;2020;13:18;0;AV PRS CASTELO BRANCO;;;112;;Choque c/ ObstÃ¡culo Fixo;Luz do Dia;;;Meio de Quadra;;;0;2;0;1;0;0;0;0;0;0;0;0;"-3;72194700000";"-38;52510000000";mq_match
363760;1;11;2020;14:15;0;RUA ISMAEL PORDEUS;;;1455;;Queda;Luz do Dia;;;Meio de Quadra;;;0;1;0;0;0;1;0;0;0;0;0;0;"-3;72544000000";"-38;47431000000";mq_gpsv
363761;1;11;2020;15:34;0;RUA FREDERICO SEVERO;;;120;;ColisÃ£o;Luz do Dia;;;Meio de Quadra;;;0;1;0;0;0;0;0;0;0;0;0;0;"-3;81950830000";"-38;49603630000";mq_match
363744;1;11;2020;5:19;0;RUA CON DE CASTRO;;;9458;;Queda;Amanhecer;;;Meio de Quadra;;;0;1;0;0;0;0;0;0;0;1;0;0;"-3;82502931000";"-38;60593430000";mq_qgis
363745;1;11;2020;5:46;0;RUA JOSE DANTAS PEREIRA;;;;;Queda;Amanhecer;;;Meio de Quadra;;;0;1;0;0;0;0;0;0;0;1;0;0;;;
363746;1;11;2020;5:53;0;RUA BIAS MENDES;;;2097;;Queda;Amanhecer;;;Meio de Quadra;;;0;1;0;0;0;0;0;0;0;1;0;0;;;
363747;1;11;2020;6:45;0;RUA AURELIANO LEAL;;;17;;Queda;Luz do Dia;;;Meio de Quadra;;;0;1;0;0;0;1;0;0;0;0;0;0;"-3;82217000000";"-38;58272000000";mq_gpsv
363748;1;11;2020;6:55;5150;RUA BAR RIO BRANCO;RUA SEN ALENCAR;;;;ColisÃ£o;Luz do Dia;;;T;Pare;Comercial;0;1;0;0;0;0;0;0;0;1;0;0;"-3;72487900000";"-38;52775200000";inter_match
363749;1;11;2020;7:21;0;AV MR HULL;;;7305;;Atropelamento;Luz do Dia;;;Meio de Quadra;;;0;1;1;0;1;0;0;0;0;0;0;0;;;
363750;1;11;2020;9:01;0;RUA BERNARDO MANUEL;;;9996;;ColisÃ£o;Luz do Dia;;;Meio de Quadra;;;0;1;0;0;0;0;0;0;0;0;0;0;"-3;80566000000";"-38;55350100000";mq_qgis
363751;1;11;2020;9:55;0;AV PRS CASTELO BRANCO;;;4336;;Atropelamento;Luz do Dia;;;Meio de Quadra;;;0;1;0;0;0;0;0;0;0;0;0;0;"-3;70752000000";"-38;57039000000";mq_gpsv
363752;1;11;2020;10:29;0;RUA BENU MARCONDES;;;41;;ColisÃ£o;Luz do Dia;;;Meio de Quadra;;;0;1;0;1;0;0;0;0;0;1;0;0;;;
363753;1;11;2020;10:57;0;AV LUCIANO CARNEIRO;;;2750;;ColisÃ£o;Luz do Dia;;;Meio de Quadra;;;0;1;0;1;0;0;0;0;0;1;0;0;;;
363763;1;11;2020;15:55;0;RUA FERNANDO WEYNE;;;277;;Queda;Luz do Dia;;;Meio de Quadra;;;0;1;0;0;0;1;0;0;0;0;0;0;"-3;72019000000";"-38;55333000000";mq_gpsv
363764;1;11;2020;16:37;0;RUA PRO JOSE BONIFACIO;;;251;;ColisÃ£o;Luz do Dia;;;Meio de Quadra;;;0;2;0;0;0;0;0;0;0;1;0;0;"-3;70789719000";"-38;56187810000";mq_qgis
363765;1;11;2020;17:19;0;AV 1 CANINDEZINHO;;;649;;Queda;Anoitecer;;;Meio de Quadra;;;0;1;0;0;0;0;0;0;0;1;0;0;"-3;80846000000";"-38;59813000000";mq_gpsv
363766;1;11;2020;17:40;0;RUA GAL TOME CORDEIRO;;;630;;Queda;Anoitecer;;;Meio de Quadra;;;0;1;0;0;0;1;0;0;0;0;0;0;"-3;71658000000";"-38;58263000000";mq_gpsv
363767;1;11;2020;18:02;0;RUA MANUEL TEOFILO;;;728;;ColisÃ£o;Anoitecer;;;Meio de Quadra;;;0;1;0;1;0;0;0;0;0;1;0;0;"-3;78498000000";"-38;56239000000";mq_gpsv
363768;1;11;2020;18:13;0;RUA JOSE DANTAS PEREIRA;;;;;Queda;Anoitecer;;;Meio de Quadra;;;0;1;0;0;0;1;0;0;0;0;0;0;;;
363769;1;11;2020;18:23;0;RUA ESTEVAO DE CAMPOS;;;1040;;ColisÃ£o;Anoitecer;;;Meio de Quadra;;;0;2;0;0;0;0;0;0;0;1;0;0;"-3;70324000000";"-38;58395000000";mq_gpsv
363770;1;11;2020;18:29;0;AV PRS CASTELO BRANCO;;;5540;;Atropelamento;Anoitecer;;;Meio de Quadra;;;0;1;0;1;0;0;0;0;0;0;0;0;"-3;70340800000";"-38;58056700000";mq_match
363771;1;11;2020;18:40;0;RUA GAL GOIS MONTEIRO;;;454;;ColisÃ£o;;;;Meio de Quadra;;;0;2;0;1;0;0;0;0;0;1;0;0;;;
363772;1;11;2020;19:34;0;RUA TEODOMIRO DE CASTRO;;;6155;;ColisÃ£o;;;;Meio de Quadra;;;0;1;0;1;0;0;0;0;0;1;0;0;"-3;71736000000";"-38;57542000000";mq_match
363773;1;11;2020;19:55;0;RUA PRO ANACLETO;;;95;;ColisÃ£o;;;;Meio de Quadra;;;0;1;0;1;0;0;0;0;0;0;0;0;"-3;73454600000";"-38;55299000000";mq_qgis
363774;1;11;2020;20:21;0;AV DR SILAS MUNGUBA;;;4210;;Queda;;;;Meio de Quadra;;;0;1;0;0;0;1;0;0;0;0;0;0;"-3;79120600000";"-38;53790000000";mq_match
363775;1;11;2020;20:38;0;AV H CJ CEARA;;;2299;;ColisÃ£o;;;;Meio de Quadra;;;0;1;0;1;0;0;0;0;0;1;0;0;"-3;77672900000";"-38;61850700000";mq_qgis
363776;1;11;2020;20:41;0;RUA FRANCISCO JOSE A PEREIRA;;;;;Atropelamento;;;;Meio de Quadra;;;0;1;0;0;0;0;0;0;0;0;0;0;;;
363777;1;11;2020;21:10;0;AV DR SILAS MUNGUBA;;;2975;;Atropelamento;;;;Meio de Quadra;;;0;1;0;0;0;0;0;0;0;1;0;0;"-3;78806520000";"-38;54693580000";mq_match
363778;1;11;2020;21:22;0;RUA NEREU RAMOS;;;;;Atropelamento;;;;Meio de Quadra;;;0;1;0;0;0;0;0;0;0;1;0;0;;;
363779;1;11;2020;23:07;0;RUA STA LIDUINA D42;;;58;;Atropelamento;;;;Meio de Quadra;;;0;1;0;1;0;0;0;0;0;0;0;0;"-3;79844900000";"-38;58504300000";mq_qgis
363780;1;11;2020;23:22;0;RUA TIRADENTES;;;822;;ColisÃ£o;;;;Meio de Quadra;;;0;1;0;1;0;0;0;0;0;1;0;0;"-3;74013236000";"-38;55121300000";mq_qgis
363781;1;11;2020;23:34;0;RUA CEL VIRGILIO NOGUEIRA (BOM JARDIM);;;261;;Atropelamento;;;;Meio de Quadra;;;0;1;0;0;0;0;0;0;0;1;0;0;;;
363782;2;11;2020;0:11;0;RUA CON DE CASTRO;;;956;;ColisÃ£o;;;;Meio de Quadra;;;0;2;0;1;0;0;0;0;0;1;0;0;"-3;78154400000";"-38;57024500000";mq_match
363783;2;11;2020;0:19;0;RUA 4 DE OUTUBRO;;;1200;;Atropelamento;;;;Meio de Quadra;;;0;2;0;0;0;0;0;0;0;1;0;0;;;
363785;2;11;2020;0:45;0;RUA CAP OLAVO;;;288;;ColisÃ£o;;;;Meio de Quadra;;;0;1;0;1;0;0;0;0;0;1;0;0;"-3;76474722000";"-38;51602460000";mq_qgis
363804;2;11;2020;19:58;0;AV CEL CARVALHO;;;3068;;ColisÃ£o;;;;Meio de Quadra;;;0;1;0;1;0;0;0;0;0;1;0;0;"-3;72993200000";"-38;58478000000";mq_qgis
363805;2;11;2020;20:10;0;RUA CARLOS CHAGAS;;;1216;;ColisÃ£o;;;;Meio de Quadra;;;0;1;0;0;0;0;0;0;0;0;0;0;"-3;77854000000";"-38;59092000000";mq_gpsv
363801;2;11;2020;18:20;0;AV CARNEIRO DE MENDONCA;;;1301;;ColisÃ£o;Anoitecer;;;Meio de Quadra;;;0;1;0;0;0;0;0;0;0;1;0;0;"-3;76198600000";"-38;57072100000";mq_match
363802;2;11;2020;18:50;0;RUA PARA;;;390;;ColisÃ£o;;;;Meio de Quadra;;;0;1;0;0;0;0;0;0;0;1;0;0;"-3;75587815000";"-38;56277940000";mq_qgis
363788;2;11;2020;0:53;0;AV SEN VIRGILIO TAVORA;;;866;;Atropelamento;;;;Meio de Quadra;;;0;1;0;1;0;0;0;0;0;0;0;0;"-3;73454916000";"-38;49241860000";mq_qgis
363789;2;11;2020;5:35;0;RUA PORTO VELHO;;;;;ColisÃ£o;Amanhecer;;;Meio de Quadra;;;0;1;0;1;0;0;0;0;0;1;0;0;;;
363790;2;11;2020;7:25;0;AV GOV RAUL BARBOSA;;;7151;;Queda;Luz do Dia;;;Meio de Quadra;;;0;1;0;0;0;0;0;0;0;1;0;0;"-3;77516100000";"-38;51298000000";mq_qgis
363791;2;11;2020;10:46;0;RUA PERNAMBUCO;;;;;Queda;Luz do Dia;;;Meio de Quadra;;;0;1;0;0;0;0;0;0;0;1;0;0;;;
363792;2;11;2020;11:25;0;RUA JOSE ACIOLY;;;486;;ColisÃ£o;Luz do Dia;;;Meio de Quadra;;;0;1;0;1;0;1;0;0;0;0;0;0;"-3;73319105000";"-38;58845470000";mq_qgis
363793;2;11;2020;16:35;0;RUA PESC CHICO BINDA;;;;;Queda;Luz do Dia;;;Meio de Quadra;;;0;1;0;0;0;0;0;0;0;1;0;0;;;
363794;2;11;2020;16:45;0;RUA JOSE PEDRA;;;488;;Queda;Luz do Dia;;;Meio de Quadra;;;0;1;0;0;0;0;0;0;0;1;0;0;"-3;79219408000";"-38;54867330000";mq_qgis
363795;2;11;2020;17:47;0;RUA JORGE DUMAR;;;1630;;Atropelamento;Anoitecer;;;Meio de Quadra;;;0;1;0;1;0;0;0;0;0;0;0;0;"-3;75027000000";"-38;53878000000";mq_gpsv
363807;2;11;2020;20:31;0;RUA MARIA JULIA;;;1009;;ColisÃ£o;;;;Meio de Quadra;;;0;1;0;1;0;0;0;0;0;1;0;0;"-3;79064000000";"-38;59930000000";mq_gpsv
363808;2;11;2020;23:53;7628;RUA ALAGOAS;RUA RIO GRANDE DO SUL;;;;ColisÃ£o;;;;Cruz;NÃ£o HÃ¡ Controle;Residencial;0;1;0;1;0;0;0;0;0;1;0;0;"-3;76076200000";"-38;56893400000";inter_match
363799;2;11;2020;17:55;0;RUA PRO JOSE HENRIQUE;;;;;Queda;Anoitecer;;;Meio de Quadra;;;0;1;0;0;0;0;0;0;0;1;0;0;;;
362647;2;11;2020;8:20;0;RUA VINTE E UM DE ABRIL;RUA VIRIATO RIBEIRO;;0;;NÃ£o Informado;Luz do Dia;Bom;Seca;Meio de Quadra;Pare;Residencial;0;0;1;1;0;0;0;0;0;0;0;0;"-3;74571000000";"-38;56479000000";inter_gpsv
362648;2;11;2020;19:50;4615;RUA CRISANTO M DA ROCHA;RUA JOSE ANASTACIO DIAS;;0;;ColisÃ£o Transversal;Via Iluminada;Bom;Seca;Cruz;NÃ£o HÃ¡ Controle;Comercial;0;0;2;1;0;0;0;0;0;0;0;0;"-3;79766700000";"-38;48043200000";inter_match
362649;3;11;2020;6:50;3844;RUA ADOLFO HERBSTER;RUA JOAO GENTIL;;;;ColisÃ£o Transversal;Luz do Dia;Bom;Seca;Cruz;Pare;Residencial;0;1;1;1;0;1;0;0;0;0;0;0;"-3;74547500000";"-38;53957700000";inter_match
362650;3;11;2020;7:40;11768;AV PRS CASTELO BRANCO;AV FILOMENO GOMES;;;;ColisÃ£o Lateral;Luz do Dia;Bom;Seca;T;SemÃ¡foro;Lazer;0;1;1;0;1;0;0;0;0;1;0;0;"-3;71554200000";"-38;54198200000";inter_match
362651;3;11;2020;7:35;0;RUA DEMETRIO MENEZES;;;3670;;NÃ£o Informado;Luz do Dia;Nublado;Seca;Meio de Quadra;SemÃ¡foro;Comercial;0;0;2;1;0;0;0;0;0;0;0;0;"-3;73544000000";"-38;58413800000";mq_qgis
362652;3;11;2020;9:46;0;AV ALM BARROSO;;;672;;ColisÃ£o Traseira;Luz do Dia;Nublado;Seca;Meio de Quadra;SemÃ¡foro;Comercial;0;1;1;0;0;0;0;0;0;1;0;0;"-3;72048500000";"-38;51734100000";mq_match
362653;3;11;2020;11:09;5249;RUA SEN ALMIR PINTO;RUA COSTA BARROS;;;;ColisÃ£o Lateral;Luz do Dia;Bom;Seca;Outros;Pare;Comercial;0;1;1;1;0;0;0;0;0;1;0;0;"-3;72631000000";"-38;52468000000";inter_gpsv
362654;3;11;2020;14:35;0;AV JOAO PESSOA;;;6943;;ColisÃ£o;Luz do Dia;Bom;Seca;;;;0;3;1;1;0;0;0;0;0;1;0;0;"-3;77104400000";"-38;56137900000";mq_match
362655;3;11;2020;20:12;0;AV SGT HERMINIO SAMPAIO;;;4939;;ColisÃ£o Lateral;Via Iluminada;Bom;Seca;Y;SemÃ¡foro;Comercial;0;1;1;1;0;0;0;0;0;1;0;0;"-3;73375800000";"-38;58410600000";mq_qgis
363815;3;11;2020;8:55;0;AV GODOFREDO MACIEL;;;;;ColisÃ£o;Luz do Dia;;;Meio de Quadra;;;0;2;0;0;0;0;0;0;0;1;0;0;;;
363813;3;11;2020;8:14;0;RUA DR THOMPSON BULCAO;;;500;;ColisÃ£o;Luz do Dia;;;Meio de Quadra;;;0;1;0;1;0;0;0;0;0;1;0;0;"-3;77001000000";"-38;49205000000";mq_gpsv
363809;3;11;2020;4:05;0;AV PRS CASTELO BRANCO;;;168;;Queda;;;;;;;0;1;0;0;0;0;0;0;0;1;0;0;"-3;72312000000";"-38;52156300000";mq_match
363810;3;11;2020;5:38;0;AV PRS CASTELO BRANCO;;;240;;ColisÃ£o;Amanhecer;;;Meio de Quadra;;;0;1;0;0;0;0;0;0;0;0;0;0;"-3;72130000000";"-38;52710000000";mq_match
363811;3;11;2020;5:45;0;RUA BAR AQUIRAZ;;;2530;;ColisÃ£o;Amanhecer;;;Meio de Quadra;;;0;1;0;1;0;0;0;0;0;1;0;0;;;
363818;3;11;2020;8:59;0;AV DIOGUINHO;;;2493;;ColisÃ£o;Luz do Dia;;;Meio de Quadra;;;0;1;0;1;0;0;0;0;0;1;0;0;"-3;74217000000";"-38;45304000000";mq_match
363819;3;11;2020;9:00;0;RUA PDE PEDRO DE ALENCAR;;;1850;;ColisÃ£o;Luz do Dia;;;Meio de Quadra;;;0;1;0;1;0;0;0;0;0;1;0;0;"-3;84388700000";"-38;49438700000";mq_match
363820;3;11;2020;9:03;0;AV SEN CARLOS JEREISSATI (AEROPORTO);;;;;ColisÃ£o;Luz do Dia;;;Meio de Quadra;;;0;1;0;1;0;0;0;0;0;1;0;0;;;
363821;3;11;2020;10:00;0;AV OLIVEIRA PAIVA;;;1111;;Queda;Luz do Dia;;;Meio de Quadra;;;0;1;0;0;0;0;0;0;0;1;0;0;"-3;79577000000";"-38;49678000000";mq_match
363822;3;11;2020;10:26;13372;RUA JOAO BRIGIDO;RUA NOGUEIRA ACIOLI;;;;ColisÃ£o;Luz do Dia;;;Cruz;SemÃ¡foro;Residencial;0;1;0;1;0;0;0;0;0;1;0;0;"-3;73925900000";"-38;52004400000";inter_match
363852;3;11;2020;23:42;0;AV ZEZE DIOGO;;;1124;;Queda;;;;Meio de Quadra;;;0;1;0;0;0;0;0;0;0;1;0;0;"-3;71716077000";"-38;46465010000";mq_qgis
363846;3;11;2020;19:30;0;AV MR HULL;;;3970;;ColisÃ£o;;;;Meio de Quadra;;;0;1;0;0;0;0;0;0;0;1;0;0;"-3;73776000000";"-38;57982000000";mq_gpsv