COD_ACIDENTE;DIA;MES;ANO;HORA;INTERSECAO;LOG1;LOG2;LOG3;NUMERO;REFERENCIA;NATUREZA;ILUMINACAO;TEMPO;SUPERFICIEPISTA;TIPOCRUZAMENTO;CONTROLETRAFEGO;USOSOLO;MORTOS;FERIDOS;ILESOS;AUTOMOVEL;ONIBUS;BICICLETA;CAMINHAO;MICROONIBUS;CICLOMOTOR;MOTOCICLETA;TRACAOANIMAL;TREM;LATITUDE;LONGITUDE;METODO
363981;16;11;2020;3:00;0;AV GODOFREDO MACIEL;;;5083;;Choque c/ ObstÃ¡culo Fixo;;;;Meio de Quadra;;;1;0;0;0;0;0;0;0;0;1;0;0;"-3;81880800000";"-38;57620400000";mq_match
362723;16;11;2020;13:29;19833;AV ENG HUMBERTO MONTE;AV JOVITA FEITOSA;;;;ColisÃ£o;Luz do Dia;Bom;Seca;Cruz;SemÃ¡foro;Comercial;0;0;5;1;0;0;0;0;0;0;0;0;"-3;74196300000";"-38;56654400000";inter_match
362724;16;11;2020;15:13;0;RUA 02 UI;;;140;;Choque c/ ObstÃ¡culo Fixo;Luz do Dia;Bom;Seca;Meio de Quadra;NÃ£o HÃ¡ Controle;Residencial;0;0;2;1;0;0;0;0;0;0;0;0;"-3;70812687000";"-38;56413150000";mq_qgis
362725;16;11;2020;14:15;0;AV DIOGUINHO;;;90;;Atropelamento;Luz do Dia;Bom;Seca;Meio de Quadra;NÃ£o HÃ¡ Controle;Comercial;0;1;1;0;0;0;0;0;0;0;0;0;"-3;72668000000";"-38;46151000000";mq_gpsv
362726;16;11;2020;17:00;0;RUA DELMIRO FARIAS;;;0;;ColisÃ£o Transversal;Luz do Dia;Bom;Seca;Meio de Quadra;;;0;2;0;1;0;0;0;0;0;1;0;0;;;
362727;16;11;2020;18:48;6781;RUA BENTO ALBUQUERQUE;RUA ZAMENHOF;;;;ColisÃ£o Transversal;Via Iluminada;Bom;Seca;Cruz;Gesto;Residencial;0;1;1;1;0;0;0;0;0;1;0;0;"-3;74574000000";"-38;47688000000";inter_gpsv
362728;16;11;2020;19:20;0;AV ROGACIANO LEITE;;;;;ColisÃ£o Transversal;Via Iluminada;Bom;Seca;Meio de Quadra;NÃ£o HÃ¡ Controle;Comercial;0;2;0;1;0;0;0;0;0;1;0;0;;;
362729;16;11;2020;23:30;0;AV WENEFRIDO MELO;;;381;;ColisÃ£o Traseira;Via Iluminada;Bom;Seca;Meio de Quadra;NÃ£o HÃ¡ Controle;Residencial;0;1;3;1;1;0;0;0;0;1;0;0;"-3;81089450000";"-38;57588200000";mq_match
362717;16;11;2020;6:45;5150;RUA BAR RIO BRANCO;RUA SEN ALENCAR;;;;ColisÃ£o Lateral;Amanhecer;Bom;Seca;T;Pare;Comercial;0;0;2;0;0;0;0;0;0;1;0;0;"-3;72487900000";"-38;52775200000";inter_match
362718;16;11;2020;5:49;3121;RUA MARIA QUINTELA;AV LINEU MACHADO;;;;ColisÃ£o;Via Iluminada;Bom;Seca;Cruz;NÃ£o HÃ¡ Controle;Residencial;0;1;1;1;0;0;0;0;0;0;0;0;"-3;77761500000";"-38;58304500000";inter_match
362719;16;11;2020;10:31;0;RUA DOM JOAQUIM;;;450;;NÃ£o Informado;Mal Iluminada;Bom;Seca;Meio de Quadra;NÃ£o HÃ¡ Controle;Residencial;0;0;1;1;0;0;0;0;0;0;0;0;"-3;72761371000";"-38;51728750000";mq_qgis
362742;16;11;2020;14:55;0;AV JOSE JATAHY;;;2573;;ColisÃ£o Traseira;Luz do Dia;Bom;Seca;Meio de Quadra;NÃ£o HÃ¡ Controle;Comercial;0;2;3;1;1;0;0;0;0;1;0;0;"-3;74490950000";"-38;54400600000";mq_match
362743;16;11;2020;13:10;0;AV CEL CARVALHO;RUA MANUEL MOURA;;0;;ColisÃ£o Traseira;Luz do Dia;Bom;Seca;T;SemÃ¡foro;Comercial;0;0;2;1;0;0;0;0;0;0;0;0;"-3;71746000000";"-38;58800000000";inter_gpsv
362721;16;11;2020;10:53;0;RUA VALDETARIO MOTA;RUA AVILA GOULART;;;;ColisÃ£o Transversal;Luz do Dia;Bom;Seca;;;;0;1;1;1;0;0;0;0;0;1;0;0;"-3;73465200000";"-38;47921000000";inter_match
362895;16;11;2020;11:20;0;RUA JULIO DA SILVEIRA;;;;;ColisÃ£o Frontal;Luz do Dia;Bom;;;;;0;1;1;1;0;0;0;0;0;1;0;0;;;
363016;16;11;2020;0:30;0;AV BENJAMIM BRASIL;;;2112;;Choque c/ ObstÃ¡culo Fixo;Via Iluminada;Bom;Seca;Meio de Quadra;NÃ£o HÃ¡ Controle;Residencial;1;1;0;1;0;0;0;0;0;0;0;0;"-3;80829200000";"-38;55822900000";mq_match
362730;17;11;2020;7:16;2283;RUA SEN ROBERT KENNEDY;RUA DOMINGOS DA VEIGA;;;;ColisÃ£o;Luz do Dia;Chuva;Molhada;Cruz;Pare;Comercial;0;2;1;1;0;0;0;0;0;1;0;0;"-3;70309500000";"-38;57855300000";inter_match
362731;17;11;2020;7:30;0;RUA CEL MATOS DOURADO;;;560;;ColisÃ£o Lateral;Luz do Dia;Bom;Seca;Meio de Quadra;SemÃ¡foro;Comercial;0;1;1;1;0;0;0;0;0;1;0;0;"-3;74367000000";"-38;58501100000";mq_match
362732;17;11;2020;8:49;0;AV SORIANO ALBUQUERQUE;;;230;;ColisÃ£o Traseira;Luz do Dia;Bom;Seca;Meio de Quadra;SemÃ¡foro;Residencial;0;1;1;1;0;0;0;0;0;1;0;0;;;
362733;17;11;2020;8:53;22200;AV SGT HERMINIO SAMPAIO;RUA CEL MOZART GONDIM;;0;;ColisÃ£o Transversal;Luz do Dia;Bom;Seca;Cruz;Pare;Comercial;0;1;1;0;0;0;0;0;0;1;0;0;"-3;72651600000";"-38;56132700000";inter_match
362734;17;11;2020;9:00;0;RUA MON HIPOLITO BRASIL;;;1390;;ColisÃ£o Frontal;Luz do Dia;Bom;Seca;T;Pare;Comercial;0;1;1;0;0;0;0;0;0;1;0;0;"-3;75606000000";"-38;58410000000";mq_gpsv
362735;17;11;2020;18:20;0;AV AMERICO BARREIRA;;;5355;;NÃ£o Informado;Anoitecer;Bom;Seca;Outros;NÃ£o HÃ¡ Controle;Comercial;0;0;1;0;0;0;0;0;0;0;0;0;"-3;75886960000";"-38;56356400000";mq_match
362736;17;11;2020;19:25;1341;RUA AFONSO CELSO;RUA MON BRUNO;;;;ColisÃ£o Transversal;Via Iluminada;Bom;Seca;Cruz;Pare;Residencial;0;1;0;1;0;0;0;0;0;1;0;0;"-3;73573400000";"-38;51051900000";inter_match
362737;17;11;2020;18:00;0;RUA OSVALDO CRUZ (ALDEOTA);RUA DOM EXPEDITO LOPES;;0;;ColisÃ£o Lateral;Anoitecer;Bom;Seca;;;;0;1;1;1;0;0;0;0;0;1;0;0;"-3;74437510000";"-38;50328450000";inter_match
364413;17;11;2020;19:12;0;AV CEL CARVALHO;;;;;ColisÃ£o;;;;Meio de Quadra;;;0;1;0;0;0;0;0;0;0;1;0;0;;;
364416;17;11;2020;19:48;0;AV PRS COSTA E SILVA;;;1674;;ColisÃ£o;;;;Meio de Quadra;;;0;1;0;0;0;0;0;0;0;1;0;0;"-3;81804000000";"-38;56499000000";mq_gpsv
364417;17;11;2020;19:49;0;RUA CRISANTO M DA ROCHA;;;13;;ColisÃ£o;;;;Meio de Quadra;;;0;1;0;0;0;0;0;0;0;0;0;0;;;
364418;17;11;2020;19:59;0;AV CEL CARVALHO;;;3127;;ColisÃ£o;;;;Meio de Quadra;;;0;1;0;0;0;0;0;0;0;1;0;0;"-3;73139647000";"-38;58460210000";mq_qgis
364419;17;11;2020;21:50;0;AV DOLOR BARREIRA;;;379;;Atropelamento;;;;Meio de Quadra;;;0;1;0;0;0;0;0;0;0;1;0;0;"-3;72790962000";"-38;47326600000";mq_qgis
364420;17;11;2020;23:30;0;RUA CAMPINENSE;;;340;;ColisÃ£o;;;;Meio de Quadra;;;0;1;0;1;0;0;0;0;0;1;0;0;"-3;84890077000";"-38;52314060000";mq_qgis
364408;17;11;2020;18:52;0;AV JOSE BASTOS;;;2840;;Atropelamento;;;;Meio de Quadra;;;0;1;0;0;0;0;0;0;0;0;0;0;"-3;74515650000";"-38;54557900000";mq_qgis
364397;17;11;2020;6:44;0;RUA PRO HERIBALDO COSTA;;;560;;ColisÃ£o;Luz do Dia;;;Meio de Quadra;;;0;1;0;1;0;0;0;0;0;1;0;0;"-3;75744012000";"-38;58247980000";mq_qgis
364398;17;11;2020;7:38;0;RUA RIO GRANDE DO SUL;;;875;;Atropelamento;Luz do Dia;;;Meio de Quadra;;;0;2;0;0;0;0;0;0;0;1;0;0;"-3;75657008000";"-38;56624280000";mq_qgis
364399;17;11;2020;8:04;0;RUA JOSE HIPOLITO;;;1400;;ColisÃ£o;Luz do Dia;;;Meio de Quadra;;;0;1;0;0;0;0;0;0;0;0;0;0;"-3;83740200000";"-38;48278700000";mq_qgis
364400;17;11;2020;8:09;0;AV WASHINGTON SOARES;;;2103;;ColisÃ£o;Luz do Dia;;;Meio de Quadra;;;0;1;0;1;0;0;0;0;0;1;0;0;"-3;77685400000";"-38;48156400000";mq_qgis
364401;17;11;2020;15:29;0;RUA 103 CJ CEARA;;;1200;;ColisÃ£o;Luz do Dia;;;Meio de Quadra;;;0;1;0;1;0;0;0;0;0;1;0;0;;;
364402;17;11;2020;16:57;0;AV DES MOREIRA;;;;;Queda;Luz do Dia;;;Meio de Quadra;;;0;1;0;0;0;1;0;0;0;0;0;0;;;
364403;17;11;2020;17:34;0;AV PRS COSTA E SILVA;;;354;;ColisÃ£o;Anoitecer;;;Meio de Quadra;;;0;1;0;0;0;0;0;0;0;1;0;0;"-3;81268000000";"-38;57232000000";mq_gpsv
364404;17;11;2020;17:50;0;AV JOSE BASTOS;;;5300;;Atropelamento;Anoitecer;;;Meio de Quadra;;;0;1;0;0;0;0;0;0;0;1;0;0;"-3;75879600000";"-38;56335100000";mq_match
364405;17;11;2020;17:59;0;RUA MANDACARU D69;;;867;;ColisÃ£o;Anoitecer;;;Meio de Quadra;;;0;1;0;0;0;0;0;0;0;0;0;0;"-3;83721339000";"-38;51547070000";mq_qgis
364406;17;11;2020;18:31;0;RUA JOSE HIPOLITO;;;277;;ColisÃ£o;;;;Meio de Quadra;;;0;2;0;1;0;0;0;0;0;1;0;0;"-3;83287600000";"-38;49275600000";mq_match
364544;17;11;2020;16:40;0;AV SEN CARLOS JEREISSATI (AEROPORTO);;;;KM 03;ColisÃ£o;Luz do Dia;;;Meio de Quadra;;;0;0;2;1;0;0;0;0;0;0;0;0;"-3;77964100000";"-38;54403800000";rod_match
364545;18;11;2020;11:45;0;AV MIN JOSE AMERICO;;;;;ColisÃ£o;Luz do Dia;;;Meio de Quadra;;;0;0;2;1;0;0;0;0;0;0;0;0;;;
364507;18;11;2020;22:49;0;AV SEN FERNANDES TAVORA;;;550;;ColisÃ£o;;;;Meio de Quadra;;;0;1;0;1;0;0;0;0;0;1;0;0;"-3;76452144000";"-38;57778810000";mq_qgis
364520;18;11;2020;23:19;0;RUA TAUBATE;;;120;;ColisÃ£o;;;;Meio de Quadra;;;0;1;0;1;0;0;0;0;0;1;0;0;"-3;77256000000";"-38;59669000000";mq_gpsv
364421;18;11;2020;7:23;0;AV MIN JOSE AMERICO;;;2223;;ColisÃ£o;Luz do Dia;;;Meio de Quadra;;;0;2;0;1;0;0;0;0;0;1;0;0;"-3;81156483800";"-38;48130805000";mq_match
364422;18;11;2020;8:24;0;AV MR HULL;;;2912;;Queda;Luz do Dia;;;Meio de Quadra;;;0;1;0;0;0;1;0;0;0;0;0;0;"-3;73679725000";"-38;57049400000";mq_qgis
364423;18;11;2020;8:33;0;AV PERIMETRAL;;;3300;;ColisÃ£o;Luz do Dia;;;Meio de Quadra;;;0;2;0;0;0;0;0;0;0;1;0;0;;;
364441;18;11;2020;9:22;0;AV PRO JOSE ARTHUR CARVALHO;;;560;;ColisÃ£o;Luz do Dia;;;Meio de Quadra;;;0;1;0;1;0;0;0;0;0;1;0;0;"-3;82647900000";"-38;47349800000";mq_match
364466;18;11;2020;12:17;0;RUA TIBURCIO CAVALCANTE;;;974;;ColisÃ£o;Luz do Dia;;;Meio de Quadra;;;0;1;0;1;0;0;0;0;0;1;0;0;"-3;73329000000";"-38;50176000000";mq_gpsv
364467;18;11;2020;12:39;0;AV WASHINGTON SOARES;;;2565;;ColisÃ£o;Luz do Dia;;;Meio de Quadra;;;0;1;0;1;0;0;0;0;0;1;0;0;"-3;82701580000";"-38;48213650000";mq_match
364468;18;11;2020;13:22;0;RUA 60 CJ JOSE WALTER;;;510;;ColisÃ£o;Luz do Dia;;;Meio de Quadra;;;0;1;1;0;0;0;0;1;0;1;0;0;"-3;83670560000";"-38;55832000000";mq_qgis
364469;18;11;2020;13:49;0;AV MIN JOSE AMERICO;;;500;;ColisÃ£o;Luz do Dia;;;Meio de Quadra;;;0;1;0;1;0;0;0;0;0;1;0;0;"-3;81099400000";"-38;49526900000";mq_match
364460;18;11;2020;9:53;0;RUA DO CARANGUEJO;;;3188;;Queda;Luz do Dia;;;Meio de Quadra;;;0;1;0;0;0;0;0;0;0;1;0;0;;;
364461;18;11;2020;10:42;0;RUA URUCUTUBA;;;1479;;ColisÃ£o;Luz do Dia;;;Meio de Quadra;;;0;1;0;0;0;0;0;0;0;1;0;0;"-3;79753900000";"-38;60798500000";mq_match
364462;18;11;2020;11:51;0;AV BEIRA MAR;;;3956;;ColisÃ£o;Luz do Dia;;;Meio de Quadra;;;0;1;0;1;0;0;0;0;0;1;0;0;"-3;72328150100";"-38;48576100000";mq_match
364480;18;11;2020;17:21;0;AV ANTONIO SALES;;;2460;;ColisÃ£o;Anoitecer;;;Meio de Quadra;;;0;1;0;0;0;0;0;0;0;0;0;0;"-3;74562400000";"-38;50179470000";mq_qgis
364477;18;11;2020;17:08;0;RUA BAR AQUIRAZ;;;2469;;ColisÃ£o;Anoitecer;;;Meio de Quadra;;;0;1;0;1;0;0;0;0;0;1;0;0;;;
364478;18;11;2020;17:10;0;RUA RIO GRANDE DO SUL;;;675;;ColisÃ£o;Anoitecer;;;Meio de Quadra;;;0;1;0;0;0;0;0;0;0;0;0;0;"-3;75487841000";"-38;56517020000";mq_qgis
364474;18;11;2020;16:09;0;AV CESAR CALS;;;;;ColisÃ£o;Luz do Dia;;;Meio de Quadra;;;0;1;0;0;0;0;0;0;0;0;0;0;;;
364475;18;11;2020;16:23;17385;RUA VICENTE SPINDOLA;RUA JOAQUIM PIMENTA;;;;ColisÃ£o;Luz do Dia;;;;;;0;1;0;1;0;0;0;0;0;1;0;0;"-3;76707000000";"-38;54487000000";inter_gpsv
364471;18;11;2020;14:33;0;RUA CEL DIONISIO ALENCAR;;;1296;;ColisÃ£o;Luz do Dia;;;Meio de Quadra;;;0;1;0;1;0;0;0;0;0;1;0;0;;;
364472;18;11;2020;14:54;0;RUA BERNARDO MANUEL;;;10698;;ColisÃ£o;Luz do Dia;;;Meio de Quadra;;;0;1;0;1;0;0;0;0;0;1;0;0;"-3;81291877000";"-38;55574750000";mq_qgis
364503;18;11;2020;21:46;0;RUA CEL MATOS DOURADO;;;1291;;Queda;;;;Meio de Quadra;;;0;1;0;0;0;0;0;0;0;1;0;0;"-3;75112700000";"-38;58366600000";mq_match
364501;18;11;2020;21:20;0;AV PERIMETRAL;;;;;Queda;;;;Meio de Quadra;;;0;1;0;0;0;0;0;0;0;1;0;0;;;
364505;18;11;2020;21:46;0;RUA MIN ALBUQUERQUE LIMA;;;446;;ColisÃ£o;;;;Meio de Quadra;;;0;2;0;0;0;0;0;0;0;1;0;0;;;
364489;18;11;2020;17:50;0;AV DR THEBERGE;;;868;;ColisÃ£o;Anoitecer;;;Meio de Quadra;;;0;4;0;1;0;0;0;0;0;1;0;0;"-3;71086400000";"-38;56370500000";mq_match
364498;18;11;2020;20:08;0;RD BR 116;;;4298;;ColisÃ£o;;;;Meio de Quadra;;;0;1;0;1;0;0;0;0;0;1;0;0;"-3;80235400000";"-38;50386900000";rod_match
364499;18;11;2020;20:45;0;RUA PDE PERDIGAO SAMPAIO;;;435;;ColisÃ£o;;;;Meio de Quadra;;;0;1;0;1;0;0;0;0;0;1;0;0;"-3;73539929000";"-38;59550520000";mq_qgis
364496;18;11;2020;18:40;0;RUA VITAL BRASIL;;;1465;;Atropelamento;;;;Meio de Quadra;;;0;1;0;0;0;0;0;0;0;1;0;0;"-3;77914596000";"-38;59399310000";mq_qgis
364493;18;11;2020;18:20;0;AV GODOFREDO MACIEL;;;;;Queda;Anoitecer;;;Meio de Quadra;;;0;1;0;0;0;1;0;0;0;0;0;0;;;
362738;18;11;2020;8:23;1258;AV SANTOS DUMONT;RUA MON BRUNO;;;;ColisÃ£o Transversal;Luz do Dia;Bom;Seca;Cruz;Pare;Comercial;0;1;1;1;0;0;0;0;0;1;0;0;"-3;73259500000";"-38;50950600000";inter_match
362739;18;11;2020;8:19;1743;RUA CAP ARAGAO;RUA TEN BARBOSA D46;;;;ColisÃ£o Transversal;Luz do Dia;Bom;Seca;Cruz;Pare;Residencial;0;1;2;1;0;0;0;0;0;1;0;0;"-3;76473000000";"-38;51204000000";inter_match
362740;18;11;2020;10:50;1433;RUA LEONARDO MOTA;RUA DES LEITE ALBUQUERQUE;;0;;ColisÃ£o Transversal;Luz do Dia;Bom;Seca;Cruz;SemÃ¡foro;Comercial;0;1;1;1;0;0;0;0;0;1;0;0;"-3;73786200000";"-38;49670800000";inter_match
362741;18;11;2020;10:02;0;RUA ARTUR DE CARVALHO;RUA LOURDES VIDAL ALVES;;0;;ColisÃ£o Frontal;Luz do Dia;Bom;Seca;Cruz;NÃ£o HÃ¡ Controle;Residencial;0;1;1;1;0;0;0;0;0;0;0;0;"-3;76103000000";"-38;53473000000";inter_gpsv
362744;18;11;2020;15:00;1552;RUA PAULA NEI;RUA CEL JUCA;;;;ColisÃ£o Lateral;Luz do Dia;Bom;Seca;Cruz;SemÃ¡foro;Comercial;0;2;1;0;0;0;0;0;0;1;0;0;"-3;74133000000";"-38;49245000000";inter_gpsv
362745;18;11;2020;20:17;0;RUA MONTE PASCOAL;;;441;;Atropelamento;Via Iluminada;Bom;Seca;Meio de Quadra;NÃ£o HÃ¡ Controle;Comercial;0;1;1;0;0;0;0;0;0;0;0;0;"-3;80519000000";"-38;59880000000";mq_gpsv
362746;19;11;2020;13:21;1453;AV RUI BARBOSA;AV HERACLITO GRACA;;;;ColisÃ£o Transversal;Luz do Dia;Bom;Seca;Cruz;SemÃ¡foro;Comercial;0;1;1;1;0;0;0;0;0;1;0;0;"-3;73814600000";"-38;51061200000";inter_match
362747;19;11;2020;13:00;0;RUA MARTINS DE CASTRO;RUA CIDADE ECOLOGICA;;0;;ColisÃ£o Frontal;Luz do Dia;Bom;Seca;T;NÃ£o HÃ¡ Controle;Rural;0;1;1;1;0;1;0;0;0;0;0;0;"-3;77347000000";"-38;46756000000";inter_gpsv
362748;19;11;2020;15:00;708;AV DR THEBERGE;RUA CRUZ E SOUSA D21;;;;ColisÃ£o Transversal;Luz do Dia;Bom;Seca;T;SemÃ¡foro;Comercial;0;1;1;1;0;0;0;0;1;0;0;0;"-3;71921800000";"-38;56645600000";inter_match
362749;19;11;2020;15:00;0;AV GODOFREDO MACIEL;;;4036;;ColisÃ£o Traseira;Luz do Dia;Bom;Seca;Meio de Quadra;SemÃ¡foro;Residencial;0;1;2;1;0;0;0;0;0;1;0;0;"-3;81016500000";"-38;57420500000";mq_match
362755;19;11;2020;14:34;11606;AV JOSE LEON;RUA LEA POMPEU;;0;;ColisÃ£o Lateral;Luz do Dia;Bom;Seca;Cruz;Pare;Residencial;0;1;1;1;0;0;0;0;0;1;0;0;"-3;78890000000";"-38;49734000000";inter_gpsv
363022;19;11;2020;5:40;5322;AV DUQ CAXIAS;AV IMPERADOR;;;;ColisÃ£o Transversal;Amanhecer;Bom;Seca;Cruz;SemÃ¡foro;Comercial;0;1;1;1;0;0;0;0;0;1;0;0;"-3;73004800000";"-38;53529700000";inter_match
363020;19;11;2020;19:20;1547;AV DES MOREIRA;RUA CAROLINA SUCUPIRA;;;;ColisÃ£o;Via Iluminada;Bom;;Cruz;SemÃ¡foro;Residencial;0;1;1;1;0;1;0;0;0;0;0;0;"-3;74119200000";"-38;49994800000";inter_match
363025;19;11;2020;18:50;0;RUA PERGENTINO MAIA;;;721;;ColisÃ£o;Via Iluminada;Bom;Seca;Meio de Quadra;Pare;Comercial;0;2;0;0;0;1;0;0;0;1;0;0;"-3;83147591000";"-38;48835240000";mq_qgis
364090;19;11;2020;19:19;0;RUA FRANCISCA CLOTILDE;;;1177;;Atropelamento;;;;Meio de Quadra;;;1;0;1;0;0;0;0;0;0;1;0;0;"-3;74714100000";"-38;55686300000";mq_qgis
364521;19;11;2020;0:12;0;RUA PDE NELSON FARIAS;;;16;;ColisÃ£o;;;;Meio de Quadra;;;0;1;0;0;0;0;0;0;0;0;0;0;;;
364522;19;11;2020;5:51;0;AV DR SILAS MUNGUBA;;;2211;;Queda;Amanhecer;;;Meio de Quadra;;;0;1;0;0;0;0;0;0;0;1;0;0;"-3;78577412000";"-38;55134740000";mq_qgis
364523;19;11;2020;7:08;0;AV DOS EXPEDICIONARIOS;;;444;;Queda;Luz do Dia;;;Meio de Quadra;;;0;1;0;0;0;0;0;0;0;1;0;0;"-3;74546000000";"-38;53534000000";mq_gpsv
364524;19;11;2020;7:47;0;RUA SAUDARIA;;;1080;;Queda;Luz do Dia;;;Meio de Quadra;;;0;1;0;0;0;0;0;0;0;1;0;0;"-3;70029000000";"-38;58548000000";mq_gpsv
364529;19;11;2020;8:51;0;AV BEZERRA DE MENEZES;;;;;ColisÃ£o;Luz do Dia;;;Meio de Quadra;;;0;1;0;1;0;0;0;0;0;0;0;0;;;
364546;19;11;2020;8:57;0;AV GODOFREDO MACIEL;;;6340;;ColisÃ£o;Luz do Dia;;;Meio de Quadra;;;0;1;0;1;0;0;0;0;0;1;0;0;"-3;83120700000";"-38;58102800000";mq_match
364563;19;11;2020;8:59;0;RD BR 116;;;12000;KM-12;ColisÃ£o;Luz do Dia;;;Meio de Quadra;;;0;1;0;1;0;0;0;0;0;1;0;0;"-3;85574000000";"-38;49606600000";rod_match
364564;19;11;2020;10:10;0;RUA ALM RUBIM;;;1400;;ColisÃ£o;Luz do Dia;;;Meio de Quadra;;;0;1;0;1;0;0;0;0;0;1;0;0;"-3;76971430000";"-38;55622260000";mq_match
364568;19;11;2020;11:03;0;AV SEN CARLOS JEREISSATI (AEROPORTO);;;3000;;Outros;Luz do Dia;;;Meio de Quadra;;;0;5;0;0;0;0;0;0;0;0;0;0;"-3;77964100000";"-38;54403800000";mq_match
364624;19;11;2020;11:42;0;RUA DEMETRIO MENEZES;;;3750;;Queda;Luz do Dia;;;Meio de Quadra;;;0;1;0;0;0;0;0;0;0;1;0;0;"-3;73649400000";"-38;58403850000";mq_match
364627;19;11;2020;12:03;0;AV ALANIS MARIA LAURINDO DE OLIVEIRA;;;650;;ColisÃ£o;Luz do Dia;;;Meio de Quadra;;;0;1;0;0;0;0;1;0;0;1;0;0;"-3;76765470000";"-38;60676000000";mq_match
364628;19;11;2020;12:33;21264;RUA DOM HELIO CAMPOS D21;RUA MARCILIO DIAS;;;;ColisÃ£o;Luz do Dia;;;;;;0;1;0;0;0;0;0;0;0;1;0;0;"-3;71050900000";"-38;55464800000";inter_match
364629;19;11;2020;13:20;35;RUA PEDRO MELO;RUA JOAQUIM LEITAO;;;;ColisÃ£o;Luz do Dia;;;Cruz;Pare;Comercial;0;1;0;0;0;0;0;0;0;1;0;0;"-3;74417400000";"-38;59210000000";inter_match
364638;19;11;2020;15:33;0;AV F CJ CEARA;;;322;;ColisÃ£o;Luz do Dia;;;Meio de Quadra;;;0;1;0;1;0;0;0;0;0;1;0;0;"-3;76377413000";"-38;60692170000";mq_qgis
364639;19;11;2020;15:57;0;AV DEP PAULINO ROCHA;;;281;;ColisÃ£o;Luz do Dia;;;Meio de Quadra;;;0;1;0;1;0;0;0;0;0;1;0;0;"-3;80457400000";"-38;50799800000";mq_match
364640;19;11;2020;16:25;0;AV PRO GOMES DE MATOS;;;1270;;Atropelamento;Luz do Dia;;;Meio de Quadra;;;0;1;0;1;0;0;0;0;0;0;0;0;"-3;76337150000";"-38;54763800000";mq_match
364641;19;11;2020;17:42;0;RUA DR JOAQUIM BENTO;;;634;;ColisÃ£o;Anoitecer;;;Meio de Quadra;;;0;1;0;0;0;0;0;0;0;1;0;0;"-3;82828500000";"-38;48608000000";mq_match
364642;19;11;2020;18:56;0;RD BR 116;;;;;ColisÃ£o;;;;Meio de Quadra;;;0;1;0;1;0;0;0;0;0;1;0;0;;;
364643;19;11;2020;20:22;0;AV JOR THOMAZ COELHO;;;;;Queda;;;;Meio de Quadra;;;0;1;0;0;0;0;0;0;0;1;0;0;;;
364644;19;11;2020;20:23;0;AV JOSE LEON;;;1120;;Queda;;;;Meio de Quadra;;;0;1;0;0;0;0;0;0;0;1;0;0;"-3;78782033000";"-38;50179600000";mq_qgis
364645;19;11;2020;21:14;0;RUA EUCLIDES O DE SOUSA;;;1137;;ColisÃ£o;;;;Meio de Quadra;;;0;1;0;1;0;0;0;0;0;1;0;0;"-3;79738974000";"-38;47002180000";mq_qgis
364646;19;11;2020;21:51;5295;AV IMPERADOR;RUA PEDRO I;;;;ColisÃ£o;;;;Cruz;SemÃ¡foro;Comercial;0;2;0;0;0;0;0;0;0;1;0;0;"-3;72916100000";"-38;53503500000";inter_match
364647;19;11;2020;22:03;0;RUA SEN POMPEU;;;2744;;ColisÃ£o;;;;Meio de Quadra;;;0;1;0;1;0;0;0;0;0;1;0;0;"-3;74260175000";"-38;53437270000";mq_qgis
364723;19;11;2020;17:35;0;AV CEL CARVALHO;;;968;;ColisÃ£o;Anoitecer;;;Meio de Quadra;;;0;1;1;0;0;0;0;0;0;1;0;0;"-3;71071800000";"-38;58963300000";mq_match
364724;20;11;2020;16:24;4733;AV WASHINGTON SOARES;AV MIN JOSE AMERICO;;;;ColisÃ£o;Luz do Dia;;;;DÃª PreferÃªncia;Outros;0;2;1;1;0;0;0;0;0;1;0;0;"-3;81265000000";"-38;47941900000";inter_match
364714;20;11;2020;6:50;0;RUA CEL VIRGILIO NOGUEIRA (BOM JARDIM);;;518;;Queda;Luz do Dia;;;Meio de Quadra;;;0;1;0;0;0;1;0;0;0;0;0;0;;;
364715;20;11;2020;9:40;0;AV JOSE TAVARES;;;1466;;Atropelamento;Luz do Dia;;;Meio de Quadra;;;0;1;0;1;0;0;0;0;0;0;0;0;;;
364716;20;11;2020;10:09;0;RUA PDE PEDRO DE ALENCAR;;;66;;Atropelamento;Luz do Dia;;;Meio de Quadra;;;0;1;0;0;0;0;0;0;0;1;0;0;"-3;82833000000";"-38;49360000000";mq_gpsv
364717;20;11;2020;10:58;0;AV SEN FERNANDES TAVORA;;;2997;;ColisÃ£o;Luz do Dia;;;Meio de Quadra;;;0;1;1;1;0;0;0;0;0;1;0;0;"-3;75483400000";"-38;59988400000";mq_match
364718;20;11;2020;11:20;0;AV JOAO PESSOA;;;3577;;ColisÃ£o;Luz do Dia;;;Meio de Quadra;;;0;1;0;0;0;0;0;0;0;0;0;0;"-3;74623000000";"-38;54383000000";mq_gpsv