COD_ACIDENTE;DIA;MES;ANO;HORA;INTERSECAO;LOG1;LOG2;LOG3;NUMERO;REFERENCIA;NATUREZA;ILUMINACAO;TEMPO;SUPERFICIEPISTA;TIPOCRUZAMENTO;CONTROLETRAFEGO;USOSOLO;MORTOS;FERIDOS;ILESOS;AUTOMOVEL;ONIBUS;BICICLETA;CAMINHAO;MICROONIBUS;CICLOMOTOR;MOTOCICLETA;TRACAOANIMAL;TREM;LATITUDE;LONGITUDE;METODO
364688;26;11;2020;7:58;0;AV ALANIS MARIA LAURINDO DE OLIVEIRA;;;1150;;ColisÃ£o;Luz do Dia;;;Meio de Quadra;;;0;1;0;0;0;0;0;0;0;0;0;0;"-3;77109530000";"-38;60967600000";mq_match
364525;26;11;2020;0:30;0;RUA GUILHERME ROCHA;;;1430;;Queda;;;;Meio de Quadra;;;0;2;0;0;0;0;0;0;0;1;0;0;"-3;72347500000";"-38;53876200000";mq_match
364526;26;11;2020;0:34;0;AV ENG ALBERTO SA;;;220;;ColisÃ£o;;;;Meio de Quadra;;;0;1;0;1;0;0;0;0;0;1;0;0;"-3;73375800000";"-38;47861000000";mq_match
364527;26;11;2020;6:21;0;RD BR 116;;;;;ColisÃ£o;Luz do Dia;;;Meio de Quadra;;;0;1;0;1;0;0;0;0;0;1;0;0;;;
362791;26;11;2020;13:45;266;AV JOVITA FEITOSA;RUA ERICO MOTA;;;;ColisÃ£o Transversal;Luz do Dia;Bom;Seca;Cruz;SemÃ¡foro;Comercial;0;1;1;0;0;0;0;0;0;1;0;0;"-3;74093800000";"-38;56185000000";inter_match
362792;26;11;2020;13:34;23490;RUA CARVALHO JUNIOR;RUA ALVARO BOMILCAR;;;;ColisÃ£o Transversal;Luz do Dia;Bom;Seca;Cruz;Pare;Comercial;0;1;1;1;0;0;0;0;0;1;0;0;"-3;75845000000";"-38;50971000000";inter_gpsv
362793;27;11;2020;3:42;0;AV ALM HENRIQUE SABOIA;;;;;Choque c/ ObstÃ¡culo Fixo;Via Iluminada;Bom;Seca;Meio de Quadra;NÃ£o HÃ¡ Controle;Residencial;0;1;2;1;0;0;0;0;0;0;0;0;;;
362794;27;11;2020;7:38;0;AV JOSE JATAHY;AV JOSE BASTOS;;;;Choque c/ ObstÃ¡culo Fixo;Luz do Dia;Bom;Seca;Outros;NÃ£o HÃ¡ Controle;Residencial;0;1;1;0;0;0;1;0;0;1;0;0;"-3;72608000000";"-38;54602000000";inter_gpsv
362795;27;11;2020;7:36;19689;RUA GUSTAVO SAMPAIO;RUA DOM LINO;;;;ColisÃ£o Lateral;Luz do Dia;Bom;Seca;Cruz;SemÃ¡foro;Residencial;0;1;1;1;0;0;0;0;1;0;0;0;"-3;73543500000";"-38;55731300000";inter_match
362796;27;11;2020;11:17;5440;AV HERACLITO GRACA;RUA RODRIGUES JUNIOR;;;;ColisÃ£o Transversal;Luz do Dia;Bom;Seca;Meio de Quadra;SemÃ¡foro;Comercial;0;1;1;0;0;0;1;0;0;1;0;0;"-3;73437400000";"-38;52183100000";inter_match
362797;27;11;2020;14:43;0;AV OLIVEIRA PAIVA;;;2503;;ColisÃ£o Traseira;Luz do Dia;Bom;Seca;Meio de Quadra;SemÃ¡foro;Comercial;0;1;1;0;1;0;0;0;0;1;0;0;"-3;79608700000";"-38;48413900000";mq_qgis
362798;27;11;2020;18:54;5112;RUA CASTRO E SILVA;RUA BAR RIO BRANCO;;;;ColisÃ£o;Via Iluminada;Bom;Seca;Cruz;SemÃ¡foro;Comercial;0;1;2;1;1;0;0;0;0;0;0;0;"-3;72384700000";"-38;52742900000";inter_match
362799;27;11;2020;22:51;0;AV LINEU MACHADO;;;1619;;ColisÃ£o;Via Iluminada;Bom;Seca;;;;0;1;1;0;0;0;0;1;0;1;0;0;"-3;77362400000";"-38;58090400000";mq_match
364671;27;11;2020;9:00;0;RD CE-060;;;;KM-02;ColisÃ£o;Luz do Dia;;;Meio de Quadra;;;0;1;1;0;0;0;0;0;0;1;0;0;"-3;83406400000";"-38;58211100000";rod_match
364672;27;11;2020;16:00;0;RD CE-040;;;;KM-06;ColisÃ£o;Luz do Dia;;;Meio de Quadra;;;0;0;3;1;0;0;0;0;0;0;0;0;"-3;80959680400";"-38;47873348000";rod_match
364743;27;11;2020;21:04;10051;RUA VITAL BRASIL;RUA TAUBATE;;;;ColisÃ£o;;;;Cruz;Pare;Comercial;0;1;1;1;0;0;0;0;0;1;0;0;"-3;77801200000";"-38;59799500000";inter_match
364744;27;11;2020;17:03;0;AV PRS CASTELO BRANCO;;;901;;ColisÃ£o;Anoitecer;;;Meio de Quadra;;;0;1;1;1;0;0;0;0;0;1;0;0;"-3;71976091900";"-38;53134654000";mq_match
364745;27;11;2020;16:32;0;RUA ANTONIO ALVES RIBEIRO;;;;;ColisÃ£o;Luz do Dia;;;;;;0;1;1;1;0;0;0;0;0;1;0;0;;;
364975;27;11;2020;7:08;0;AV MOZART PINHEIRO DE LUCENA;;;15;;ColisÃ£o;Luz do Dia;;;Meio de Quadra;;;0;1;1;1;0;0;0;0;0;1;0;0;"-3;70629000000";"-38;59213000000";mq_gpsv
364976;27;11;2020;7:48;12954;RUA BERNARDO MANUEL;AV PRS COSTA E SILVA;;;;ColisÃ£o;Luz do Dia;;;Cruz;SemÃ¡foro;Comercial;0;1;1;0;0;0;0;0;0;0;0;0;"-3;82107900000";"-38;55827600000";inter_match
364978;27;11;2020;7:53;0;RUA VIANA DE CARVALHO;;;50;;Queda;Luz do Dia;;;Meio de Quadra;;;0;1;0;0;0;0;0;0;0;1;0;0;"-3;72245978000";"-38;55451500000";mq_qgis
364986;27;11;2020;11:21;25795;RUA ANDRADE FURTADO;RUA JOSE BORBA VASCONCELOS;;;;ColisÃ£o;Luz do Dia;;;T;Pare;Comercial;0;1;1;1;0;0;0;0;0;1;0;0;"-3;74494000000";"-38;47152000000";inter_gpsv
364987;27;11;2020;11:49;0;AV DR JOAO MACIEL FILHO;;;450;;Queda;Luz do Dia;;;Meio de Quadra;;;0;1;0;0;0;0;0;0;0;1;0;0;"-3;78686671000";"-38;49593160000";mq_qgis
364988;27;11;2020;11:56;16709;RUA PLANALTINA (PL AYRTON SENNA);RUA JOAQUIM CORREIA;;;;ColisÃ£o;Luz do Dia;;;;;;0;1;1;1;0;0;0;0;0;1;0;0;"-3;83566500000";"-38;56888500000";inter_match
364989;27;11;2020;12:44;12404;AV SEN FERNANDES TAVORA;AV LINEU MACHADO;;;;ColisÃ£o;Luz do Dia;;;Cruz;SemÃ¡foro;Comercial;0;1;1;1;0;0;0;0;0;1;0;0;"-3;76519900000";"-38;57654000000";inter_match
364990;27;11;2020;14:32;0;AV CONTORNO NORTE D71;;;1395;;ColisÃ£o;Luz do Dia;;;Meio de Quadra;;;0;1;1;1;0;0;0;0;0;1;0;0;"-3;81179600000";"-38;58947300000";mq_match
364991;27;11;2020;14:33;0;RUA FRANCISCO MATIAS;;;;;Choque c/ ObstÃ¡culo Fixo;Luz do Dia;;;Meio de Quadra;;;0;1;0;1;0;0;0;0;0;0;0;0;;;
364992;27;11;2020;15:43;0;RUA GAL CORDEIRO NETO;;;712;;ColisÃ£o;Luz do Dia;;;Meio de Quadra;;;0;1;1;1;0;0;0;0;0;1;0;0;"-3;81061000000";"-38;57209000000";mq_gpsv
364993;27;11;2020;15:59;0;RUA ESV AZEVEDO;;;;;ColisÃ£o;Luz do Dia;;;Meio de Quadra;;;0;1;1;1;0;0;0;0;0;0;0;0;;;
364981;27;11;2020;8:08;0;AV CARAPINIMA;;;2573;;ColisÃ£o;Luz do Dia;;;Meio de Quadra;;;0;1;1;0;0;0;1;0;0;1;0;0;;;
364982;27;11;2020;8:43;0;RUA ROTARY;;;183;;Queda;Luz do Dia;;;Meio de Quadra;;;0;1;0;0;0;1;0;0;0;0;0;0;"-3;74185233000";"-38;55543390000";mq_qgis
364983;27;11;2020;11:01;0;RUA DA FE;;;196;;Atropelamento;Luz do Dia;;;Meio de Quadra;;;0;1;1;1;0;0;0;0;0;0;0;0;"-3;71521336000";"-38;55786720000";mq_qgis
365005;27;11;2020;17:19;0;AV DUQ CAXIAS;;;;;Queda;Anoitecer;;;Meio de Quadra;;;0;1;0;0;0;1;0;0;0;0;0;0;;;
365006;27;11;2020;17:32;26176;RUA AFONSO HENRIQUE;AV ODILON GUIMARAES;;;;ColisÃ£o;Anoitecer;;;T;Pare;Comercial;0;2;1;1;0;0;0;0;0;1;0;0;"-3;82672000000";"-38;48033000000";inter_match
365007;27;11;2020;17:33;0;AV GAL OSORIO DE PAIVA;;;6399;;Queda;Anoitecer;;;Meio de Quadra;;;0;1;0;0;0;0;0;0;0;1;0;0;"-3;80889870000";"-38;60597110000";mq_match
365008;27;11;2020;17:39;0;AV SGT HERMINIO SAMPAIO;;;1798;;ColisÃ£o;Anoitecer;;;Meio de Quadra;;;0;1;1;0;0;0;0;0;0;0;0;0;"-3;72570000000";"-38;55688500000";mq_qgis
365010;27;11;2020;17:54;0;AV SIQUEIRA CAMPOS;;;356;;ColisÃ£o;Anoitecer;;;Meio de Quadra;;;0;1;1;1;0;0;0;0;0;1;0;0;"-3;81938100000";"-38;62101200000";mq_match
365012;27;11;2020;17:56;0;AV PRS COSTA E SILVA;;;;;ColisÃ£o;Anoitecer;;;Meio de Quadra;;;0;1;1;1;0;0;0;0;0;1;0;0;;;
365014;27;11;2020;17:56;24229;AV ENG SANTANA JUNIOR;AV ENG ALBERTO SA;;;;ColisÃ£o;Anoitecer;;;Cruz;SemÃ¡foro;Comercial;0;1;1;1;0;0;0;0;0;1;0;0;"-3;73335700000";"-38;48062400000";inter_match
365018;27;11;2020;19:30;0;AV ARY THIERS;;;579;;ColisÃ£o;;;;Meio de Quadra;;;0;1;1;0;0;0;0;0;0;0;0;0;;;
365019;27;11;2020;19:34;0;AV PRS CASTELO BRANCO;;;4301;;ColisÃ£o;;;;Meio de Quadra;;;0;2;0;0;0;0;0;0;0;1;0;0;"-3;70754100000";"-38;57077230000";mq_qgis
365025;27;11;2020;21:05;0;RUA BETEL;;;;;Atropelamento;;;;Meio de Quadra;;;0;1;1;0;0;0;0;0;0;0;0;0;;;
365026;27;11;2020;21:16;0;AV BENJAMIM BRASIL;;;339;;Atropelamento;;;;Meio de Quadra;;;0;1;1;1;0;0;0;0;0;0;0;0;"-3;80386545500";"-38;57009118200";mq_match
365027;27;11;2020;22:14;0;AV C CJ CEARA;;;1829;;Queda;;;;Meio de Quadra;;;0;1;0;0;0;0;0;0;0;1;0;0;"-3;77438400000";"-38;61582600000";mq_match
365030;27;11;2020;22:54;19152;RUA LAURO NOGUEIRA;RUA BATISTA DE OLIVEIRA;;;;ColisÃ£o;;;;Cruz;NÃ£o HÃ¡ Controle;Residencial;0;1;1;1;0;0;0;0;0;1;0;0;"-3;74008600000";"-38;47830100000";inter_match
365031;27;11;2020;23:06;0;AV SEN FERNANDES TAVORA;;;44;;ColisÃ£o;;;;Meio de Quadra;;;0;2;1;1;0;0;0;0;0;1;0;0;"-3;75379000000";"-38;60561000000";mq_match
365032;27;11;2020;23:14;0;AV WASHINGTON SOARES;;;4567;;Queda;;;;Meio de Quadra;;;0;1;0;0;0;0;0;0;0;1;0;0;"-3;79865500000";"-38;47971400000";mq_qgis
365022;27;11;2020;20:03;0;AV CASTELO DE CASTRO;;;82;;Atropelamento;;;;Meio de Quadra;;;0;1;1;0;0;0;0;0;0;1;0;0;"-3;82948200000";"-38;52144850000";mq_qgis
365039;28;11;2020;7:31;0;AV PRS CASTELO BRANCO;;;1999;;ColisÃ£o;Luz do Dia;;;Meio de Quadra;;;0;1;1;1;0;0;0;0;0;1;0;0;"-3;71510000000";"-38;54481000000";mq_gpsv
365041;28;11;2020;9:17;23770;RUA LINS DO REGO;RUA COSTA FREIRE;;;;ColisÃ£o;Luz do Dia;;;Cruz;Pare;Residencial;0;1;1;0;0;0;0;0;0;1;0;0;"-3;78324800000";"-38;57668400000";inter_match
365044;28;11;2020;9:54;0;RUA NEWTON CRAVEIRO;;;120;;Atropelamento;Luz do Dia;;;Meio de Quadra;;;0;1;1;1;0;0;0;0;0;0;0;0;"-3;80951000000";"-38;49981000000";mq_gpsv
365048;28;11;2020;11:05;0;RUA TEOFREDO GOIANA;;;840;;ColisÃ£o;Luz do Dia;;;Meio de Quadra;;;0;1;1;1;0;0;0;0;0;1;0;0;"-3;79450827000";"-38;50271950000";mq_qgis
365049;28;11;2020;11:59;0;RUA CEL VIRGILIO NOGUEIRA (BOM JARDIM);;;424;;ColisÃ£o;Luz do Dia;;;Meio de Quadra;;;0;1;1;0;0;0;0;0;0;0;0;0;;;
365050;28;11;2020;12:34;0;AV BAR STUDART;;;303;;Queda;Luz do Dia;;;Meio de Quadra;;;0;1;0;0;0;1;0;0;0;0;0;0;"-3;72643100000";"-38;50397000000";mq_qgis
365051;28;11;2020;12:46;0;RUA 6 PQ BOATAN;;;1128;;ColisÃ£o;Luz do Dia;;;Meio de Quadra;;;0;1;1;1;0;0;1;0;0;0;0;0;;;
365052;28;11;2020;12:56;4810;RUA CON DE CASTRO;RUA MONTE PASCOAL;;;;ColisÃ£o;Luz do Dia;;;;;;0;1;1;1;0;0;0;0;0;1;0;0;"-3;80755600000";"-38;59425100000";inter_match
365033;28;11;2020;1:18;0;AV DR SILAS MUNGUBA;;;;;ColisÃ£o;;;;Meio de Quadra;;;0;1;1;1;0;0;0;0;0;1;0;0;;;
365034;28;11;2020;2:14;0;AV MON TABOSA;;;;;Queda;;;;Meio de Quadra;;;0;1;0;0;0;0;0;0;0;1;0;0;;;
365035;28;11;2020;3:12;0;RUA CEL JOAQUIM FRANKLIN;;;530;;Queda;;;;Meio de Quadra;;;0;1;0;0;0;0;0;0;0;1;0;0;"-3;74291957000";"-38;59111560000";mq_qgis
365046;28;11;2020;10:37;19105;RUA JOSE RANGEL;RUA ALMEIDA PRADO;;;;ColisÃ£o;Luz do Dia;;;Cruz;Pare;Residencial;0;1;1;1;0;0;0;0;0;1;0;0;"-3;73795700000";"-38;47331500000";inter_match
365057;28;11;2020;13:11;0;RUA DES JOSE GIL DE CARVALHO;;;161;;Queda;Luz do Dia;;;Meio de Quadra;;;0;1;0;0;0;0;0;0;0;1;0;0;"-3;80146600000";"-38;49262170000";mq_qgis
365059;28;11;2020;13:13;0;AV SANTOS DUMONT;;;5225;;ColisÃ£o;Luz do Dia;;;Meio de Quadra;;;0;1;1;1;0;0;0;0;0;1;0;0;"-3;74050600000";"-38;48513200000";mq_match
365060;28;11;2020;13:50;205;RUA TEN QUEIROZ;RUA MAJ CELESTINO;;;;ColisÃ£o;Luz do Dia;;;;;;0;1;1;0;0;0;0;0;0;0;0;0;"-3;74579000000";"-38;59526000000";inter_gpsv
365061;28;11;2020;14:17;0;LOGRADOURO SEM NOME;;;;;Queda;Luz do Dia;;;Meio de Quadra;;;0;1;0;0;0;0;0;0;0;1;0;0;;;
365062;28;11;2020;14:43;0;RUA DEMETRIO MENEZES;;;3572;;ColisÃ£o;Luz do Dia;;;Meio de Quadra;;;0;1;1;1;0;0;0;0;0;1;0;0;"-3;73488000000";"-38;58425000000";mq_gpsv
365064;28;11;2020;15:21;0;AV JOR THOMAZ COELHO;;;2246;;ColisÃ£o;Luz do Dia;;;Meio de Quadra;;;0;1;1;1;0;0;0;0;0;1;0;0;"-3;82795941000";"-38;51527030000";mq_qgis
365065;28;11;2020;15:47;0;RUA JOHN LENNON;;;605;;ColisÃ£o;Luz do Dia;;;Meio de Quadra;;;0;1;1;1;0;0;0;0;0;1;0;0;"-3;82054000000";"-38;49037000000";mq_gpsv
365066;28;11;2020;16:21;10072;RUA CEL VIRGILIO NOGUEIRA (BOM JARDIM);RUA CEL FABRICIANO;;;;ColisÃ£o;Luz do Dia;;;;;;0;1;1;1;0;0;0;0;0;1;0;0;"-3;79100000000";"-38;60945000000";inter_gpsv
365067;28;11;2020;16:23;0;RUA PIERRE LUZ;;;625;;ColisÃ£o;Luz do Dia;;;Meio de Quadra;;;0;1;1;1;0;0;0;0;0;1;0;0;"-3;72472000000";"-38;58843000000";mq_gpsv
365068;28;11;2020;16:28;0;RUA BETEL;;;;;ColisÃ£o;Luz do Dia;;;Meio de Quadra;;;0;1;1;1;0;0;0;0;0;1;0;0;;;
365069;28;11;2020;16:52;0;RUA K UI 209;;;61;;Atropelamento;Luz do Dia;;;Meio de Quadra;;;0;1;1;0;0;0;0;0;0;1;0;0;;;
365070;28;11;2020;17:01;0;RUA SALGADO FILHO;;;52;;Atropelamento;Anoitecer;;;Meio de Quadra;;;0;1;1;0;0;0;0;0;0;1;0;0;"-3;73950562000";"-38;59545040000";mq_qgis
365071;28;11;2020;17:27;0;AV GOV RAUL BARBOSA;;;;;Queda;Anoitecer;;;Meio de Quadra;;;0;1;0;0;0;1;0;0;0;0;0;0;;;
365078;28;11;2020;19:13;0;AV CASTELO DE CASTRO;;;293;;Atropelamento;;;;Meio de Quadra;;;0;1;1;1;0;0;0;0;0;0;0;0;"-3;83183850000";"-38;52143040000";mq_match
365079;28;11;2020;19:14;0;LOGRADOURO SEM NOME;;;10;;Atropelamento;;;;Meio de Quadra;;;0;1;1;1;0;0;0;0;0;0;0;0;"-3;81776522000";"-38;59997720000";mq_qgis
365080;28;11;2020;19:34;0;RUA EDGAR FALCAO;;;;;Atropelamento;;;;Meio de Quadra;;;0;1;1;0;0;0;0;0;0;0;0;0;;;
365081;28;11;2020;19:42;0;RUA MAJ MONTENEGRO;;;654;;ColisÃ£o;;;;Meio de Quadra;;;0;2;1;1;0;0;0;0;0;1;0;0;"-3;79829320000";"-38;58061460000";mq_qgis
365082;28;11;2020;20:11;0;AV MOZART PINHEIRO DE LUCENA;;;2280;;ColisÃ£o;;;;Meio de Quadra;;;0;1;1;1;0;0;0;0;0;1;0;0;"-3;72293050000";"-38;59704950000";mq_match
365083;28;11;2020;20:34;13304;AV I CJ JOSE WALTER;AV G CJ JOSE WALTER;;;;ColisÃ£o;;;;Cruz;Pare;Residencial;0;1;1;1;0;0;0;0;0;1;0;0;"-3;83906100000";"-38;55495600000";inter_match
365084;28;11;2020;20:45;0;RUA SEBASTIAO DE ABREU;;;200;;Queda;;;;Meio de Quadra;;;0;1;0;0;0;1;0;0;0;0;0;0;"-3;79360000000";"-38;56719000000";mq_gpsv
365085;28;11;2020;20:55;0;AV PRUDENTE BRASIL;;;1064;;Queda;;;;Meio de Quadra;;;0;1;0;0;0;0;0;0;0;1;0;0;"-3;81142990800";"-38;53503505000";mq_match
365086;28;11;2020;23:37;0;AV PRS CASTELO BRANCO;;;4375;;Queda;;;;Meio de Quadra;;;0;1;0;0;0;0;0;0;0;1;0;0;"-3;70713500000";"-38;57189600000";mq_match
365087;28;11;2020;23:54;0;RUA COS ARAUJO LIMA;;;534;;Queda;;;;Meio de Quadra;;;0;1;0;0;0;0;0;0;0;1;0;0;"-3;74892000000";"-38;59208000000";mq_gpsv
365074;28;11;2020;17:50;15242;RUA OSVALDO CRUZ (ALDEOTA);RUA SILVA JATAHY;;;;ColisÃ£o;Anoitecer;;;Cruz;Pare;Residencial;0;1;1;1;0;0;0;0;0;1;0;0;"-3;72769400000";"-38;49776700000";inter_match
365075;28;11;2020;17:59;0;RD BR 116;;;;;Queda;Anoitecer;;;Meio de Quadra;;;0;1;0;0;0;0;0;0;0;1;0;0;;;
365076;28;11;2020;18:56;1383;RUA MARCOS MACEDO;RUA MON CATAO;;;;ColisÃ£o;;;;Cruz;Pare;Comercial;0;1;1;1;0;0;0;0;0;1;0;0;"-3;73684980000";"-38;48993000000";inter_match
364742;28;11;2020;18:19;0;RUA BRAGANCA;;;;;ColisÃ£o;Anoitecer;;;;;;0;2;1;1;0;0;0;0;0;1;0;0;;;
364740;28;11;2020;23:45;0;AV MR HULL;;;2989;;Atropelamento;;;;Meio de Quadra;;;0;1;1;1;0;0;0;0;0;0;0;0;"-3;73705000000";"-38;57069000000";mq_gpsv
364673;28;11;2020;2:20;0;RD CE-025;;;;KM-01;Choque c/ ObstÃ¡culo Fixo;;;;;;;0;1;1;0;0;0;0;0;0;1;0;0;"-3;80781144300";"-38;47004860000";rod_match
364669;28;11;2020;11:10;0;AV SEN CARLOS JEREISSATI (AEROPORTO);;;;KM 03;ColisÃ£o;Luz do Dia;;;Meio de Quadra;;;0;0;2;1;0;0;0;0;0;0;0;0;"-3;77964100000";"-38;54403800000";rod_match
364670;28;11;2020;10:15;0;RD CE-040;;;;KM-04;Choque c/ ObstÃ¡culo Fixo;Luz do Dia;;;Meio de Quadra;;;0;0;1;0;0;0;0;0;0;0;0;0;"-3;79161315600";"-38;48033084000";rod_match
364094;28;11;2020;7:50;0;RD BR 116;;;14000;KM-14;Atropelamento;Luz do Dia;;;Meio de Quadra;;;1;0;1;0;0;0;0;0;0;0;0;0;"-3;87352300000";"-38;49924200000";rod_match
362800;28;11;2020;5:06;15358;RUA PRO DIAS DA ROCHA;RUA REPUBLICA DO LIBANO;;;;Choque c/ ObstÃ¡culo Fixo;Amanhecer;Bom;Seca;Cruz;Pare;Residencial;0;1;1;1;0;0;0;0;0;0;0;0;"-3;73316300000";"-38;49092200000";inter_match
362801;28;11;2020;12:05;0;AV ENG ALBERTO SA;;;173;;ColisÃ£o Lateral;Luz do Dia;Bom;Seca;Meio de Quadra;SemÃ¡foro;Comercial;0;1;1;1;0;0;0;0;0;1;0;0;"-3;73316297000";"-38;48117380000";mq_qgis
362802;28;11;2020;14:15;2718;RUA OSCAR ARARIPE;RUA VALVERDE;;;;ColisÃ£o Traseira;Luz do Dia;Bom;Seca;Cruz;Pare;Comercial;0;1;1;1;0;0;0;0;0;1;0;0;"-3;78974800000";"-38;60386400000";inter_match
362803;28;11;2020;16:22;0;AV DEP PAULINO ROCHA;RUA JACARANDA;;0;;ColisÃ£o Lateral;Luz do Dia;Bom;Seca;Meio de Quadra;Pare;Comercial;0;0;2;1;0;0;0;0;0;0;0;0;"-3;80268000000";"-38;50777000000";inter_gpsv
362804;28;11;2020;19:23;5269;AV DUQ CAXIAS;RUA PDE IBIAPINA;;0;;NÃ£o Informado;Via Iluminada;Bom;Seca;Cruz;SemÃ¡foro;Comercial;0;1;1;1;0;0;0;0;0;1;0;0;"-3;72844600000";"-38;54022600000";inter_match
362805;28;11;2020;21:37;9032;RUA BAR ARATANHA;RUA PDE ROMA;;;;ColisÃ£o Transversal;Mal Iluminada;Bom;Seca;Cruz;Pare;Comercial;0;1;1;1;0;0;0;0;0;0;0;0;"-3;74488300000";"-38;53038400000";inter_match
362806;29;11;2020;4:31;26091;AV JOSE JATAHY;AV JOVITA FEITOSA;;;;ColisÃ£o;Via Iluminada;Bom;Seca;Cruz;SemÃ¡foro;Residencial;0;1;1;1;1;0;0;0;0;0;0;0;"-3;73727300000";"-38;54393600000";inter_match
362807;29;11;2020;7:05;0;AV OLIVEIRA PAIVA;;;1715;;Choque c/ ObstÃ¡culo Fixo;Luz do Dia;Bom;Seca;Meio de Quadra;Pare;Comercial;0;2;1;1;0;0;0;0;0;0;0;0;"-3;79584600000";"-38;49114700000";mq_match
362808;29;11;2020;7:56;0;AV OLIVEIRA PAIVA;;;7562;;NÃ£o Informado;Luz do Dia;Bom;Seca;Meio de Quadra;NÃ£o HÃ¡ Controle;Comercial;0;1;1;1;0;0;0;0;0;1;0;0;;;
362809;29;11;2020;10:02;0;RUA PRO COSTA MENDES;;;1440;;Choque c/ ObstÃ¡culo Fixo;Luz do Dia;Bom;Seca;Meio de Quadra;SemÃ¡foro;Residencial;0;0;1;0;0;0;0;0;0;0;0;0;"-3;75041000000";"-38;55159000000";mq_match
362810;29;11;2020;9:24;15326;AV BAR STUDART;RUA PEREIRA FILGUEIRAS;;;;ColisÃ£o Transversal;Luz do Dia;Bom;Seca;Cruz;SemÃ¡foro;Comercial;0;3;2;1;1;0;0;0;0;0;0;0;"-3;73081000000";"-38;50536100000";inter_match
362811;29;11;2020;11:39;0;RUA PRO COSTA MENDES;;;1440;;Choque c/ ObstÃ¡culo Fixo;Luz do Dia;Bom;Seca;Meio de Quadra;SemÃ¡foro;Residencial;0;0;0;0;0;0;0;0;0;0;0;0;"-3;75041000000";"-38;55159000000";mq_match
362812;29;11;2020;13:32;0;AV JOSE BASTOS;;;3;HEMOCE;ColisÃ£o Traseira;Luz do Dia;Bom;Seca;Meio de Quadra;NÃ£o HÃ¡ Controle;Comercial;0;0;2;1;0;0;0;0;0;0;0;0;;;
362813;29;11;2020;14:22;22845;RUA GOV JOAO CARLOS;RUA CON LIMA SUCUPIRA;;;;ColisÃ£o Transversal;Luz do Dia;Bom;Seca;Cruz;Pare;Residencial;0;1;1;1;0;0;0;0;0;1;0;0;"-3;77795100000";"-38;55151800000";inter_match
362814;29;11;2020;20:25;7258;AV ODILON GUIMARAES;RUA FRANCISCO LEANDRO;;0;;ColisÃ£o Transversal;Anoitecer;Bom;Seca;Cruz;SemÃ¡foro;Residencial;0;1;3;1;0;0;0;0;0;1;0;0;"-3;82450900000";"-38;47870900000";inter_match
365105;29;11;2020;9:37;0;RUA VASCO DE ATAIDE;;;1132;;ColisÃ£o;Luz do Dia;;;Meio de Quadra;;;0;1;1;1;0;0;0;0;0;1;0;0;"-3;82439433000";"-38;48402300000";mq_qgis
365106;29;11;2020;9:43;0;AV PRS CASTELO BRANCO;;;2048;;ColisÃ£o;Luz do Dia;;;Meio de Quadra;;;0;1;1;0;0;0;0;0;0;0;0;0;"-3;71462228000";"-38;54635080000";mq_qgis
365107;29;11;2020;10:06;0;RUA CARNAUBAL;;;837;;ColisÃ£o;Luz do Dia;;;Meio de Quadra;;;0;1;1;1;0;0;0;0;0;1;0;0;"-3;72230150000";"-38;58554610000";mq_qgis
365108;29;11;2020;10:18;0;AV FRANCISCO SA;;;2829;;ColisÃ£o;Luz do Dia;;;Meio de Quadra;;;0;2;1;1;0;0;0;0;0;1;0;0;"-3;71960440000";"-38;55073340000";mq_match
365109;29;11;2020;10:25;0;AV PRS CASTELO BRANCO;;;4631;;ColisÃ£o;Luz do Dia;;;Meio de Quadra;;;0;1;1;1;1;0;0;0;0;0;0;0;"-3;70665309100";"-38;57320482000";mq_match
365110;29;11;2020;10:52;24967;AV SANTOS DUMONT;AV ALM HENRIQUE SABOIA;;;;Queda;Luz do Dia;;;Outros;NÃ£o HÃ¡ Controle;Comercial;0;1;0;0;0;1;0;0;0;0;0;0;"-3;73968000000";"-38;48683500000";inter_match
365111;29;11;2020;12:17;0;RUA FRANCISCO TEIXEIRA DE ALCANTARA;;;50;;ColisÃ£o;Luz do Dia;;;Meio de Quadra;;;0;1;1;1;0;0;0;0;0;1;0;0;"-3;73704000000";"-38;45549000000";mq_gpsv
365112;29;11;2020;12:48;0;AV DIOGUINHO;;;57;;ColisÃ£o;Luz do Dia;;;Meio de Quadra;;;0;1;1;1;0;0;0;0;0;1;0;0;"-3;72659000000";"-38;46146000000";mq_gpsv
364092;29;11;2020;20:23;0;RD BR 116;;;;KM-04;Atropelamento;;;;Meio de Quadra;;;1;0;1;1;0;0;0;0;0;0;0;0;"-3;80235400000";"-38;50386900000";rod_match
364089;29;11;2020;0:20;0;AV B CJ HAB ST SAO JOAO;;;1007;;ColisÃ£o;;;;Meio de Quadra;;;1;0;1;1;0;0;0;0;0;1;0;0;"-3;85042700000";"-38;51919600000";fat_match
364737;29;11;2020;6:08;0;AV GAL OSORIO DE PAIVA;;;7562;;ColisÃ£o;Luz do Dia;;;Meio de Quadra;;;0;1;1;1;0;0;0;0;0;1;0;0;"-3;81829782600";"-38;61521900000";mq_match