COD_ACIDENTE;DIA;MES;ANO;HORA;INTERSECAO;LOG1;LOG2;LOG3;NUMERO;REFERENCIA;NATUREZA;ILUMINACAO;TEMPO;SUPERFICIEPISTA;TIPOCRUZAMENTO;CONTROLETRAFEGO;USOSOLO;MORTOS;FERIDOS;ILESOS;AUTOMOVEL;ONIBUS;BICICLETA;CAMINHAO;MICROONIBUS;CICLOMOTOR;MOTOCICLETA;TRACAOANIMAL;TREM;LATITUDE;LONGITUDE;METODO
364738;29;11;2020;18:15;5328;AV DUQ CAXIAS;AV TRISTAO GONCALVES;;;;ColisÃ£o;Anoitecer;;;Cruz;SemÃ¡foro;Comercial;0;2;0;0;0;0;0;0;0;1;0;0;"-3;73040000000";"-38;53419600000";inter_match
364734;29;11;2020;2:40;1234;AV SANTOS DUMONT;RUA ANTONIO AUGUSTO;;;;ColisÃ£o;;;;Cruz;Pare;Comercial;0;1;1;1;0;0;0;0;0;0;0;0;"-3;73122200000";"-38;51373300000";inter_match
364735;29;11;2020;17:00;1538;RUA LEONARDO MOTA;AV PDE ANTONIO TOMAS;;;;ColisÃ£o;Anoitecer;;;Cruz;SemÃ¡foro;Comercial;0;2;1;1;0;1;0;0;0;0;0;0;"-3;74081100000";"-38;49766200000";inter_match
364668;29;11;2020;15:13;0;RD CE-060;;;;KM-03;ColisÃ£o;Luz do Dia;;;Meio de Quadra;;;0;0;2;1;0;0;0;0;0;0;0;0;"-3;84303800000";"-38;58513300000";rod_match
364783;29;11;2020;23:32;0;RUA LINDOIA;;;161;;Queda;;;;Meio de Quadra;;;0;1;0;0;0;0;0;0;0;1;0;0;"-3;72027000000";"-38;47478000000";mq_gpsv
364784;29;11;2020;22:56;0;AV ROGACIANO LEITE;;;;;Queda;;;;Meio de Quadra;;;0;1;0;0;0;0;0;0;0;1;0;0;;;
364785;29;11;2020;22:25;0;AV VICENTE DE CASTRO;;;6001;;ColisÃ£o;;;;Meio de Quadra;;;0;1;1;1;0;0;0;0;0;1;0;0;"-3;71659100000";"-38;47508100000";mq_qgis
364786;29;11;2020;21:57;0;RUA VALPARAISO;;;1064;;ColisÃ£o;;;;Meio de Quadra;;;0;1;1;1;0;0;0;0;0;1;0;0;"-3;84201600000";"-38;52847200000";mq_match
364787;29;11;2020;21:20;0;RUA CEL JOAO CORREIA;;;1159;;ColisÃ£o;;;;Meio de Quadra;;;0;1;0;0;0;0;0;0;0;0;0;0;"-3;79231371000";"-38;60307390000";mq_qgis
364836;29;11;2020;13:42;23772;RUA ARAPONGA;RUA COSTA FREIRE;;;;ColisÃ£o;Luz do Dia;;;Cruz;Pare;Residencial;0;1;1;1;0;0;0;0;0;1;0;0;"-3;78451400000";"-38;57760600000";inter_match
364837;29;11;2020;12:51;0;RUA MONTE FLOR;;;252;;ColisÃ£o;Luz do Dia;;;Meio de Quadra;;;0;1;1;1;0;0;0;0;0;1;0;0;"-3;84254000000";"-38;57716000000";mq_gpsv
364793;29;11;2020;20:26;0;AV MARIO CAMARA VIEIRA;;;;;Queda;;;;Meio de Quadra;;;0;1;0;0;0;0;0;0;0;1;0;0;;;
364789;29;11;2020;21:03;0;RUA RIO GRANDE DO NORTE;;;1014;;ColisÃ£o;;;;Meio de Quadra;;;0;1;0;1;0;0;0;0;0;1;0;0;"-3;75954744000";"-38;56611070000";mq_qgis
364803;29;11;2020;16:17;0;AV SANTOS DUMONT;;;7800;;ColisÃ£o;Luz do Dia;;;Meio de Quadra;;;0;1;0;0;0;0;0;0;0;0;0;0;"-3;74736300000";"-38;46379400000";mq_match
364801;29;11;2020;16:48;0;RUA DR GILBERTO STUDART;;;2871;;ColisÃ£o;Luz do Dia;;;Meio de Quadra;;;0;1;1;1;0;0;0;0;0;1;0;0;"-3;74985000000";"-38;46138000000";mq_gpsv
364798;29;11;2020;17:33;0;AV PRO JOSE ARTHUR CARVALHO;;;2526;;ColisÃ£o;Anoitecer;;;Meio de Quadra;;;0;1;1;1;0;0;0;0;0;1;0;0;"-3;82423355000";"-38;45725750000";mq_qgis
364795;29;11;2020;18:35;15722;RUA DR JOAQUIM BENTO;RUA MEM DE SA;;;;ColisÃ£o;;;;T;SemÃ¡foro;Comercial;0;1;1;1;0;1;0;0;0;0;0;0;"-3;82828000000";"-38;48539000000";inter_gpsv
364813;29;11;2020;15:07;0;RUA PEDRO MUNIZ;;;;;Atropelamento;Luz do Dia;;;Meio de Quadra;;;0;1;0;1;0;0;0;0;0;0;0;0;;;
364809;29;11;2020;15:41;0;RUA CHILE;;;840;;Atropelamento;Luz do Dia;;;Meio de Quadra;;;0;1;1;1;0;0;0;0;0;0;0;0;"-3;74924000000";"-38;56838000000";mq_gpsv
364815;29;11;2020;14:56;0;RUA JOAQUIM ALVES;;;;;Atropelamento;Luz do Dia;;;Meio de Quadra;;;0;1;0;1;0;0;0;0;0;0;0;0;;;
364817;29;11;2020;14:17;0;RUA G CJ VILA VELHA;;;9;;Atropelamento;Luz do Dia;;;Meio de Quadra;;;0;1;0;0;0;0;0;0;0;0;0;0;"-3;71649660000";"-38;60159460000";mq_match
365103;29;11;2020;7:00;0;AV PRS CASTELO BRANCO;;;168;;ColisÃ£o;Luz do Dia;;;Meio de Quadra;;;0;1;1;1;0;0;0;0;0;1;0;0;"-3;72312000000";"-38;52156300000";mq_match
365104;29;11;2020;8:45;0;AV CONTORNO SUL;;;1561;;Atropelamento;Luz do Dia;;;Meio de Quadra;;;0;1;1;1;0;0;0;0;0;0;0;0;"-3;81253000000";"-38;59551000000";mq_gpsv
365089;29;11;2020;3:48;0;AV 13 DE MAIO;;;3281;;Capotamento;;;;Meio de Quadra;;;0;1;0;1;0;0;0;0;0;0;0;0;"-3;73728200000";"-38;54369400000";mq_match
365090;29;11;2020;6:58;0;AV ALBERTO CRAVEIRO;;;;;ColisÃ£o;Luz do Dia;;;Meio de Quadra;;;0;1;1;0;0;0;0;0;0;0;0;0;;;
364781;30;11;2020;6:13;0;AV PRS CASTELO BRANCO;;;2912;;Queda;Luz do Dia;;;Meio de Quadra;;;0;2;0;0;0;0;0;0;0;1;0;0;"-3;71212697000";"-38;55419710000";mq_qgis
364782;30;11;2020;5:56;0;RUA JULIO BRAGA;;;1490;;ColisÃ£o;Amanhecer;;;Meio de Quadra;;;0;1;1;1;0;0;0;0;0;1;0;0;"-3;77370300000";"-38;58372200000";mq_match
364758;30;11;2020;20:48;0;RUA SGT JOAO PINHEIRO;;;;;Atropelamento;;;;Meio de Quadra;;;0;1;0;0;0;0;0;0;0;1;0;0;;;
364756;30;11;2020;21:09;0;RUA PALESTINA D65;;;;;ColisÃ£o;;;;Meio de Quadra;;;0;1;0;0;0;0;0;0;0;0;0;0;;;
364760;30;11;2020;19:02;0;AV IMPERADOR;;;1125;;ColisÃ£o;;;;Meio de Quadra;;;0;2;0;0;0;0;0;0;0;1;0;0;"-3;73098336000";"-38;53557240000";mq_qgis
364761;30;11;2020;18:10;0;RUA CEREJEIRAS;;;1859;;ColisÃ£o;Anoitecer;;;Meio de Quadra;;;0;1;1;1;0;0;0;0;0;1;0;0;;;
364762;30;11;2020;18:02;0;RUA PEDRO SAMPAIO;;;744;;Queda;Anoitecer;;;Meio de Quadra;;;0;1;0;0;0;0;0;0;0;1;0;0;"-3;72395000000";"-38;59582000000";mq_gpsv
364763;30;11;2020;17:15;0;RUA NOGUEIRA ACIOLI;;;1822;;ColisÃ£o;Anoitecer;;;Meio de Quadra;;;0;1;1;1;0;0;0;0;0;1;0;0;"-3;73951914000";"-38;52016050000";mq_qgis
364764;30;11;2020;15:46;0;RUA HOLANDA;;;990;;Atropelamento;Luz do Dia;;;Meio de Quadra;;;0;1;0;0;0;0;0;0;0;0;0;0;"-3;80057200000";"-38;56116800000";mq_qgis
364765;30;11;2020;14:41;0;AV AGUANAMBI;;;;;Queda;Luz do Dia;;;Meio de Quadra;;;0;1;0;0;0;0;0;0;0;1;0;0;;;
364766;30;11;2020;13:22;14952;RUA CON DE CASTRO;RUA FERNANDO FARIAS DE MELO (MANUEL SÃTIRO);;;;Queda;Luz do Dia;;;T;Pare;Residencial;0;1;0;0;0;1;0;0;0;0;0;0;"-3;79004300000";"-38;57810200000";inter_match
364767;30;11;2020;13:13;6969;AV B CJ ESPERANCA;AV F CJ ESPERANCA;;;;ColisÃ£o;Luz do Dia;;;Cruz;Pare;Residencial;0;1;0;0;0;0;0;0;0;0;0;0;"-3;81748600000";"-38;58846700000";inter_match
364768;30;11;2020;12:28;0;AV GODOFREDO MACIEL;;;2420;;Queda;Luz do Dia;;;Meio de Quadra;;;0;1;0;0;0;0;0;0;0;1;0;0;"-3;79657962000";"-38;56995010000";mq_qgis
364769;30;11;2020;12:24;0;RUA STA LIDUINA D42;;;144;;ColisÃ£o;Luz do Dia;;;Meio de Quadra;;;0;1;1;0;0;0;0;0;0;1;0;0;"-3;79958100000";"-38;58510000000";mq_match
364770;30;11;2020;12:20;21356;RUA PDE GUERRA;RUA CARVALHO MOTA;;;;ColisÃ£o;Luz do Dia;;;;;;0;1;1;0;0;0;0;0;0;1;0;0;"-3;73631000000";"-38;54495000000";inter_gpsv
364771;30;11;2020;12:07;0;RUA JULIO PINTO D04;;;2004;;Atropelamento;Luz do Dia;;;Meio de Quadra;;;0;1;0;0;0;0;0;0;0;0;0;0;"-3;72604570000";"-38;54245940000";mq_qgis
364772;30;11;2020;12:05;0;RUA JOAO AMORA;;;1275;;ColisÃ£o;Luz do Dia;;;Meio de Quadra;;;0;1;1;0;0;0;0;0;0;1;0;0;"-3;79966300000";"-38;58510400000";mq_qgis
364773;30;11;2020;9:06;15227;AV ABOLICAO;AV DES MOREIRA;;;;Queda;Luz do Dia;;;Cruz;SemÃ¡foro;Comercial;0;1;0;0;0;0;0;0;0;1;0;0;"-3;72733100000";"-38;49547400000";inter_match
364774;30;11;2020;9:00;0;ET DO ANCURI;;;913;;ColisÃ£o;Luz do Dia;;;Meio de Quadra;;;0;1;1;1;0;0;0;0;0;1;0;0;"-3;86276476000";"-38;51589020000";mq_qgis
364775;30;11;2020;7:41;25148;AV PRO JOSE ARTHUR CARVALHO;RUA CEL JUSTINO F RAMOS;;;;ColisÃ£o;Luz do Dia;;;Cruz;Pare;Comercial;0;1;1;1;0;0;0;0;0;1;0;0;"-3;82629000000";"-38;47441000000";inter_gpsv
364777;30;11;2020;6:49;0;AV ENG ALBERTO SA;;;;;Atropelamento;Luz do Dia;;;Meio de Quadra;;;0;1;0;1;0;0;0;0;0;0;0;0;;;
364778;30;11;2020;6:28;0;AV SEN FERNANDES TAVORA;;;;;ColisÃ£o;Luz do Dia;;;Meio de Quadra;;;0;2;0;1;0;0;0;0;0;1;0;0;;;
364779;30;11;2020;6:18;0;RUA 15 DE NOVEMBRO;;;786;;Queda;Luz do Dia;;;Meio de Quadra;;;0;1;0;0;0;0;0;0;0;1;0;0;"-3;76990900000";"-38;55316900000";mq_qgis
364731;30;11;2020;1:13;0;RD BR 116;;;;KM-08;ColisÃ£o;;;;Meio de Quadra;;;0;1;1;1;0;0;0;0;0;1;0;0;"-3;82201800000";"-38;50326900000";rod_match
364732;30;11;2020;21:40;0;RUA JULIO BRAGA;;;;;ColisÃ£o;;;;Meio de Quadra;;;0;1;1;1;0;0;0;0;0;1;0;0;;;
364733;30;11;2020;16:36;0;RUA BERNARDO MANUEL;;;7216;;ColisÃ£o;Luz do Dia;;;Meio de Quadra;;;0;2;1;1;0;1;0;0;0;0;0;0;"-3;78139905000";"-38;54611410000";mq_qgis
364667;30;11;2020;11:40;0;RD CE-040;;;;KM-03;ColisÃ£o;Luz do Dia;;;Meio de Quadra;;;0;0;2;1;0;0;0;1;0;0;0;0;"-3;78261432500";"-38;48108390000";rod_match
364091;30;11;2020;8:20;0;RUA TEODORO DE CASTRO;;;2015;;Atropelamento;Luz do Dia;;;Meio de Quadra;;;1;0;1;0;0;0;1;0;0;0;0;0;"-3;77865233000";"-38;60900590000";mq_qgis
362815;30;11;2020;7:19;0;AV ENG ALBERTO SA;;;0;;NÃ£o Informado;Luz do Dia;Bom;Seca;Outros;NÃ£o HÃ¡ Controle;Residencial;0;1;1;0;0;0;0;0;0;0;0;0;;;
362816;30;11;2020;7:40;0;RUA DEP MANUEL MATOSO FILHO;RUA XXIX VILA VELHA;;0;;ColisÃ£o Lateral;Luz do Dia;Bom;Seca;Meio de Quadra;Pare;Comercial;0;1;1;1;0;0;0;0;0;1;0;0;"-3;72794000000";"-38;55442000000";inter_gpsv
362817;30;11;2020;16:40;0;RUA HOLANDA;;;19951;;Atropelamento;Luz do Dia;Bom;Seca;Meio de Quadra;Pare;Residencial;0;1;1;0;0;0;0;0;0;0;0;0;;;
362818;30;11;2020;17:19;0;RUA ANSELMO NOGUEIRA;RUA JULIO BRAGA;;0;;ColisÃ£o Transversal;Luz do Dia;Bom;Seca;Cruz;SemÃ¡foro;Comercial;0;1;1;1;0;0;0;0;0;1;0;0;"-3;77573000000";"-38;57986000000";inter_gpsv
362819;30;11;2020;21:00;20034;RUA DOS SABIAS;AV PALESTINA D68;;0;;ColisÃ£o Transversal;Luz do Dia;Bom;Seca;Cruz;Pare;Residencial;0;1;1;1;0;0;0;0;0;1;0;0;"-3;80521900000";"-38;53845200000";inter_match
365218;1;12;2020;6:42;0;RUA ASTROGILDO FONTOURA;;;379;;Queda;Luz do Dia;;;Meio de Quadra;;;0;1;0;0;0;0;0;0;0;1;0;0;"-3;71209800000";"-38;58253460000";mq_qgis
365219;1;12;2020;6:44;0;RUA PRO ANACLETO;;;980;;Queda;Luz do Dia;;;;;;0;2;0;0;0;0;0;0;0;1;0;0;;;
365220;1;12;2020;7:02;0;AV ALBERTO CRAVEIRO;;;;;ColisÃ£o;Luz do Dia;;;Meio de Quadra;;;0;1;1;1;0;0;0;0;0;1;0;0;;;
365221;1;12;2020;7:08;0;AV GOV RAUL BARBOSA;;;430;;ColisÃ£o;Luz do Dia;;;Meio de Quadra;;;0;1;1;1;0;0;0;0;0;1;0;0;"-3;75571000000";"-38;50461000000";mq_gpsv
365222;1;12;2020;9:57;20042;AV DEP PAULINO ROCHA;AV DR SILAS MUNGUBA;;;;ColisÃ£o;Luz do Dia;;;;;;0;1;1;0;0;0;0;0;0;1;0;0;"-3;80722900000";"-38;52478200000";inter_match
365223;1;12;2020;11:01;0;RUA BALDUINO FREIRE;;;727;;ColisÃ£o;Luz do Dia;;;Meio de Quadra;;;0;2;0;0;0;0;0;0;0;1;0;0;"-3;73498000000";"-38;58218000000";mq_gpsv
365224;1;12;2020;12:52;1219;RUA JOAO CORDEIRO;RUA COSTA BARROS;;;;ColisÃ£o;Luz do Dia;;;Cruz;SemÃ¡foro;Residencial;0;1;1;1;0;0;0;0;0;1;0;0;"-3;72944900000";"-38;51433100000";inter_match
365225;1;12;2020;16:33;0;AV SEN FERNANDES TAVORA;;;3002;;ColisÃ£o;Luz do Dia;;;Meio de Quadra;;;0;1;1;0;0;0;0;0;0;0;0;0;"-3;75486700000";"-38;59965900000";mq_match
365226;1;12;2020;16:33;0;AV BEIRA MAR;;;982;;ColisÃ£o;Luz do Dia;;;Meio de Quadra;;;0;2;0;0;0;0;0;0;0;0;0;0;"-3;72065350100";"-38;51040050000";mq_match
365227;1;12;2020;16:35;0;RUA VITAL BRASIL;;;1948;;ColisÃ£o;Luz do Dia;;;Meio de Quadra;;;0;2;0;0;0;0;0;0;0;0;0;0;"-3;77801200000";"-38;59799500000";mq_qgis
365228;1;12;2020;18:07;0;AV PDE ANTONIO TOMAS;;;;;Queda;Anoitecer;;;Meio de Quadra;;;0;1;0;0;0;1;0;0;0;0;0;0;;;
365229;1;12;2020;19:10;0;AV PRS CASTELO BRANCO;;;;;Queda;;;;Meio de Quadra;;;0;1;0;0;0;0;0;0;0;1;0;0;;;
365230;1;12;2020;22:04;0;AV PRS CASTELO BRANCO;;;240;;Atropelamento;;;;Meio de Quadra;;;0;1;1;1;0;0;0;0;0;0;0;0;"-3;72130000000";"-38;52710000000";mq_match
365231;1;12;2020;22:17;0;AV GENIBAU;;;514;;ColisÃ£o;;;;Meio de Quadra;;;0;1;1;0;0;0;0;0;0;0;0;0;"-3;76077900000";"-38;59988800000";mq_qgis
365232;1;12;2020;23:27;0;AV ANTONIO SALES;;;2269;;Atropelamento;;;;Meio de Quadra;;;0;2;1;0;0;0;0;0;0;1;0;0;"-3;74504000000";"-38;50346000000";mq_gpsv
365209;1;12;2020;0:09;0;AV HIS RAIMUNDO GIRAO;;;366;;Queda;;;;Meio de Quadra;;;0;1;0;0;0;0;0;0;0;1;0;0;"-3;72066400000";"-38;51246670000";mq_qgis
365210;1;12;2020;5:55;0;AV SEN FERNANDES TAVORA;;;2541;;Queda;Amanhecer;;;Meio de Quadra;;;0;1;0;0;0;0;0;0;0;1;0;0;"-3;75555600000";"-38;59596000000";mq_qgis
364105;1;12;2020;6:24;0;AV MR HULL;;;4442;TERMINAL ANTONIO BEZERRA;ColisÃ£o;Luz do Dia;;;Meio de Quadra;;;1;0;1;0;1;0;0;0;0;1;0;0;"-3;73845000000";"-38;58441000000";mq_match
363995;1;12;2020;6:20;1519;RUA PDE VALDEVINO;RUA CARLOS VASCONCELOS;;;;ColisÃ£o Transversal;Luz do Dia;Nublado;Seca;Cruz;SemÃ¡foro;Comercial;0;1;1;1;0;0;0;0;0;1;0;0;"-3;74027700000";"-38;51319000000";inter_match
363996;1;12;2020;8:32;0;RUA CEL MATOS DOURADO;;;0;;ColisÃ£o Lateral;Luz do Dia;Bom;Seca;Outros;Pare;Residencial;0;1;2;0;1;0;0;0;0;1;0;0;"-3;73951500000";"-38;58460200000";mq_match
363997;1;12;2020;10:02;0;AV PRS JUSCELINO KUBITSCHEK (PASSARÃ‰);;;0;;ColisÃ£o Lateral;Luz do Dia;Bom;Seca;RotatÃ³ria;DÃª PreferÃªncia;Comercial;0;4;0;0;0;0;0;0;0;1;0;0;;;
363998;1;12;2020;8:30;0;AV ALM HENRIQUE SABOIA;;;505;;ColisÃ£o Traseira;Luz do Dia;Bom;Seca;Meio de Quadra;;;0;1;2;1;0;0;0;0;0;1;0;0;"-3;75108340000";"-38;49551400000";mq_match
363999;1;12;2020;12:50;0;AV VIS RIO BRANCO;;;4027;;ColisÃ£o Traseira;Luz do Dia;Bom;Seca;Meio de Quadra;;;0;1;1;1;0;0;0;0;0;1;0;0;"-3;75670100000";"-38;51987000000";mq_qgis
364000;1;12;2020;11:25;22000;RUA ALEXANDRE BARAUNA;RUA FRE MARCELINO;;;;ColisÃ£o Transversal;Luz do Dia;Bom;Seca;Cruz;Pare;Residencial;0;0;2;1;0;0;0;0;0;0;0;0;"-3;74570100000";"-38;55423200000";inter_match
364001;1;12;2020;15:28;0;AV DUQ CAXIAS;RUA RODRIGUES JUNIOR;;0;;ColisÃ£o Lateral;Luz do Dia;Bom;Seca;;;;0;1;2;1;0;0;0;0;0;1;0;0;"-3;73130000000";"-38;52085000000";inter_gpsv
364002;1;12;2020;21:24;1393;AV RUI BARBOSA;RUA JOAO CARVALHO;;0;;ColisÃ£o Transversal;Via Iluminada;Bom;Seca;Cruz;SemÃ¡foro;Residencial;0;0;2;1;0;0;0;0;0;0;0;0;"-3;73692800000";"-38;50973100000";inter_match
364006;1;12;2020;16:57;11010;RUA JULIO VERNE;RUA PERU;;;;ColisÃ£o Transversal;Luz do Dia;Bom;Seca;Cruz;Pare;Residencial;0;3;0;1;0;0;0;0;0;0;0;0;"-3;77572500000";"-38;55200900000";inter_match
364487;1;12;2020;19:40;0;RD CE-040;;;;KM-03;Engavetamento;;;;Meio de Quadra;;;0;0;4;1;0;0;0;0;0;0;0;0;"-3;78261432500";"-38;48108390000";rod_match
364502;1;12;2020;19:40;0;AV MIN JOSE AMERICO;;;1000;;ColisÃ£o;;;;Meio de Quadra;;;0;0;2;1;0;0;0;0;0;0;0;0;"-3;80909860000";"-38;49120850000";mq_match
364852;1;12;2020;11:26;0;AV PRS CASTELO BRANCO;;;;;ColisÃ£o;Luz do Dia;;;Meio de Quadra;;;0;0;2;1;0;0;0;0;0;1;0;0;;;
364853;1;12;2020;18:15;7983;AV JOAO PESSOA;RUA JOAO SORONGO;;;;ColisÃ£o;Anoitecer;;;Cruz;Pare;Comercial;0;1;2;1;0;0;0;0;0;1;0;0;"-3;74866300000";"-38;54606900000";inter_match
364854;2;12;2020;13:00;0;RUA BAR AQUIRAZ;;;;;ColisÃ£o;Luz do Dia;;;Meio de Quadra;;;0;0;2;1;0;0;0;0;0;0;0;0;;;
364506;2;12;2020;6:50;0;RD CE-040;;;;KM-05;ColisÃ£o;Luz do Dia;;;Meio de Quadra;;;0;0;2;1;0;0;1;0;0;0;0;0;"-3;80059582300";"-38;47953463000";rod_match
364007;2;12;2020;13:15;0;AV BERNARDO MANUEL;;;9980;;ColisÃ£o Traseira;Luz do Dia;Bom;Seca;Meio de Quadra;NÃ£o HÃ¡ Controle;Comercial;0;1;1;0;0;0;0;0;0;1;0;0;"-3;82964000000";"-38;56058000000";mq_gpsv
364008;2;12;2020;14:26;0;RUA PROF. MANOEL LOURENCO;;;0;;ColisÃ£o Lateral;Luz do Dia;Bom;Seca;Meio de Quadra;SemÃ¡foro;Comercial;0;0;2;1;0;0;0;0;0;1;0;0;"-3;76230140000";"-38;57258000000";mq_match
364009;2;12;2020;14:57;10935;RUA BAR CANINDE;RUA ELCIAS LOPES;;;;ColisÃ£o Transversal;Luz do Dia;Bom;Seca;Cruz;Pare;Residencial;0;1;1;1;1;0;0;0;0;0;0;0;"-3;77047300000";"-38;55742600000";inter_match
364010;2;12;2020;19:31;0;AV DR SILAS MUNGUBA;;;6453;;NÃ£o Informado;Via Iluminada;Bom;Seca;RotatÃ³ria;SemÃ¡foro;Residencial;0;1;1;1;0;0;0;0;0;1;0;0;"-3;80077000000";"-38;53017000000";mq_match
364003;2;12;2020;5:40;0;AV DOLOR BARREIRA;;;0;;NÃ£o Informado;Luz do Dia;Bom;Seca;Meio de Quadra;Pare;Residencial;0;0;1;1;0;0;0;0;0;0;0;0;;;
364004;2;12;2020;8:31;17412;RUA ALBERTO MAGNO;RUA BAR SOBRAL;;0;;ColisÃ£o Lateral;Luz do Dia;Bom;Seca;Cruz;SemÃ¡foro;Comercial;0;0;2;1;0;0;0;0;0;0;0;0;"-3;76799100000";"-38;55241700000";inter_match
364005;2;12;2020;10:54;0;AV PRS CASTELO BRANCO;;;1223;BOMBEIROS;ColisÃ£o;Luz do Dia;Bom;Seca;Meio de Quadra;SemÃ¡foro;Residencial;0;1;1;1;0;0;0;0;0;1;0;0;"-3;71817900000";"-38;53527700000";mq_match
365364;2;12;2020;17:38;0;AV WASHINGTON SOARES;;;;;ColisÃ£o;Anoitecer;;;Meio de Quadra;;;0;1;1;1;0;0;0;0;0;1;0;0;;;
365365;2;12;2020;17:41;13304;AV I CJ JOSE WALTER;AV G CJ JOSE WALTER;;;;ColisÃ£o;Anoitecer;;;Cruz;Pare;Residencial;0;1;1;1;0;0;0;0;0;1;0;0;"-3;83906100000";"-38;55495600000";inter_match
365366;2;12;2020;17:54;0;AV SANTOS DUMONT;;;;;ColisÃ£o;Anoitecer;;;Meio de Quadra;;;0;1;1;1;0;0;0;0;0;1;0;0;;;
365367;2;12;2020;18:06;0;RUA BERNARDO MANUEL;;;333;;ColisÃ£o;Anoitecer;;;Meio de Quadra;;;0;1;1;1;0;0;0;0;0;1;0;0;"-3;84196000000";"-38;56488000000";mq_gpsv
365368;2;12;2020;18:21;0;RUA 10 (CJ JOAO PAULO II);;;56;;Queda;Anoitecer;;;Meio de Quadra;;;0;1;0;0;0;0;0;0;0;1;0;0;;;
365369;2;12;2020;19:14;0;AV I CJ CEARA;;;220;;ColisÃ£o;;;;Meio de Quadra;;;0;1;1;1;0;0;0;0;0;1;0;0;"-3;76666000000";"-38;60046000000";mq_gpsv
365370;2;12;2020;19:23;0;AV MR HULL;;;3650;;Atropelamento;;;;Meio de Quadra;;;0;1;1;0;0;0;0;0;0;1;0;0;"-3;73765750000";"-38;57708850000";mq_match
365371;2;12;2020;19:31;0;LOGRADOURO SEM NOME;;;;;Atropelamento;;;;Meio de Quadra;;;0;1;1;1;0;0;0;0;0;0;0;0;;;
365372;2;12;2020;21:54;0;RUA CAP VASCONCELOS D46;;;77;;ColisÃ£o;;;;Meio de Quadra;;;0;1;1;0;0;0;0;0;0;1;0;0;"-3;76225124300";"-38;51759573000";mq_match
365233;2;12;2020;0:59;0;RUA MIGUEL GURGEL;;;;;ColisÃ£o;;;;Meio de Quadra;;;0;1;1;0;0;0;0;0;0;0;0;0;;;
365234;2;12;2020;1:19;0;AV 13 DE MAIO;;;;;Queda;;;;Meio de Quadra;;;0;1;0;0;0;0;0;0;0;1;0;0;;;
365235;2;12;2020;7:42;0;RD BR 116;;;9000;KM-09;ColisÃ£o;Luz do Dia;;;Meio de Quadra;;;0;2;0;1;0;0;0;0;0;1;0;0;"-3;83083700000";"-38;50486500000";rod_match
365236;2;12;2020;8:32;22022;RUA PRO JOAO BOSCO;RUA MAJ PEDRO SAMPAIO;;;;ColisÃ£o;Luz do Dia;;;Cruz;Pare;Residencial;0;1;1;1;0;0;0;0;0;1;0;0;"-3;73888000000";"-38;54678000000";inter_gpsv
365237;2;12;2020;9:04;0;AV GAL OSORIO DE PAIVA;;;2257;;ColisÃ£o;Luz do Dia;;;Meio de Quadra;;;0;1;1;1;0;0;0;0;0;1;0;0;"-3;78529400000";"-38;58174600000";mq_qgis
365238;2;12;2020;11:33;0;RUA PORTO VELHO;;;450;;ColisÃ£o;Luz do Dia;;;Meio de Quadra;;;0;1;1;0;0;0;0;0;0;1;0;0;"-3;76700150000";"-38;58507700000";mq_qgis
365239;2;12;2020;12:45;0;RUA COS ALVARO DE OLIVEIRA;;;1331;;ColisÃ£o;Luz do Dia;;;Meio de Quadra;;;0;1;1;1;0;0;0;0;0;1;0;0;;;
365240;2;12;2020;16:53;0;AV GODOFREDO MACIEL;;;;;Atropelamento;Luz do Dia;;;Meio de Quadra;;;0;1;1;1;0;0;0;0;0;0;0;0;;;
365241;2;12;2020;17:12;0;AV MR HULL;;;;;ColisÃ£o;Anoitecer;;;Meio de Quadra;;;0;1;1;0;0;0;0;0;0;0;0;0;;;
365121;2;12;2020;7:30;0;RD BR 116;;;7000;KM-07;ColisÃ£o Traseira;Luz do Dia;;;Meio de Quadra;;;0;1;3;1;0;0;0;0;0;0;0;0;"-3;78627635900";"-38;51156140000";rod_match
365122;2;12;2020;19:25;0;RD BR 116;;;500;;Atropelamento;;;;Meio de Quadra;;;0;2;0;0;0;0;0;0;0;1;0;0;"-3;79603590000";"-38;50719230000";rod_match
363619;2;12;2020;13:00;0;AV FILOMENO GOMES;;;430;;ColisÃ£o Transversal;Luz do Dia;Bom;Seca;Meio de Quadra;;;0;1;1;1;0;0;0;0;0;0;0;0;"-3;71878400000";"-38;54165000000";mq_match
363610;2;12;2020;14:00;0;AV ALM HENRIQUE SABOIA;;;;;Atropelamento;Luz do Dia;Bom;Seca;Meio de Quadra;NÃ£o HÃ¡ Controle;Comercial;0;2;0;0;0;1;0;0;0;0;0;0;;;
363611;2;12;2020;18:35;0;RUA JULIO AZEVEDO;;;750;;ColisÃ£o Lateral;Via Iluminada;Bom;Seca;;;;0;1;1;0;0;0;0;0;0;1;0;0;"-3;73839950000";"-38;47941600000";mq_qgis
363606;2;12;2020;8:25;0;AV PRS CASTELO BRANCO;;;70;;ColisÃ£o Traseira;Luz do Dia;Bom;Molhada;Outros;Outros;Comercial;0;1;2;1;0;0;0;0;0;1;0;0;"-3;72291850000";"-38;52249300000";mq_match
363631;3;12;2020;7:20;0;AV JOAO DE ARAUJO LIMA;;;801;;Queda;Luz do Dia;Chuva;Molhada;Meio de Quadra;Outros;Comercial;0;2;0;0;0;0;0;0;0;1;0;0;"-3;82895574300";"-38;55969384000";mq_match