COD_ACIDENTE;DIA;MES;ANO;HORA;INTERSECAO;LOG1;LOG2;LOG3;NUMERO;REFERENCIA;NATUREZA;ILUMINACAO;TEMPO;SUPERFICIEPISTA;TIPOCRUZAMENTO;CONTROLETRAFEGO;USOSOLO;MORTOS;FERIDOS;ILESOS;AUTOMOVEL;ONIBUS;BICICLETA;CAMINHAO;MICROONIBUS;CICLOMOTOR;MOTOCICLETA;TRACAOANIMAL;TREM;LATITUDE;LONGITUDE;METODO
363612;5;12;2020;10:40;20168;RUA CRISANTO ARRUDA;RUA MARIA AMALIA;;;;ColisÃ£o Transversal;Luz do Dia;Bom;Seca;Cruz;Pare;Residencial;0;1;1;1;0;0;0;0;0;1;0;0;"-3;81204100000";"-38;52303000000";inter_match
364034;5;12;2020;14:47;0;AV SGT HERMINIO SAMPAIO;;;1511;;ColisÃ£o Lateral;Luz do Dia;Bom;Seca;Meio de Quadra;NÃ£o HÃ¡ Controle;Comercial;0;1;1;1;0;0;0;0;0;1;0;0;"-3;72519445900";"-38;55406895000";mq_match
364053;5;12;2020;20:30;0;AV PONTES VIEIRA;;;247;;Queda;Via Iluminada;Bom;Seca;Meio de Quadra;NÃ£o HÃ¡ Controle;Comercial;0;1;0;0;0;0;0;0;0;1;0;0;"-3;75328200000";"-38;51820900000";mq_match
364019;5;12;2020;13:50;0;AV BERNARDO MANUEL;AV BENJAMIM BRASIL;;0;;ColisÃ£o Traseira;Luz do Dia;Bom;Seca;Cruz;SemÃ¡foro;Comercial;0;0;2;1;0;0;0;0;0;0;0;0;"-3;83539000000";"-38;56261000000";inter_gpsv
364020;5;12;2020;14:43;0;AV AGUANAMBI;;;1827;;ColisÃ£o Traseira;Luz do Dia;Bom;Seca;Meio de Quadra;NÃ£o HÃ¡ Controle;Comercial;0;0;2;1;0;0;0;0;0;0;0;0;"-3;75321633800";"-38;52342451000";mq_match
364021;5;12;2020;12:57;0;RUA GERMANO FRANCK;;;730;;ColisÃ£o Transversal;Luz do Dia;Bom;Seca;Meio de Quadra;NÃ£o HÃ¡ Controle;Comercial;0;1;1;1;0;0;0;0;0;1;0;0;"-3;77747750000";"-38;56227300000";mq_qgis
364022;5;12;2020;15:39;0;AV AGUANAMBI;;;1686;HOSPITAL ANTONIO PRUDENTE;Engavetamento;Luz do Dia;Bom;Seca;Meio de Quadra;SemÃ¡foro;Comercial;0;0;5;1;0;0;0;0;0;0;0;0;"-3;75140300000";"-38;52349000000";mq_match
364023;5;12;2020;19:26;0;AV PRS COSTA E SILVA;;;5446;;Atropelamento;Via Iluminada;Bom;Seca;Meio de Quadra;NÃ£o HÃ¡ Controle;Comercial;0;1;1;1;0;0;0;0;0;0;0;0;"-3;82830149000";"-38;53188150000";mq_qgis
364024;5;12;2020;20:00;0;AV ENG HUMBERTO MONTE;;;0;HM LANCHES;Engavetamento;Via Iluminada;Bom;Seca;Meio de Quadra;NÃ£o HÃ¡ Controle;Comercial;0;0;4;1;0;0;0;0;0;0;0;0;"-3;73760000000";"-38;56920200000";mq_match
364515;5;12;2020;14:40;0;RD CE-040;;;;KM-04;Choque c/ ObstÃ¡culo Fixo;Luz do Dia;;;Meio de Quadra;;;0;0;1;1;0;0;0;0;0;0;0;0;"-3;79161315600";"-38;48033084000";rod_match
364516;5;12;2020;17:35;0;RD CE-040;;;327;KM-07;ColisÃ£o;Anoitecer;;;Meio de Quadra;;;0;1;1;0;0;0;0;0;0;1;0;0;"-3;81715944500";"-38;48303286000";rod_match
364117;5;12;2020;4:55;0;RD CE-025;;;;KM-01;Queda;;;;Meio de Quadra;;;1;0;0;0;0;0;0;0;0;1;0;0;"-3;80781144300";"-38;47004860000";rod_match
364517;6;12;2020;1:50;0;RD CE-065;;;;KM-02;ColisÃ£o;;;;Meio de Quadra;;;0;1;1;0;0;0;0;0;0;1;0;0;"-3;81010700000";"-38;60741100000";rod_match
364518;6;12;2020;4:40;0;AV SEN CARLOS JEREISSATI (AEROPORTO);;;;;Choque c/ ObstÃ¡culo Fixo;;;;Meio de Quadra;;;0;0;1;1;0;0;0;0;0;0;0;0;;;
364519;6;12;2020;18:30;0;AV SEN CARLOS JEREISSATI (AEROPORTO);;;;;ColisÃ£o;Anoitecer;;;Meio de Quadra;;;0;0;2;1;0;0;0;0;0;0;0;0;;;
364025;6;12;2020;6:58;0;AV GAL OSORIO DE PAIVA;;;0;;Choque c/ ObstÃ¡culo Fixo;Luz do Dia;Bom;Seca;Meio de Quadra;NÃ£o HÃ¡ Controle;Comercial;0;0;1;1;0;0;0;0;0;0;0;0;"-3;79459900000";"-38;59222000000";mq_match
364026;6;12;2020;9:45;0;AV PRS CASTELO BRANCO;;;;;ColisÃ£o Transversal;Luz do Dia;Bom;Seca;Meio de Quadra;Pare;Comercial;0;1;1;0;0;1;0;0;0;1;0;0;;;
364027;6;12;2020;11:20;5366;AV DUQ CAXIAS;RUA SEN POMPEU;;0;;ColisÃ£o Transversal;Luz do Dia;Bom;Seca;Cruz;SemÃ¡foro;Comercial;0;0;3;1;0;0;0;0;0;0;0;0;"-3;73143000000";"-38;53099400000";inter_match
364028;6;12;2020;16:05;0;RUA RUI MONTE;;;555;;ColisÃ£o Frontal;Luz do Dia;Bom;Seca;Meio de Quadra;NÃ£o HÃ¡ Controle;Residencial;0;1;2;1;0;0;0;0;0;0;0;0;"-3;74376833000";"-38;58720660000";mq_qgis
364858;6;12;2020;12:25;22886;RUA BERNARDO MANUEL;RUA INACIO PARENTE;;;;ColisÃ£o;Luz do Dia;;;Cruz;NÃ£o HÃ¡ Controle;Comercial;0;0;2;1;0;0;0;0;0;1;0;0;"-3;78126800000";"-38;54607400000";inter_match
364859;6;12;2020;3:30;0;RD DR MENDEL STEINBRUCH;;;7035;;ColisÃ£o;;;;Meio de Quadra;;;0;0;3;1;0;0;0;0;0;1;0;0;"-3;84011800000";"-38;58394800000";rod_match
365860;6;12;2020;12:49;0;RUA FERREIRA DOS SANTOS;;;52;;ColisÃ£o;Luz do Dia;;;Meio de Quadra;;;0;1;1;1;0;0;0;0;0;1;0;0;"-3;71819000000";"-38;56662000000";mq_gpsv
365824;6;12;2020;23:40;22076;RUA ANTONIO MARTINS;RUA FRE MARCELINO;;;;ColisÃ£o;;;;Cruz;Pare;Residencial;0;2;0;0;0;0;0;0;0;1;0;0;"-3;75002800000";"-38;55811400000";inter_match
365825;6;12;2020;20:29;0;RUA BERNARDO MANUEL;;;8920;;ColisÃ£o;;;;Meio de Quadra;;;0;1;1;1;0;0;0;0;0;1;0;0;"-3;79722240000";"-38;55111300000";mq_match
365826;6;12;2020;20:17;0;RUA CARLOS GONDIM;;;191;;ColisÃ£o;;;;Meio de Quadra;;;0;1;1;1;0;0;0;0;0;1;0;0;"-3;72105000000";"-38;59040000000";mq_gpsv
365827;6;12;2020;20:04;10071;RUA CEL FABRICIANO;RUA AIRES DA CUNHA;;;;Queda;;;;;;;0;1;0;0;0;0;0;0;0;1;0;0;"-3;78327000000";"-38;60603000000";inter_gpsv
365828;6;12;2020;18:26;0;RUA TEODOMIRO DE CASTRO;;;3945;;Queda;Anoitecer;;;Meio de Quadra;;;0;1;0;0;0;0;0;0;0;1;0;0;"-3;72049270000";"-38;56892315000";mq_match
365829;6;12;2020;18:23;0;AV JOSE BASTOS;;;3194;;Queda;Anoitecer;;;Meio de Quadra;;;0;2;0;0;0;0;0;0;0;1;0;0;"-3;74778770000";"-38;54818300000";mq_match
365830;6;12;2020;18:17;0;RUA HOLANDA;;;1690;;ColisÃ£o;Anoitecer;;;Meio de Quadra;;;0;1;1;1;0;1;0;0;0;0;0;0;"-3;80287300000";"-38;55986900000";mq_qgis
365831;6;12;2020;18:06;0;RUA ARARIPE MACEDO;;;121;;Atropelamento;Anoitecer;;;Meio de Quadra;;;0;1;1;1;0;0;0;0;0;0;0;0;"-3;77318491000";"-38;57581070000";mq_qgis
365849;6;12;2020;16:46;0;RD BR 116;;;7200;KM-07;Queda;Luz do Dia;;;Meio de Quadra;;;0;1;0;0;0;0;0;0;0;1;0;0;"-3;78627635900";"-38;51156140000";rod_match
365850;6;12;2020;16:33;0;RUA TAVARES COUTINHO;;;1879;;ColisÃ£o;Luz do Dia;;;Meio de Quadra;;;0;1;1;1;0;0;0;0;0;1;0;0;"-3;73255467000";"-38;48588030000";mq_qgis
365851;6;12;2020;16:26;0;RUA MARIA GOMES DE SA;;;2150;;Queda;Luz do Dia;;;Meio de Quadra;;;0;1;0;0;0;0;0;0;0;1;0;0;"-3;82124190000";"-38;58551800000";mq_match
365852;6;12;2020;16:24;0;RUA GUSTAVO BARROSO;;;507;;Queda;Luz do Dia;;;Meio de Quadra;;;0;1;0;0;0;1;0;0;0;0;0;0;"-3;78696000000";"-38;59659000000";mq_gpsv
365854;6;12;2020;16:22;24258;RUA ANA BILHAR;RUA MANUEL JESUINO;;;;ColisÃ£o;Luz do Dia;;;Cruz;Pare;Comercial;0;1;0;1;0;0;0;0;0;1;0;0;"-3;73142400000";"-38;48501400000";inter_match
365908;6;12;2020;10:25;0;RUA PRO HERIBALDO COSTA;;;766;;Queda;Luz do Dia;;;Meio de Quadra;;;0;1;0;0;0;0;0;0;0;1;0;0;"-3;75962000000";"-38;58377000000";mq_gpsv
365909;6;12;2020;11:03;0;RUA BERNARDO MANUEL;;;7240;;ColisÃ£o;Luz do Dia;;;Meio de Quadra;;;0;1;1;1;0;0;0;0;0;1;0;0;"-3;78179219000";"-38;54623470000";mq_qgis
365910;6;12;2020;12:04;6741;RUA ALMEIDA PRADO;RUA VILEBALDO AGUIAR;;;;ColisÃ£o;Luz do Dia;;;Cruz;Pare;Residencial;0;1;1;1;0;0;0;0;0;1;0;0;"-3;74454500000";"-38;47541300000";inter_match
365911;6;12;2020;9:49;0;AV BORGES DE MELO;;;;;Queda;Luz do Dia;;;Meio de Quadra;;;0;1;0;0;0;0;0;0;0;1;0;0;;;
365912;6;12;2020;4:36;0;AV MR HULL;;;5956;;Queda;;;;Meio de Quadra;;;0;1;0;0;0;0;0;0;0;1;0;0;"-3;74063100000";"-38;59824000000";mq_qgis
365913;6;12;2020;2:47;0;AV GAL OSORIO DE PAIVA;;;2982;;Queda;;;;Meio de Quadra;;;0;1;0;0;0;0;0;0;0;1;0;0;"-3;78925600000";"-38;58702800000";mq_match
365914;6;12;2020;1:44;0;AV JOR THOMAZ COELHO;;;209;;Queda;;;;Meio de Quadra;;;0;1;0;0;0;0;0;0;0;1;0;0;"-3;83162000000";"-38;50260000000";mq_gpsv
365808;7;12;2020;14:44;0;RUA DR JOSE LOURENCO;;;2936;;Queda;Luz do Dia;;;Meio de Quadra;;;0;1;0;0;0;0;0;0;0;1;0;0;"-3;74928780000";"-38;51247800000";mq_match
365809;7;12;2020;14:34;0;RUA AMAZONAS;;;600;;Queda;Luz do Dia;;;Meio de Quadra;;;0;1;0;0;0;0;0;0;0;1;0;0;"-3;75449300000";"-38;56239600000";mq_qgis
365810;7;12;2020;12:52;21879;RUA ALINE VIEIRA COLARES;RUA XXIX CIDADE OESTE;;;;ColisÃ£o;Luz do Dia;;;;;;0;1;1;1;0;0;0;0;0;1;0;0;"-3;73330000000";"-38;59437000000";inter_gpsv
365811;7;12;2020;13:26;0;RUA EDUARDO GARCIA;;;659;;Queda;Luz do Dia;;;Meio de Quadra;;;0;1;0;0;0;0;0;0;0;1;0;0;"-3;74010300000";"-38;49313900000";mq_qgis
365812;7;12;2020;13:41;0;RUA PRO HERIBALDO COSTA;;;1680;;ColisÃ£o;Luz do Dia;;;Meio de Quadra;;;0;1;1;0;0;0;0;0;0;0;0;0;"-3;76629995000";"-38;58718160000";mq_qgis
365813;7;12;2020;6:59;0;AV SGT HERMINIO SAMPAIO;;;2656;;Queda;Luz do Dia;;;Meio de Quadra;;;0;1;0;0;0;0;0;0;0;1;0;0;"-3;72686890000";"-38;56388000000";mq_match
365814;7;12;2020;7:25;0;RUA BENTO GONCALVES;;;700;;ColisÃ£o;Luz do Dia;;;Meio de Quadra;;;0;1;1;1;0;0;0;0;0;1;0;0;;;
365815;7;12;2020;7:29;0;AV VIS RIO BRANCO;;;;;ColisÃ£o;Luz do Dia;;;Meio de Quadra;;;0;1;1;1;0;0;0;0;0;1;0;0;;;
365816;7;12;2020;7:34;11792;RUA OLEGARIO MARIANO;AV TEN LISBOA;;;;ColisÃ£o;Luz do Dia;;;T;NÃ£o HÃ¡ Controle;Residencial;0;2;1;1;0;0;0;0;0;1;0;0;"-3;76276230000";"-38;54696700000";inter_match
365817;7;12;2020;7:37;0;RUA LUIS VIEIRA;;;944;;ColisÃ£o;Luz do Dia;;;Meio de Quadra;;;0;1;1;1;0;0;0;0;0;1;0;0;"-3;79080200000";"-38;58864700000";mq_match
365818;7;12;2020;9:56;0;RUA DIOGO CORREIA;;;55;;Queda;Luz do Dia;;;Meio de Quadra;;;0;1;0;0;0;0;0;0;0;1;0;0;"-3;77421600000";"-38;58851800000";mq_qgis
365819;7;12;2020;10:36;0;TR BOA VISTA;;;47;;Queda;Luz do Dia;;;Meio de Quadra;;;0;1;0;0;0;0;0;0;0;1;0;0;"-3;80410000000";"-38;56206000000";mq_gpsv
365820;7;12;2020;10:42;0;RUA TULIPA NEGRA;;;2058;;ColisÃ£o;Luz do Dia;;;Meio de Quadra;;;0;2;1;1;0;0;0;0;0;1;0;0;"-3;81901000000";"-38;59824800000";mq_match
365821;7;12;2020;11:06;25124;AV AUGUSTO DOS ANJOS;RUA OLIVEIRA SOBRINHO;;;;ColisÃ£o;Luz do Dia;;;Duplo T;Pare;Comercial;0;1;1;1;0;0;0;0;0;1;0;0;"-3;78392230000";"-38;58245040000";inter_match
365822;7;12;2020;2:38;0;AV FRANCISCO SA;;;3572;;Queda;;;;Meio de Quadra;;;0;1;0;0;0;0;0;0;0;1;0;0;"-3;71771100000";"-38;55642800000";mq_match
365823;7;12;2020;1:19;0;RUA DIOGO CORREIA;;;487;;ColisÃ£o;;;;Meio de Quadra;;;0;1;1;0;0;0;0;0;0;0;0;0;"-3;77023543000";"-38;59045840000";mq_qgis
365683;7;12;2020;19:37;0;RUA DO CANAL (TAUAPE);;;286;;Atropelamento;;;;Meio de Quadra;;;0;1;1;1;0;0;0;0;0;0;0;0;"-3;76170000000";"-38;51543000000";mq_gpsv
365684;7;12;2020;18:37;0;RUA A CJ PALMARES (G. LISBOA);;;3762;;ColisÃ£o;;;;Meio de Quadra;;;0;1;1;1;0;0;0;0;0;1;0;0;;;
365685;7;12;2020;18:51;0;RUA ESPIRITO SANTO;;;330;;ColisÃ£o;;;;Meio de Quadra;;;0;1;1;0;0;0;0;0;0;0;0;0;"-3;75179167000";"-38;56746260000";mq_qgis
365686;7;12;2020;19:03;11009;RUA JULIO VERNE;RUA EQUADOR;;;;ColisÃ£o;;;;Cruz;Pare;Residencial;0;1;1;1;0;0;0;0;0;1;0;0;"-3;77542700000";"-38;55284300000";inter_match
365687;7;12;2020;17:28;0;RUA GOV JOAO CARLOS;;;801;;ColisÃ£o;Anoitecer;;;Meio de Quadra;;;0;1;1;1;0;0;0;0;0;1;0;0;"-3;78215969000";"-38;55319980000";mq_qgis
365688;7;12;2020;16:49;0;RUA ALEMANHA;;;530;;ColisÃ£o;Luz do Dia;;;Meio de Quadra;;;0;1;1;0;0;0;0;0;0;0;0;0;"-3;78329000000";"-38;55697000000";mq_gpsv
365689;7;12;2020;16:35;0;AV MIGUEL DIAS;;;1411;;Queda;Luz do Dia;;;Meio de Quadra;;;0;1;0;0;0;0;0;0;0;1;0;0;"-3;76902500000";"-38;48710300000";mq_match
365690;7;12;2020;16:10;2884;RUA MARIA JULIA;RUA MARTINS CARVALHO;;;;ColisÃ£o;Luz do Dia;;;Cruz;Pare;Comercial;0;2;0;0;0;0;0;0;0;0;0;0;"-3;79633300000";"-38;60094900000";inter_match
365691;7;12;2020;15:40;0;AV ABOLICAO;;;986;;Atropelamento;Luz do Dia;;;Meio de Quadra;;;0;1;1;0;1;0;0;0;0;0;0;0;"-3;72543000000";"-38;50165000000";mq_gpsv
365692;7;12;2020;15:42;0;AV JOR THOMAZ COELHO;;;2310;;Queda;Luz do Dia;;;Meio de Quadra;;;0;1;0;0;0;0;0;0;0;1;0;0;"-3;82799894000";"-38;51563120000";mq_qgis
365693;7;12;2020;15:36;0;RUA PDE PEDRO DE ALENCAR;;;;;ColisÃ£o;Luz do Dia;;;Meio de Quadra;;;0;1;1;0;0;0;1;0;0;1;0;0;;;
365694;7;12;2020;15:25;2706;RUA CEL VIRGILIO NOGUEIRA (BOM JARDIM);RUA OSCAR FRANCA;;;;ColisÃ£o;Luz do Dia;;;Cruz;SemÃ¡foro;Comercial;0;1;1;0;0;0;0;0;0;1;0;0;"-3;78894800000";"-38;60875700000";inter_match
365695;7;12;2020;15:12;0;AV DA UNIVERSIDADE;;;;;Queda;Luz do Dia;;;Meio de Quadra;;;0;1;0;0;0;0;0;0;0;1;0;0;;;
363694;7;12;2020;0:10;12501;AV JOSE BASTOS;RUA DIAMANTINA;;;;ColisÃ£o Traseira;;Bom;Seca;T;SemÃ¡foro;Comercial;0;2;1;0;0;0;0;0;0;1;0;0;"-3;76497800000";"-38;56740200000";inter_match
364860;7;12;2020;12:22;0;RUA BERNARDO MANUEL;;;9981;;ColisÃ£o;Luz do Dia;;;Meio de Quadra;;;0;2;0;1;0;0;0;0;0;0;0;0;"-3;80591500000";"-38;55344000000";mq_match
364864;7;12;2020;14:10;0;RUA CEL FABRICIANO;;;1791;;ColisÃ£o;Luz do Dia;;;Meio de Quadra;;;0;0;2;1;0;0;1;0;0;0;0;0;"-3;78271569000";"-38;60796400000";mq_qgis
364615;7;12;2020;12:35;0;RD CE-040;;;;KM-08;ColisÃ£o;Luz do Dia;;;Meio de Quadra;;;0;0;2;1;0;0;0;0;0;0;0;0;"-3;82551582200";"-38;48153832000";rod_match
364616;7;12;2020;13:30;0;RD CE-040;;;;KM-03;ColisÃ£o;Luz do Dia;;;Meio de Quadra;;;0;4;0;1;0;0;0;0;0;0;0;0;"-3;78261432500";"-38;48108390000";rod_match
364029;7;12;2020;6:52;0;RUA GERMANO FRANCK;;;395;;ColisÃ£o Traseira;Luz do Dia;Bom;Seca;Meio de Quadra;SemÃ¡foro;Comercial;0;1;1;1;0;0;0;0;0;1;0;0;"-3;77602700000";"-38;56058100000";mq_match
364030;7;12;2020;5:59;23710;AV GAL OSORIO DE PAIVA;RUA DOM HENRIQUE;;;;ColisÃ£o Transversal;Amanhecer;Bom;Seca;Cruz;SemÃ¡foro;Comercial;0;2;1;0;1;0;0;0;0;1;0;0;"-3;78610000000";"-38;58302500000";inter_match
364031;7;12;2020;13:48;0;AV IMPERADOR;;;1295;;ColisÃ£o Traseira;Luz do Dia;Bom;Seca;Meio de Quadra;NÃ£o HÃ¡ Controle;Comercial;0;1;1;1;0;0;0;0;0;1;0;0;"-3;73247650000";"-38;53595400000";mq_match
364033;7;12;2020;17:13;0;AV DUQ CAXIAS;;;0;IGREJA CORACAO DE JESUS;Queda;Luz do Dia;Bom;Seca;Meio de Quadra;NÃ£o HÃ¡ Controle;Escola;0;0;0;1;0;0;0;0;0;0;0;0;"-3;73318360000";"-38;52573400000";mq_match
364040;7;12;2020;5:50;0;TR WALDIR DIOGO;RUA WALDIR DIOGO;;0;;NÃ£o Informado;Amanhecer;Bom;Seca;Cruz;Pare;Comercial;0;4;0;1;0;0;0;0;0;0;0;0;"-3;80572800000";"-38;58309600000";inter_match
364041;7;12;2020;7:03;0;RUA POMPILIO GOMES;;;1577;;ColisÃ£o Transversal;Luz do Dia;Bom;Seca;Meio de Quadra;Pare;Comercial;0;1;1;1;0;0;0;0;0;1;0;0;"-3;82559112100";"-38;52115063600";mq_match
364119;7;12;2020;2:40;0;AV PERIMETRAL;;;1630;FROTINHA DA MESSEJANA;Choque c/ ObstÃ¡culo Fixo;;;;;;;1;0;0;1;0;0;0;0;0;0;0;0;"-3;82991300000";"-38;50899800000";mq_match
363699;7;12;2020;22:30;23660;RUA BAR CRATO;RUA CHASTINET GUIMARAES;;;;ColisÃ£o Transversal;Via Iluminada;Bom;Seca;Cruz;Pare;Residencial;0;2;1;1;0;0;0;0;0;1;0;0;"-3;72290900000";"-38;56585600000";inter_match
363711;8;12;2020;19:48;22181;RUA PDE CICERO;RUA MON FURTADO;;;;ColisÃ£o Transversal;Via Iluminada;Bom;Seca;Cruz;Pare;Residencial;0;2;1;1;0;0;0;0;0;0;0;0;"-3;74302720000";"-38;54639000000";inter_match
363708;8;12;2020;15:35;19183;RUA LAURO NOGUEIRA;RUA CESAR FONSECA;;;;ColisÃ£o Transversal;Luz do Dia;Bom;Seca;T;SemÃ¡foro;Comercial;0;1;1;1;0;0;0;0;0;1;0;0;"-3;74194600000";"-38;47257900000";inter_match
364042;8;12;2020;13:53;0;AV DOM MANUEL;;;175;;Atropelamento;Luz do Dia;Bom;Seca;Meio de Quadra;;;0;2;0;0;0;0;0;0;0;1;0;0;"-3;72584133000";"-38;52030530000";mq_qgis
364043;8;12;2020;15:29;0;RUA PORTO DAS ROSAS;;;0;;NÃ£o Informado;Luz do Dia;Bom;Seca;Cruz;Pare;Comercial;0;0;2;1;0;0;0;0;0;0;0;0;;;
364044;8;12;2020;16:45;0;AV ALBERTO CRAVEIRO;;;2650;;ColisÃ£o Lateral;Luz do Dia;Bom;Seca;Meio de Quadra;SemÃ¡foro;Comercial;0;2;1;1;0;0;0;0;1;0;0;0;"-3;80312900000";"-38;52147700000";mq_match
364045;8;12;2020;20:06;10740;RUA AUDISIO PINHEIRO;RUA PORTO ALEGRE;;;;ColisÃ£o;Anoitecer;Bom;Seca;Cruz;Pare;Comercial;0;1;1;1;0;0;0;0;0;1;0;0;"-3;76060200000";"-38;58994200000";inter_match
364046;8;12;2020;17:45;0;RUA MARCOS MACEDO;;;470;;ColisÃ£o Lateral;Via Iluminada;Bom;Seca;;;;0;1;1;1;0;0;0;0;0;1;0;0;"-3;73440650000";"-38;49721500000";mq_qgis
364047;8;12;2020;19:00;24362;RUA JORGE ACURCIO;RUA EPAMINONDAS FROTA;;;;ColisÃ£o Lateral;Via Iluminada;Bom;Seca;Cruz;Pare;Residencial;0;1;1;1;0;0;0;0;0;1;0;0;"-3;76603500000";"-38;53207000000";inter_match
364048;8;12;2020;20:20;0;RUA CON DE CASTRO;ET SIQUEIRA;;6110;;ColisÃ£o;Via Iluminada;Bom;Seca;Meio de Quadra;SemÃ¡foro;Comercial;0;2;1;1;0;0;0;0;0;1;0;0;"-3;80765800000";"-38;59441800000";inter_match
364035;8;12;2020;7:15;0;RUA COSTA BARROS;RUA SAO JOSE D20;;0;;ColisÃ£o Transversal;Luz do Dia;Bom;Seca;;;;0;2;1;1;0;0;0;0;0;1;0;0;"-3;81439000000";"-38;55589000000";inter_gpsv
364036;8;12;2020;6:33;0;AV BENJAMIM BRASIL;;;352;;ColisÃ£o Transversal;Luz do Dia;Bom;Seca;Meio de Quadra;NÃ£o HÃ¡ Controle;Residencial;0;1;1;0;0;0;0;0;0;1;0;0;"-3;80372500000";"-38;57052800000";mq_qgis
364037;8;12;2020;7:43;1649;RUA CEL JUCA;RUA GAL TERTULIANO POTYGUARA;;;;ColisÃ£o;Luz do Dia;Bom;Seca;Cruz;Pare;Comercial;0;1;1;1;0;0;0;0;0;0;0;0;"-3;74532500000";"-38;49376600000";inter_match
364038;8;12;2020;7:21;0;RUA MODESTA;TV CORUMBI;;115;;ColisÃ£o Lateral;Luz do Dia;Bom;Seca;T;Pare;Residencial;0;1;1;0;1;0;0;0;0;1;0;0;"-3;79913000000";"-38;52871000000";inter_gpsv
364039;8;12;2020;9:20;14679;AV OLIVEIRA PAIVA;RUA PDE JANUARIO CAMPOS;;0;;ColisÃ£o Traseira;Luz do Dia;Bom;Seca;T;SemÃ¡foro;Comercial;0;1;1;1;0;0;0;0;0;1;0;0;"-3;79601800000";"-38;48964600000";inter_match
364079;8;12;2020;10:06;25008;RUA TEODOMIRO DE CASTRO;RUA SILVIO ROMERO;;;;ColisÃ£o Transversal;Luz do Dia;Bom;Seca;Cruz;Pare;Residencial;0;1;1;0;0;0;0;0;0;1;0;0;"-3;71953800000";"-38;57079400000";inter_match
364617;8;12;2020;8:30;0;AV SEN CARLOS JEREISSATI (AEROPORTO);;;3500;;ColisÃ£o;Luz do Dia;;;Meio de Quadra;;;0;1;1;0;1;0;0;0;0;1;0;0;"-3;77861000000";"-38;54649000000";mq_gpsv
364926;8;12;2020;17:00;5402;RUA VINTE E QUATRO DE MAIO;RUA METON DE ALENCAR;;;;ColisÃ£o;Anoitecer;;;Cruz;Pare;Comercial;0;0;2;1;0;0;0;0;0;0;0;0;"-3;73262600000";"-38;53384800000";inter_match
365679;8;12;2020;7:08;0;ET DO FIO (MESSEJANA);;;;;ColisÃ£o;Luz do Dia;;;Meio de Quadra;;;0;1;1;1;0;0;0;0;0;1;0;0;;;
365680;8;12;2020;6:33;0;AV MIN JOSE AMERICO;;;;;Atropelamento;Luz do Dia;;;Meio de Quadra;;;0;1;1;0;0;0;0;0;0;1;0;0;;;
365681;8;12;2020;6:26;0;RUA CEL VIRGILIO NOGUEIRA (BOM JARDIM);;;651;;ColisÃ£o;Luz do Dia;;;Meio de Quadra;;;0;1;1;0;0;0;0;0;0;1;0;0;"-3;78843000000";"-38;60855000000";mq_gpsv
365682;8;12;2020;5:57;0;AV CASTELO DE CASTRO;;;115;;ColisÃ£o;Amanhecer;;;Meio de Quadra;;;0;1;1;0;0;0;0;0;0;0;0;0;"-3;83014000000";"-38;52133000000";mq_gpsv
365562;8;12;2020;10:32;1746;RUA DJALMA PETIT;RUA PILOTO D46;;;;Atropelamento;Luz do Dia;;;Cruz;Pare;Comercial;0;1;1;1;0;0;0;0;0;0;0;0;"-3;76512000000";"-38;51051000000";inter_gpsv
365563;8;12;2020;10:53;0;AV DIOGUINHO;;;110;;ColisÃ£o;Luz do Dia;;;Meio de Quadra;;;0;1;1;1;0;0;0;0;0;1;0;0;"-3;72672000000";"-38;46149000000";mq_gpsv
365564;8;12;2020;12:09;5410;RUA GAL CLARINDO DE QUEIROZ;RUA MAJ FACUNDO;;;;ColisÃ£o;Luz do Dia;;;Cruz;SemÃ¡foro;Comercial;0;1;1;1;0;0;0;0;0;0;0;0;"-3;73289500000";"-38;52958700000";inter_match
365565;8;12;2020;12:23;19130;RUA LAURO NOGUEIRA;RUA DES WALDETARIO P MOTA;;;;ColisÃ£o;Luz do Dia;;;Cruz;Pare;Residencial;0;2;0;0;0;0;0;0;0;1;0;0;"-3;73897360000";"-38;48196000000";inter_match
365566;8;12;2020;14:00;0;AV MIGUEL DIAS;;;636;;ColisÃ£o;Luz do Dia;;;Meio de Quadra;;;0;1;1;1;0;0;0;0;0;1;0;0;"-3;76300000000";"-38;48787000000";mq_gpsv
365494;8;12;2020;17:44;0;AV PRS COSTA E SILVA;;;258;;ColisÃ£o;Anoitecer;;;Meio de Quadra;;;0;1;1;0;0;0;1;0;0;1;0;0;"-3;83723000000";"-38;55885000000";mq_gpsv
365495;8;12;2020;15:56;0;AV AUGUSTO DOS ANJOS;;;1215;;ColisÃ£o;Luz do Dia;;;Meio de Quadra;;;0;1;1;1;0;0;0;0;0;1;0;0;"-3;77748300000";"-38;57681100000";mq_qgis