COD_ACIDENTE;DIA;MES;ANO;HORA;INTERSECAO;LOG1;LOG2;LOG3;NUMERO;REFERENCIA;NATUREZA;ILUMINACAO;TEMPO;SUPERFICIEPISTA;TIPOCRUZAMENTO;CONTROLETRAFEGO;USOSOLO;MORTOS;FERIDOS;ILESOS;AUTOMOVEL;ONIBUS;BICICLETA;CAMINHAO;MICROONIBUS;CICLOMOTOR;MOTOCICLETA;TRACAOANIMAL;TREM;LATITUDE;LONGITUDE;METODO
365731;28;12;2020;16:25;0;AV DOM LUIS;;;970;;Atropelamento;Luz do Dia;;;Meio de Quadra;;;0;1;1;1;0;0;0;0;0;0;0;0;"-3;73482900000";"-38;49250700000";mq_qgis
365732;28;12;2020;16:30;0;AV IRACEMA (CJ PALMEIRAS);;;520;;ColisÃ£o;Luz do Dia;;;Meio de Quadra;;;0;0;2;0;0;0;0;0;0;1;0;0;"-3;84515063000";"-38;52870460000";mq_qgis
365733;28;12;2020;17:12;22297;AV BEZERRA DE MENEZES;RUA PDE ANCHIETA;;;;ColisÃ£o;Anoitecer;;;Cruz;SemÃ¡foro;Comercial;0;1;1;0;0;0;0;0;0;1;0;0;"-3;73315500000";"-38;55229800000";inter_match
365734;28;12;2020;17:41;0;AV N CJ JOSE WALTER;;;2198;;ColisÃ£o;Anoitecer;;;Meio de Quadra;;;0;1;1;1;0;0;0;0;0;1;0;0;;;
365735;28;12;2020;18:08;0;AV BEIRA MAR;;;2571;;Atropelamento;Anoitecer;;;Meio de Quadra;;;0;1;1;0;0;1;0;0;0;0;0;0;"-3;72533000000";"-38;49802000000";mq_gpsv
365736;28;12;2020;18:17;0;AV OLIVEIRA PAIVA;;;;;ColisÃ£o;Anoitecer;;;Meio de Quadra;;;0;1;1;1;0;1;0;0;0;0;0;0;;;
365737;28;12;2020;18:21;0;AV DR SILAS MUNGUBA;;;3128;;Atropelamento;Anoitecer;;;Meio de Quadra;;;0;1;1;1;0;0;0;0;0;0;0;0;"-3;78864000000";"-38;54525900000";mq_match
365738;28;12;2020;18:27;0;RUA ALBERTO MAGNO;;;72;;ColisÃ£o;Anoitecer;;;Meio de Quadra;;;0;1;0;0;0;0;0;0;0;0;0;0;"-3;75565785700";"-38;54188886000";mq_match
365739;28;12;2020;18:51;0;AV BEZERRA DE MENEZES;;;;;ColisÃ£o;;;;Meio de Quadra;;;0;1;1;1;0;0;0;0;0;1;0;0;;;
365740;28;12;2020;19:23;0;RUA JOAQUIM NABUCO;;;250;;ColisÃ£o;;;;Meio de Quadra;;;0;1;1;1;0;0;0;0;0;1;0;0;"-3;72746500000";"-38;49879000000";mq_match
365741;28;12;2020;21:53;0;AV SGT HERMINIO SAMPAIO;;;4020;;ColisÃ£o;;;;Meio de Quadra;;;0;0;2;1;0;0;0;0;0;1;0;0;"-3;73053900000";"-38;57676500000";mq_match
365742;28;12;2020;23:12;0;AV DR SILAS MUNGUBA;;;8099;;Atropelamento;;;;Meio de Quadra;;;0;1;1;1;0;0;0;0;0;0;0;0;;;
365743;28;12;2020;23:25;0;RUA EVILASIO A MIRANDA;;;1733;;ColisÃ£o;;;;Meio de Quadra;;;0;1;1;1;0;0;0;0;0;1;0;0;;;
365744;28;12;2020;1:32;0;AV JOR THOMAZ COELHO;;;;;Queda;;;;Meio de Quadra;;;0;1;0;0;0;0;0;0;0;1;0;0;;;
365710;28;12;2020;7:39;17609;RUA AMAZONAS;AV JOSE BASTOS;;;;ColisÃ£o;Luz do Dia;;;T;SemÃ¡foro;Comercial;0;0;1;0;0;0;0;0;0;0;0;0;"-3;75716450000";"-38;55906000000";inter_match
365711;28;12;2020;7:44;0;RUA MANUEL ARRUDA;;;110;;ColisÃ£o;Luz do Dia;;;Meio de Quadra;;;0;1;1;0;0;0;0;0;0;0;0;0;"-3;82848611000";"-38;50580780000";mq_qgis
365712;28;12;2020;7:53;0;RUA JULIO SILVA;;;;;ColisÃ£o;Luz do Dia;;;Meio de Quadra;;;0;1;0;0;0;0;0;0;0;0;0;0;;;
365713;28;12;2020;8:18;0;RUA COS LAFAYETE;;;1018;;ColisÃ£o;Luz do Dia;;;Meio de Quadra;;;0;0;2;1;0;0;0;0;0;1;0;0;"-3;71757471000";"-38;58721240000";mq_qgis
365718;28;12;2020;11:26;5372;RUA PINTO MADEIRA;RUA DNA LEOPOLDINA;;;;ColisÃ£o;Luz do Dia;;;Cruz;SemÃ¡foro;Comercial;0;1;1;1;0;0;0;0;0;1;0;0;"-3;73165000000";"-38;51966400000";inter_match
365204;28;12;2020;18:55;15181;AV RUI BARBOSA;RUA TOMAS POMPEU;;;;ColisÃ£o Transversal;Via Iluminada;Bom;Seca;Cruz;Pare;Residencial;0;0;2;1;0;1;0;0;0;0;0;0;"-3;72587100000";"-38;50616000000";inter_match
365205;28;12;2020;19:30;0;AV PRS CASTELO BRANCO;;;5970;;Atropelamento;;Bom;;Meio de Quadra;;Comercial;0;1;1;0;0;0;0;0;0;1;0;0;"-3;70186000000";"-38;58388900000";mq_match
365206;28;12;2020;11:30;1463;RUA ROCHA LIMA;RUA ILDEFONSO ALBANO;;;;ColisÃ£o Lateral;Luz do Dia;Bom;Seca;Cruz;Pare;Residencial;0;1;1;0;0;0;1;0;0;1;0;0;"-3;73868700000";"-38;51515700000";inter_match
365207;28;12;2020;17:00;23774;RUA GABRIEL FIUZA;RUA COM GARCIA;;;;ColisÃ£o Transversal;Anoitecer;Bom;Seca;Cruz;Pare;Residencial;0;1;1;1;0;0;0;0;0;1;0;0;"-3;78824000000";"-38;57870000000";inter_gpsv
365208;28;12;2020;14:45;0;RUA VITAL BRASIL;;;1436;;ColisÃ£o Transversal;Luz do Dia;Bom;Seca;Meio de Quadra;NÃ£o HÃ¡ Controle;Residencial;0;1;1;1;0;0;0;0;0;1;0;0;"-3;77917400000";"-38;59388400000";mq_match
365178;28;12;2020;18:30;0;RD BR 222;;;2300;KM-02;Atropelamento;Anoitecer;;;Meio de Quadra;;;0;1;1;0;1;0;0;0;0;0;0;0;"-3;74036240000";"-38;59699610000";rod_match
365211;29;12;2020;19:00;15135;AV HIS RAIMUNDO GIRAO;RUA FRANCISCO DIAS RIBEIRO;;;;ColisÃ£o Lateral;Via Iluminada;Bom;Seca;Cruz;Pare;Comercial;0;0;3;1;0;0;0;0;0;0;0;0;"-3;72402400000";"-38;50439700000";inter_match
365213;29;12;2020;13:40;0;AV FRE CIRILO;;;4186;;ColisÃ£o Traseira;Luz do Dia;Bom;Seca;Meio de Quadra;SemÃ¡foro;Comercial;0;1;1;0;0;0;0;0;0;1;0;0;"-3;82063408300";"-38;49596966700";mq_match
365214;29;12;2020;22:30;6729;RUA BENTO ALBUQUERQUE;RUA DES WALDETARIO P MOTA;;;;ColisÃ£o Transversal;;Bom;;Cruz;SemÃ¡foro;Residencial;0;0;2;1;0;0;0;0;0;0;0;0;"-3;74327400000";"-38;48468500000";inter_match
365745;29;12;2020;5:19;0;RUA MIRTES CORDEIRO;;;2348;;Queda;Amanhecer;;;Meio de Quadra;;;0;1;0;0;0;0;0;0;0;1;0;0;"-3;78513000000";"-38;61094000000";mq_gpsv
365746;29;12;2020;6:18;0;AV ALBERTO CRAVEIRO;;;;;Queda;Luz do Dia;;;Meio de Quadra;;;0;1;0;0;0;0;0;0;0;1;0;0;;;
365747;29;12;2020;6:47;5150;RUA SEN ALENCAR;RUA BAR RIO BRANCO;;;;ColisÃ£o;Luz do Dia;;;T;Pare;Comercial;0;1;1;1;0;0;0;0;0;1;0;0;"-3;72487900000";"-38;52775200000";inter_match
365748;29;12;2020;7:13;22055;RUA PDE CICERO;AV JOSE BASTOS;;;;ColisÃ£o;Luz do Dia;;;;;;0;1;1;1;0;0;0;0;0;1;0;0;"-3;74446200000";"-38;54488700000";inter_match
365749;29;12;2020;7:57;0;AV CARNEIRO DE MENDONCA;;;293;;ColisÃ£o;Luz do Dia;;;Meio de Quadra;;;0;1;1;0;0;0;0;0;0;1;0;0;"-3;76617641000";"-38;56232846000";mq_match
365750;29;12;2020;8:01;0;AV CEL CARVALHO;;;2420;;ColisÃ£o;Luz do Dia;;;Meio de Quadra;;;0;1;1;0;0;0;1;0;0;1;0;0;"-3;72388000000";"-38;58623500000";mq_qgis
365751;29;12;2020;10:05;0;AV ODILON GUIMARAES;;;3455;;ColisÃ£o;Luz do Dia;;;Meio de Quadra;;;0;1;1;1;0;0;0;0;0;1;0;0;"-3;81596812000";"-38;46995030000";mq_qgis
365752;29;12;2020;10:12;0;RUA PRO SILAS RIBEIRO;;;;;Atropelamento;Luz do Dia;;;Meio de Quadra;;;0;1;1;0;0;0;0;0;0;1;0;0;;;
365753;29;12;2020;10:36;25419;RUA JULIO ABREU;AV ALM HENRIQUE SABOIA;;;;ColisÃ£o;Luz do Dia;;;Cruz;SemÃ¡foro;Comercial;0;1;0;0;0;0;0;0;0;0;0;0;"-3;73614400000";"-38;48524500000";inter_match
365754;29;12;2020;13:01;23372;RUA FRE VIDAL;AV PONTES VIEIRA;;;;ColisÃ£o;Luz do Dia;;;T;Pare;Comercial;0;1;0;0;0;0;0;0;0;0;0;0;"-3;75328200000";"-38;51820900000";inter_match
365755;29;12;2020;13:42;0;RUA ESPIRITO SANTO;;;20;;ColisÃ£o;Luz do Dia;;;Meio de Quadra;;;0;1;1;1;0;0;0;0;0;1;0;0;"-3;74918100000";"-38;56576400000";mq_qgis
365756;29;12;2020;13:59;21620;RUA CON DE CASTRO;RUA BERNARDINO CAMPOS;;;;ColisÃ£o;Luz do Dia;;;T;SemÃ¡foro;Comercial;0;1;1;0;0;0;1;0;0;1;0;0;"-3;80103000000";"-38;58835000000";inter_match
365757;29;12;2020;14:35;0;RUA PEDRO MELO;;;74;;Queda;Luz do Dia;;;Meio de Quadra;;;0;1;0;0;0;1;0;0;0;0;0;0;"-3;74334000000";"-38;58572000000";mq_gpsv
365758;29;12;2020;15:16;0;RUA VINTE E QUATRO DE MAIO;;;2400;;ColisÃ£o;Luz do Dia;;;Meio de Quadra;;;0;1;1;1;0;0;0;0;0;1;0;0;;;
365759;29;12;2020;16:24;0;RUA ARARIUS;;;200;;ColisÃ£o;Luz do Dia;;;Meio de Quadra;;;0;1;1;0;0;0;1;0;0;1;0;0;"-3;72170070000";"-38;51383000000";mq_match
365760;29;12;2020;18:21;0;RUA NOGUEIRA CRUZ;;;708;;Atropelamento;Anoitecer;;;Meio de Quadra;;;0;1;1;1;0;0;0;0;0;0;0;0;"-3;72639000000";"-38;46818000000";mq_gpsv
365761;29;12;2020;18:40;25815;RUA ENG EDMUNDO ALMEIDA FILHO;RUA 13 DE ABRIL;;;;Queda;;;;T;NÃ£o HÃ¡ Controle;Misto;0;1;0;0;0;0;0;0;0;1;0;0;"-3;76473500000";"-38;53050500000";inter_gpsv
365762;29;12;2020;19:54;0;AV PRS CASTELO BRANCO;;;;;Atropelamento;;;;Meio de Quadra;;;0;1;1;1;0;0;0;0;0;0;0;0;;;
365763;29;12;2020;20:09;0;AV SEN FERNANDES TAVORA;;;2433;;Queda;;;;Meio de Quadra;;;0;1;0;0;0;0;0;0;0;1;0;0;"-3;75595300000";"-38;59388900000";mq_match
365764;29;12;2020;21:32;0;AV BEIRA MAR;;;;;ColisÃ£o;;;;Meio de Quadra;;;0;1;0;0;0;0;0;0;0;0;0;0;;;
364653;29;12;2020;16:40;0;RD CE-040;;;;KM-09;ColisÃ£o;Luz do Dia;;;Meio de Quadra;;;0;0;2;1;0;0;0;0;0;0;0;0;"-3;83445089700";"-38;48246582000";rod_match
365040;29;12;2020;9:00;10695;RUA MON HIPOLITO BRASIL;RUA PRO HERIBALDO COSTA;;;;ColisÃ£o Traseira;Luz do Dia;Bom;Seca;Cruz;SemÃ¡foro;Comercial;0;0;3;1;0;0;0;0;0;1;0;0;"-3;75706900000";"-38;58227500000";inter_match
365045;29;12;2020;9:15;12699;AV CEL CARVALHO;AV MAJ ASSIS;;;;ColisÃ£o;Luz do Dia;Bom;Seca;Cruz;SemÃ¡foro;Comercial;0;1;1;0;0;0;1;0;0;1;0;0;"-3;72379600000";"-38;58625500000";inter_match
365042;29;12;2020;20:00;0;RUA POMPILIO GOMES;;;;;ColisÃ£o;Via Iluminada;Bom;Seca;Meio de Quadra;SemÃ¡foro Intermitente;Comercial;0;1;1;0;0;0;0;0;0;1;0;0;;;
365043;29;12;2020;22:50;0;AV ANTONIO SALES;;;3177;;ColisÃ£o;;;;Meio de Quadra;;;0;0;3;1;0;0;0;0;0;1;0;0;"-3;74758600000";"-38;49553500000";mq_qgis
365047;29;12;2020;14:15;15099;AV BEIRA MAR;RUA JOAO CORDEIRO;;;;ColisÃ£o;Luz do Dia;Bom;Seca;T;Pare;Comercial;0;0;2;1;0;0;0;0;0;0;0;0;"-3;72025600000";"-38;51141000000";inter_match
364115;29;12;2020;19:58;14341;AV PRS CASTELO BRANCO;RUA SEN POMPEU;;;;ColisÃ£o Transversal;;;;T;NÃ£o HÃ¡ Controle;Comercial;1;0;1;1;0;1;0;0;0;0;0;0;"-3;72107000000";"-38;52791700000";inter_match
364116;29;12;2020;6:30;5150;RUA BAR RIO BRANCO;RUA SEN ALENCAR;;;;ColisÃ£o Transversal;Luz do Dia;Bom;Seca;T;Pare;Comercial;0;1;1;0;1;0;0;0;0;1;0;0;"-3;72487900000";"-38;52775200000";inter_match
365054;30;12;2020;20:00;25534;RUA CURITIBA;RUA VITORIA (AV. PERIMETRAL);;;;ColisÃ£o;Via Iluminada;Bom;Seca;Cruz;Pare;Residencial;0;1;1;0;0;0;0;0;0;1;0;0;"-3;75919000000";"-38;58536000000";inter_gpsv
365055;30;12;2020;10:50;0;AV DR SILAS MUNGUBA;;;780;;ColisÃ£o;Luz do Dia;;;Meio de Quadra;;;0;0;3;1;0;0;0;0;0;0;0;0;"-3;78052000000";"-38;55906000000";mq_gpsv
365056;30;12;2020;16:55;0;AV AGUANAMBI;;;1953;;ColisÃ£o;Luz do Dia;Bom;Seca;Meio de Quadra;NÃ£o HÃ¡ Controle;Comercial;0;1;2;1;0;0;1;0;0;1;0;0;"-3;75384400000";"-38;52345100000";mq_match
364652;30;12;2020;11:30;0;AV WASHINGTON SOARES;;;;;ColisÃ£o;Luz do Dia;;;;;;0;0;2;1;0;0;0;0;0;1;0;0;;;
365765;30;12;2020;7:04;0;AV L CJ JOSE WALTER;;;;;ColisÃ£o;Luz do Dia;;;Meio de Quadra;;;0;1;1;1;0;0;0;0;0;1;0;0;;;
365766;30;12;2020;7:18;0;RUA ALBERTO MAGNO;;;115;;ColisÃ£o;Luz do Dia;;;Meio de Quadra;;;0;1;1;0;0;0;0;0;0;1;0;0;"-3;75474000000";"-38;54105000000";mq_gpsv
365767;30;12;2020;7:29;0;AV ROGACIANO LEITE;;;1040;;ColisÃ£o;Luz do Dia;;;Meio de Quadra;;;0;1;1;0;0;0;0;0;0;1;0;0;"-3;76687000000";"-38;49672000000";mq_match
365768;30;12;2020;8:26;0;RUA PDE GUERRA;;;1350;;Queda;Luz do Dia;;;Meio de Quadra;;;0;1;0;0;0;0;0;0;0;1;0;0;"-3;73861850000";"-38;55614350000";mq_match
365769;30;12;2020;8:34;17563;RUA AMAZONAS;RUA ESPIRITO SANTO;;;;ColisÃ£o;Luz do Dia;;;Cruz;Pare;Residencial;0;1;1;1;0;0;0;0;0;1;0;0;"-3;75139100000";"-38;56721700000";inter_match
365770;30;12;2020;9:05;0;RUA EDUARDO PORTO;;;80;;ColisÃ£o;Luz do Dia;;;Meio de Quadra;;;0;1;1;1;0;0;0;0;0;1;0;0;"-3;83255295000";"-38;49616990000";mq_qgis
365771;30;12;2020;9:10;18949;RUA SILVINHA TELES D69;RUA CANGURU;;;;Atropelamento;Luz do Dia;;;;;;0;1;1;1;0;0;0;0;0;0;0;0;"-3;84841000000";"-38;52661900000";inter_match
365772;30;12;2020;10:04;0;RUA ESTADO DO RIO;;;471;;Atropelamento;Luz do Dia;;;Meio de Quadra;;;0;1;1;0;0;0;0;0;0;1;0;0;"-3;75414900000";"-38;56810600000";mq_qgis
365773;30;12;2020;10:31;0;AV GAL OSORIO DE PAIVA;;;297;;Atropelamento;Luz do Dia;;;Meio de Quadra;;;0;1;1;0;0;0;0;0;0;1;0;0;"-3;77476442000";"-38;56547390000";mq_qgis
365774;30;12;2020;10:45;0;RUA VERBENA;;;922;;ColisÃ£o;Luz do Dia;;;Meio de Quadra;;;0;1;0;0;0;0;0;0;0;0;0;0;"-3;78382000000";"-38;58959000000";mq_gpsv
365775;30;12;2020;11:13;0;AV GAL OSORIO DE PAIVA;;;7611;;ColisÃ£o;Luz do Dia;;;Meio de Quadra;;;0;1;1;1;0;0;0;0;0;1;0;0;"-3;81869300000";"-38;61557300000";mq_qgis
365776;30;12;2020;12:32;0;RUA 15 DE NOVEMBRO;;;600;;Queda;Luz do Dia;;;Meio de Quadra;;;0;1;0;0;0;0;0;0;0;1;0;0;"-3;76932000000";"-38;55471000000";mq_match
365777;30;12;2020;13:11;0;AV GAL OSORIO DE PAIVA;;;;;ColisÃ£o;Luz do Dia;;;Meio de Quadra;;;0;1;1;1;0;0;0;0;0;1;0;0;;;
365778;30;12;2020;15:35;0;AV ALANIS MARIA LAURINDO DE OLIVEIRA;;;;;ColisÃ£o;Luz do Dia;;;Meio de Quadra;;;0;1;1;1;0;0;0;0;0;1;0;0;;;
365779;30;12;2020;16:15;0;AV B CJ CEARA;;;650;;ColisÃ£o;Luz do Dia;;;Meio de Quadra;;;0;1;1;1;0;0;0;0;0;0;0;0;"-3;76739600000";"-38;60665200000";mq_match
365780;30;12;2020;16:20;0;RUA PRO LINO ENCARNACAO;;;912;;ColisÃ£o;Luz do Dia;;;Meio de Quadra;;;0;1;1;0;0;0;0;0;0;1;0;0;"-3;74354200000";"-38;56018200000";mq_qgis
365781;30;12;2020;17:04;0;RUA BAR ARACATI;;;108;;ColisÃ£o;Anoitecer;;;Meio de Quadra;;;0;1;1;1;0;0;0;0;0;1;0;0;"-3;72251000000";"-38;50866000000";mq_gpsv
365782;30;12;2020;18:00;0;RUA CEL FERRAZ;;;230;;Queda;Anoitecer;;;Meio de Quadra;;;0;1;0;0;0;0;0;0;0;1;0;0;"-3;72882586000";"-38;52351660000";mq_qgis
365783;30;12;2020;18:25;0;RUA CACILDA BECKER;;;27;;Atropelamento;Anoitecer;;;Meio de Quadra;;;0;1;1;1;0;0;0;0;0;0;0;0;"-3;77534000000";"-38;58724000000";mq_gpsv
365784;30;12;2020;18:41;0;AV PRS CASTELO BRANCO;;;3422;;Atropelamento;;;;Meio de Quadra;;;0;1;1;0;0;0;0;0;0;1;0;0;"-3;71028663000";"-38;56186100000";mq_qgis
365785;30;12;2020;18:41;0;AV PRS CASTELO BRANCO;;;3426;;ColisÃ£o;;;;Meio de Quadra;;;0;1;1;1;0;0;0;0;0;1;0;0;"-3;71027667000";"-38;56190410000";mq_qgis
365786;30;12;2020;19:10;0;RUA CEL FERRAZ;;;280;;ColisÃ£o;;;;Meio de Quadra;;;0;1;0;0;0;0;0;0;0;0;0;0;"-3;72839241000";"-38;52337960000";mq_qgis
365215;30;12;2020;8:45;13389;AV ANTONIO SALES;RUA JOAO CORDEIRO;;;;ColisÃ£o Transversal;Luz do Dia;Nublado;Molhada;Cruz;SemÃ¡foro;Comercial;0;1;1;1;0;0;0;0;0;1;0;0;"-3;74058800000";"-38;51806800000";inter_match
365216;30;12;2020;11:40;25424;AV ENG HUMBERTO MONTE;RUA URUGUAI;;;;ColisÃ£o Transversal;Luz do Dia;Bom;Seca;T;Pare;Misto;0;1;1;1;0;0;0;0;0;1;0;0;"-3;74707600000";"-38;56217100000";inter_match
365217;30;12;2020;12:55;22167;AV JOSE BASTOS;RUA TAVARES IRACEMA;;;;ColisÃ£o Traseira;Luz do Dia;Bom;Seca;T;NÃ£o HÃ¡ Controle;Comercial;0;1;1;1;0;0;0;0;0;1;0;0;"-3;75231300000";"-38;55277000000";inter_match
365179;31;12;2020;15:30;0;RD BR 116;;;3000;KM-03;ColisÃ£o Traseira;Luz do Dia;;;Meio de Quadra;;;0;1;2;1;0;0;0;0;0;1;0;0;"-3;77983800000";"-38;51437200000";rod_match
365242;31;12;2020;6:30;0;AV BEZERRA DE MENEZES;;;;;ColisÃ£o Transversal;Luz do Dia;Chuva;Molhada;Meio de Quadra;;Comercial;0;1;2;1;0;0;0;0;0;1;0;0;;;
365243;31;12;2020;11:00;26286;AV ENG AGRONOMO JOSE GUIMARAES DUQUE;RUA PEDRO LAZAR;;;;ColisÃ£o Transversal;Luz do Dia;Bom;Seca;Cruz;Pare;Residencial;0;1;1;1;0;0;0;0;0;0;0;0;"-3;80488290000";"-38;48839060000";inter_match
365244;31;12;2020;13:25;26116;RUA CON DE CASTRO;RUA ARRUDA CAMARA;;;;ColisÃ£o Frontal;Luz do Dia;Bom;Seca;T;Pare;Residencial;0;1;1;1;0;0;0;0;0;1;0;0;"-3;79252200000";"-38;58038000000";inter_match
365245;31;12;2020;17:20;21369;AV JOVITA FEITOSA;RUA CARVALHO MOTA;;;;ColisÃ£o Frontal;Luz do Dia;Bom;Seca;Cruz;Pare;Comercial;0;0;2;1;0;0;0;0;0;1;0;0;"-3;73743700000";"-38;54474800000";inter_match
365246;31;12;2020;7:45;5098;RUA CASTRO E SILVA;RUA SEN POMPEU;;;;ColisÃ£o Transversal;Luz do Dia;Bom;Seca;Cruz;SemÃ¡foro;Comercial;0;3;1;1;0;0;0;0;0;1;0;0;"-3;72346800000";"-38;52859700000";inter_match
365247;31;12;2020;12:50;22158;RUA GUSTAVO BRAGA;AV JOSE BASTOS;;;;ColisÃ£o Transversal;Luz do Dia;Bom;Seca;T;SemÃ¡foro;Comercial;0;1;1;1;0;0;0;0;0;1;0;0;"-3;75153500000";"-38;55198900000";inter_match
365787;31;12;2020;0:09;6573;AV C CJ CEARA;AV H CJ CEARA;;;;ColisÃ£o;;;;Outros;Pare;Residencial;0;1;1;1;0;0;0;0;0;1;0;0;"-3;76271100000";"-38;60954700000";inter_match
365788;31;12;2020;0:24;0;AV EDUARDO GIRAO;;;1519;;ColisÃ£o;;;;Meio de Quadra;;;0;1;1;0;0;0;0;0;0;1;0;0;"-3;75136000000";"-38;53542000000";mq_gpsv
365789;31;12;2020;0:33;0;AV MON AMARILIO RODRIGUES;;;85;;Queda;;;;Meio de Quadra;;;0;1;0;0;0;0;0;0;0;1;0;0;"-3;83523169000";"-38;52418380000";mq_qgis
365790;31;12;2020;6:39;0;RUA DEMETRIO MENEZES;;;3622;;ColisÃ£o;Luz do Dia;;;Meio de Quadra;;;0;1;2;1;0;0;0;0;0;1;0;0;"-3;73512300000";"-38;58416600000";mq_match
365791;31;12;2020;7:02;0;AV PERIMETRAL;;;;;Choque c/ ObstÃ¡culo Fixo;Luz do Dia;;;Meio de Quadra;;;0;1;0;1;0;0;0;0;0;0;0;0;;;
365792;31;12;2020;7:10;5313;RUA VINTE E QUATRO DE MAIO;RUA PEDRO I;;;;Queda;Luz do Dia;;;Cruz;Pare;Comercial;0;1;0;0;0;0;0;0;0;1;0;0;"-3;72983000000";"-38;53295200000";inter_match
365793;31;12;2020;7:27;0;RUA STA ELISA D21;;;947;;ColisÃ£o;Luz do Dia;;;Meio de Quadra;;;0;1;1;1;0;0;0;0;0;1;0;0;"-3;70561000000";"-38;56183300000";mq_qgis
365794;31;12;2020;7:40;22200;AV SGT HERMINIO SAMPAIO;RUA MAJ VERISSIMO;;;;ColisÃ£o;Luz do Dia;;;;;;0;1;1;1;0;0;0;0;0;1;0;0;"-3;72651600000";"-38;56132700000";inter_match
365795;31;12;2020;7:53;0;RUA OLIVEIRA SOBRINHO;;;185;;ColisÃ£o;Luz do Dia;;;Meio de Quadra;;;0;1;0;0;0;0;0;0;0;0;0;0;"-3;78335900000";"-38;58422700000";mq_qgis
365796;31;12;2020;8:32;0;RUA PDE ANCHIETA;;;621;;ColisÃ£o;Luz do Dia;;;Meio de Quadra;;;0;1;1;1;0;0;0;0;0;1;0;0;"-3;72541142000";"-38;55124790000";mq_qgis
365797;31;12;2020;10:00;0;RUA CON DE CASTRO;;;2648;;ColisÃ£o;Luz do Dia;;;Meio de Quadra;;;0;1;1;1;0;0;0;0;0;1;0;0;"-3;79258000000";"-38;58043700000";mq_match
365798;31;12;2020;10:14;0;RUA DOM CARLOTO TAVORA;;;636;;Capotamento;Luz do Dia;;;Meio de Quadra;;;0;1;0;1;0;0;0;0;0;0;0;0;"-3;77048889000";"-38;55447100000";mq_qgis
365799;31;12;2020;10:26;12837;AV DOMINGOS OLIMPIO;RUA JAIME BENEVOLO;;;;ColisÃ£o;Luz do Dia;;;Cruz;SemÃ¡foro;Comercial;0;1;1;1;0;1;0;0;0;0;0;0;"-3;73778000000";"-38;52724500000";inter_match
365800;31;12;2020;11:26;14698;RUA CON DE CASTRO;RUA MAJ MONTENEGRO;;;;ColisÃ£o;Luz do Dia;;;;;;0;1;0;0;0;0;0;0;0;0;0;0;"-3;79252200000";"-38;58038000000";inter_match
365801;31;12;2020;12:30;0;RD BR 116;;;3000;KM-03;ColisÃ£o;Luz do Dia;;;Meio de Quadra;;;0;1;1;1;0;1;0;0;0;0;0;0;"-3;77983800000";"-38;51437200000";rod_match
365802;31;12;2020;13:32;0;RUA BRAGA TORRES;;;665;;Atropelamento;Luz do Dia;;;Meio de Quadra;;;0;1;0;0;0;0;0;0;0;0;0;0;"-3;71704000000";"-38;54069000000";mq_gpsv
365803;31;12;2020;14:17;0;RUA PDE PEDRO DE ALENCAR;;;;;Queda;Luz do Dia;;;Meio de Quadra;;;0;1;0;0;0;0;0;0;0;1;0;0;;;
365804;31;12;2020;14:38;0;RUA BETEL;;;;;Atropelamento;Luz do Dia;;;Meio de Quadra;;;0;1;1;0;0;0;0;0;0;1;0;0;;;
365805;31;12;2020;14:52;0;AV DR THEBERGE;;;2288;;Atropelamento;Luz do Dia;;;Meio de Quadra;;;0;1;0;0;0;0;0;0;0;0;0;0;"-3;72153400000";"-38;56717800000";mq_match
365806;31;12;2020;15:04;0;AV CESAR CALS;;;540;;ColisÃ£o;Luz do Dia;;;Meio de Quadra;;;0;1;0;0;0;0;0;0;0;0;0;0;"-3;72260000000";"-38;46364100000";mq_qgis
365807;31;12;2020;16:32;0;AV PRS CASTELO BRANCO;;;;;ColisÃ£o;Luz do Dia;;;Meio de Quadra;;;0;1;1;1;0;0;0;0;0;1;0;0;;;
364651;31;12;2020;9:00;0;RD CE-040;;;;KM-06;ColisÃ£o;Luz do Dia;;;Meio de Quadra;;;0;1;1;1;0;0;0;0;0;1;0;0;"-3;80959680400";"-38;47873348000";rod_match
364844;31;12;2020;15:35;10765;RUA PRO MIRAMAR DA PONTE;RUA FLORIANOPOLIS;;;;ColisÃ£o;Luz do Dia;;;Cruz;Pare;Residencial;0;0;2;1;0;0;0;0;0;1;0;0;"-3;76161000000";"-38;58569000000";inter_gpsv
364127;31;12;2020;19:30;0;AV GODOFREDO MACIEL;;;;;Atropelamento;;;;Meio de Quadra;;;1;0;1;1;0;0;0;0;0;0;0;0;"-3;81471500000";"-38;57486400000";fat_match
364128;31;12;2020;4:30;0;RD BR 116;;;9701;VIADUTO MESSEJANA;Choque c/ ObstÃ¡culo Fixo;;;;Meio de Quadra;;;1;0;0;0;0;0;0;0;0;1;0;0;"-3;83115400000";"-38;50480300000";ref_gpsv